ID,FileDataID,TopTextureBlendSetID,BotTextureBlendSetID,ModX,InnerRadius,OuterRadius,Rim,Gain,Flags,Scale,FadeIn,FadeOut,Priority,BlendMode,GameFlags,CasterDecalPropertiesID,ArbitraryBoxHeight,Field_9_0_1_33978_018,Field_9_0_1_33978_019,Field_9_0_1_33978_020[0],Field_9_0_1_33978_020[1],Field_9_0_1_33978_020[2],Field_9_0_1_33978_020[3],Field_9_0_1_33978_021[0],Field_9_0_1_33978_021[1],Field_9_0_1_33978_021[2],Field_9_0_1_33978_021[3]
1,166363,0,0,1,0.6,1,0.5,6,9,1,0.5,0.5,0,0,0,0,10,1344,1344,1.0067596,-0.9999695,-0.0018005371,-0.0105896,1.0067596,-0.9999695,-0.0018005371,-0.0105896
2,165818,0,0,1,0.6,1,0.5,6,9,1,0.5,0.5,0,0,0,0,10,1344,1344,1.0067596,-0.9999695,-0.0018005371,-0.0105896,1.0067596,-0.9999695,-0.0018005371,-0.0105896
7,980743,0,0,1,0.6,1,0.5,20,9,1,0.5,0.5,0,0,0,0,10,1344,1344,1.0067596,-0.9999695,-0.0018005371,-0.0105896,1.0067596,-0.9999695,-0.0018005371,-0.0105896
8,980743,1,2,4,0.8,1.2,0.5,2,9,1,0.5,0.5,0,0,0,0,10,1344,1344,1.0067596,-0.9999695,-0.0018005371,-0.0105896,1.0067596,-0.9999695,-0.0018005371,-0.0105896
9,0,39,40,3,5,7,30,1,1,1,0.5,2,25,0,0,0,10,1344,1344,1.0067596,-0.9999695,-0.0018005371,-0.0105896,1.0067596,-0.9999695,-0.0018005371,-0.0105896
10,0,4,3,4,0.5,0.5,0,3,0,1,0.5,0.5,75,0,0,0,10,1344,1344,1.0067596,-0.9999695,-0.0018005371,-0.0105896,1.0067596,-0.9999695,-0.0018005371,-0.0105896
11,0,33,34,1.5,2,0.25,0.3,4,0,1,1,1,75,0,0,0,10,1344,1344,1.0067596,-0.9999695,-0.0018005371,-0.0105896,1.0067596,-0.9999695,-0.0018005371,-0.0105896
13,0,29,30,4,2,2,-2,4,0,1,0.5,0.5,75,0,0,0,10,1344,1344,1.0067596,-0.9999695,-0.0018005371,-0.0105896,1.0067596,-0.9999695,-0.0018005371,-0.0105896
14,0,12,11,4,3,3,-3,5,0,1,0.2,0.5,75,0,0,0,10,1344,1344,1.0067596,-0.9999695,-0.0018005371,-0.0105896,1.0067596,-0.9999695,-0.0018005371,-0.0105896
16,0,4,3,1,1,1.3,1,10,8,1,0.5,0.5,0,0,0,0,10,1344,1344,1.0067596,-0.9999695,-0.0018005371,-0.0105896,1.0067596,-0.9999695,-0.0018005371,-0.0105896
17,0,33,34,4,1.24,1,1,1,0,1,0.25,1,75,0,0,0,10,1344,1344,1.0067596,-0.9999695,-0.0018005371,-0.0105896,1.0067596,-0.9999695,-0.0018005371,-0.0105896
18,0,13,14,4,0.5,1.5,0.5,4,8,1,0.5,0.5,0,0,0,0,10,1344,1344,1.0067596,-0.9999695,-0.0018005371,-0.0105896,1.0067596,-0.9999695,-0.0018005371,-0.0105896
19,0,15,16,4,0.5,1.5,0.5,4,8,1,0.5,0.5,0,0,0,0,10,1344,1344,1.0067596,-0.9999695,-0.0018005371,-0.0105896,1.0067596,-0.9999695,-0.0018005371,-0.0105896
20,0,33,34,4,0.5,1.5,0.5,4,8,1,0.5,0.5,0,0,0,0,10,1344,1344,1.0067596,-0.9999695,-0.0018005371,-0.0105896,1.0067596,-0.9999695,-0.0018005371,-0.0105896
21,0,4,3,4,0.5,1.5,0.5,4,9,1,0.5,0.5,0,0,0,0,10,1344,1344,1.0067596,-0.9999695,-0.0018005371,-0.0105896,1.0067596,-0.9999695,-0.0018005371,-0.0105896
22,0,17,18,4,0.5,1,-1,2,0,1,0.5,2,75,0,0,0,15,1344,1344,1.0067596,-0.9999695,-0.0018005371,-0.0105896,1.0067596,-0.9999695,-0.0018005371,-0.0105896
23,0,19,20,4,0.6,1.3,0.4,4,8,1,1,1,0,0,0,0,10,1344,1344,1.0067596,-0.9999695,-0.0018005371,-0.0105896,1.0067596,-0.9999695,-0.0018005371,-0.0105896
24,0,21,25,4,0.5,0.5,0,4,0,1,0.5,0.5,75,0,0,0,10,1344,1344,1.0067596,-0.9999695,-0.0018005371,-0.0105896,1.0067596,-0.9999695,-0.0018005371,-0.0105896
25,0,22,26,4,0.5,0.5,0,4,0,1,0.5,0.5,75,0,0,0,10,1344,1344,1.0067596,-0.9999695,-0.0018005371,-0.0105896,1.0067596,-0.9999695,-0.0018005371,-0.0105896
26,0,23,27,4,0.5,0.5,0,4,0,1,0.5,0.5,75,0,0,0,10,1344,1344,1.0067596,-0.9999695,-0.0018005371,-0.0105896,1.0067596,-0.9999695,-0.0018005371,-0.0105896
27,0,24,28,4,0.5,0.5,0,4,0,1,0.5,0.5,75,0,0,0,10,1344,1344,1.0067596,-0.9999695,-0.0018005371,-0.0105896,1.0067596,-0.9999695,-0.0018005371,-0.0105896
28,0,29,31,4,0.7,1.1,0.6,4,9,1,0.5,0.5,0,0,0,0,10,1344,1344,1.0067596,-0.9999695,-0.0018005371,-0.0105896,1.0067596,-0.9999695,-0.0018005371,-0.0105896
29,0,400,401,3,0.5,1.3,0.5,1,1,1,0.5,2,100,1,0,0,10,1344,1344,1.0067596,-0.9999695,-0.0018005371,-0.0105896,1.0067596,-0.9999695,-0.0018005371,-0.0105896
30,0,32,0,4,0.7,1.3,0.5,4,9,1,0.5,0.5,0,0,0,0,10,1344,1344,1.0067596,-0.9999695,-0.0018005371,-0.0105896,1.0067596,-0.9999695,-0.0018005371,-0.0105896
31,0,35,36,4,0.35,1.25,0.25,1.33,8,1,0,0,0,0,0,0,10,1344,1344,1.0067596,-0.9999695,-0.0018005371,-0.0105896,1.0067596,-0.9999695,-0.0018005371,-0.0105896
32,0,19,26,4,0.6,1,0.4,4,8,1,0.5,0.5,75,0,0,0,10,1344,1344,1.0067596,-0.9999695,-0.0018005371,-0.0105896,1.0067596,-0.9999695,-0.0018005371,-0.0105896
33,0,536,535,4,0.5,1.5,0.5,4,9,1,0.3,0.5,0,0,0,0,10,1344,1344,1.0067596,-0.9999695,-0.0018005371,-0.0105896,1.0067596,-0.9999695,-0.0018005371,-0.0105896
34,0,33,34,4,0.7,1.5,1,1,10,0.5,0.2,2,0,0,0,0,10,1344,1344,1.0067596,-0.9999695,-0.0018005371,-0.0105896,1.0067596,-0.9999695,-0.0018005371,-0.0105896
35,0,4,3,4,0.3,1.5,0.5,3,8,1,0.5,0.5,0,0,0,0,10,1344,1344,1.0067596,-0.9999695,-0.0018005371,-0.0105896,1.0067596,-0.9999695,-0.0018005371,-0.0105896
36,0,29,30,1,0.9,1.2,0.3,3,8,1,0.5,0.5,0,0,0,0,10,1344,1344,1.0067596,-0.9999695,-0.0018005371,-0.0105896,1.0067596,-0.9999695,-0.0018005371,-0.0105896
38,0,43,44,1,0.8,1.5,0.3,1,0,1,0.5,0.5,0,0,0,0,10,1344,1344,1.0067596,-0.9999695,-0.0018005371,-0.0105896,1.0067596,-0.9999695,-0.0018005371,-0.0105896
39,0,495,496,4,0.5,0.5,0.2,2,4,1,1,1,0,0,0,0,10,1344,1344,1.0067596,-0.9999695,-0.0018005371,-0.0105896,1.0067596,-0.9999695,-0.0018005371,-0.0105896
42,0,460,461,4,0.2,0.75,0.1,1,8,1,8,8,0,0,0,0,10,1344,1344,1.0067596,-0.9999695,-0.0018005371,-0.0105896,1.0067596,-0.9999695,-0.0018005371,-0.0105896
43,0,19,20,4,0.3,0.65,0.4,1,8,1,2,6,0,0,0,0,10,1344,1344,1.0067596,-0.9999695,-0.0018005371,-0.0105896,1.0067596,-0.9999695,-0.0018005371,-0.0105896
44,0,29,30,1,1,1.05,1,4,8,1,0.5,2,75,0,0,0,10,1344,1344,1.0067596,-0.9999695,-0.0018005371,-0.0105896,1.0067596,-0.9999695,-0.0018005371,-0.0105896
45,0,17,18,4,0.5,1.3,0.5,5,8,1,1,1,75,0,0,0,10,1344,1344,1.0067596,-0.9999695,-0.0018005371,-0.0105896,1.0067596,-0.9999695,-0.0018005371,-0.0105896
46,0,4,3,4,0.4,1.05,0.75,4,8,1,0.5,0.5,75,0,0,0,10,1344,1344,1.0067596,-0.9999695,-0.0018005371,-0.0105896,1.0067596,-0.9999695,-0.0018005371,-0.0105896
47,0,45,395,4,0.9,1.1,0.5,6,9,1,0.1,2,25,0,0,0,10,1344,1344,1.0067596,-0.9999695,-0.0018005371,-0.0105896,1.0067596,-0.9999695,-0.0018005371,-0.0105896
48,0,29,30,4,0.85,1.15,0.75,2,8,1,2,2,75,0,0,0,10,1344,1344,1.0067596,-0.9999695,-0.0018005371,-0.0105896,1.0067596,-0.9999695,-0.0018005371,-0.0105896
49,0,22,26,4,0.5,1.1,0.5,4,8,1,0.5,0.5,75,0,0,0,10,1344,1344,1.0067596,-0.9999695,-0.0018005371,-0.0105896,1.0067596,-0.9999695,-0.0018005371,-0.0105896
50,0,48,49,3,1,1.5,0.5,10,8,1,0.5,0.5,75,0,0,0,10,1344,1344,1.0067596,-0.9999695,-0.0018005371,-0.0105896,1.0067596,-0.9999695,-0.0018005371,-0.0105896
51,0,50,0,4,0.9,1.1,0.5,4,11,0.5,0.3,0.5,0,0,0,0,10,1344,1344,1.0067596,-0.9999695,-0.0018005371,-0.0105896,1.0067596,-0.9999695,-0.0018005371,-0.0105896
53,0,33,34,4,0.1,1.15,0.2,8,10,1,0.8,0.8,0,0,0,0,10,1344,1344,1.0067596,-0.9999695,-0.0018005371,-0.0105896,1.0067596,-0.9999695,-0.0018005371,-0.0105896
54,0,33,34,4,0.1,1.15,0.2,8,10,1,0.5,0.5,0,0,0,0,10,1344,1344,1.0067596,-0.9999695,-0.0018005371,-0.0105896,1.0067596,-0.9999695,-0.0018005371,-0.0105896
55,0,17,18,4,0.5,1.3,0.5,5,8,1,1,1,75,0,0,0,10,1344,1344,1.0067596,-0.9999695,-0.0018005371,-0.0105896,1.0067596,-0.9999695,-0.0018005371,-0.0105896
56,0,22,26,4,0.5,0.5,0,4,0,1,0.5,0.5,25,0,0,0,10,1344,1344,1.0067596,-0.9999695,-0.0018005371,-0.0105896,1.0067596,-0.9999695,-0.0018005371,-0.0105896
57,0,4,3,4,0.5,0.5,0,4,0,1,0.5,0.5,25,0,0,0,10,1344,1344,1.0067596,-0.9999695,-0.0018005371,-0.0105896,1.0067596,-0.9999695,-0.0018005371,-0.0105896
58,0,21,25,4,0.5,0.5,0.5,4,0,1,0.5,0.5,25,0,0,0,10,1344,1344,1.0067596,-0.9999695,-0.0018005371,-0.0105896,1.0067596,-0.9999695,-0.0018005371,-0.0105896
59,0,17,18,4,5,1.5,-1,3,0,1,1,1,75,0,0,0,10,1344,1344,1.0067596,-0.9999695,-0.0018005371,-0.0105896,1.0067596,-0.9999695,-0.0018005371,-0.0105896
60,0,35,36,4,0.35,1.3,0.15,5,8,1,0.5,0.5,0,0,0,0,10,1344,1344,1.0067596,-0.9999695,-0.0018005371,-0.0105896,1.0067596,-0.9999695,-0.0018005371,-0.0105896
62,0,404,0,4,0.5,1.5,0.5,4,0,1,0.5,0.5,75,0,0,0,10,1344,1344,1.0067596,-0.9999695,-0.0018005371,-0.0105896,1.0067596,-0.9999695,-0.0018005371,-0.0105896
63,0,13,14,4,1,1,0.33,1.2,2,1,0.5,0.5,0,0,0,0,10,1344,1344,1.0067596,-0.9999695,-0.0018005371,-0.0105896,1.0067596,-0.9999695,-0.0018005371,-0.0105896
64,0,399,0,4,3,10,0,4,0,1,0.5,1.5,75,0,0,0,10,1344,1344,1.0067596,-0.9999695,-0.0018005371,-0.0105896,1.0067596,-0.9999695,-0.0018005371,-0.0105896
65,0,23,27,4,0.5,0.5,0,4,0,1,0.5,0.5,25,0,0,0,10,1344,1344,1.0067596,-0.9999695,-0.0018005371,-0.0105896,1.0067596,-0.9999695,-0.0018005371,-0.0105896
66,0,0,0,1,0,0,0,0,8,1,0,0,0,0,0,0,10,1344,1344,1.0067596,-0.9999695,-0.0018005371,-0.0105896,1.0067596,-0.9999695,-0.0018005371,-0.0105896
67,0,409,410,4,0.5,1.5,0.5,4,8,1,0.5,0.5,75,0,0,0,10,1344,1344,1.0067596,-0.9999695,-0.0018005371,-0.0105896,1.0067596,-0.9999695,-0.0018005371,-0.0105896
68,0,411,412,4,0.5,1.5,0.5,1,8,1,0.5,0.5,75,0,0,0,10,1344,1344,1.0067596,-0.9999695,-0.0018005371,-0.0105896,1.0067596,-0.9999695,-0.0018005371,-0.0105896
70,0,0,526,4,-0.6,1.7,0,4,10,1,1,2,50,0,0,0,10,1344,1344,1.0067596,-0.9999695,-0.0018005371,-0.0105896,1.0067596,-0.9999695,-0.0018005371,-0.0105896
71,0,19,20,4,0.6,1.05,0.4,1,10,1,2,2,25,0,0,0,10,1344,1344,1.0067596,-0.9999695,-0.0018005371,-0.0105896,1.0067596,-0.9999695,-0.0018005371,-0.0105896
72,0,13,14,4,0.5,1.05,0.5,4,8,1,1,1,0,0,0,0,10,1344,1344,1.0067596,-0.9999695,-0.0018005371,-0.0105896,1.0067596,-0.9999695,-0.0018005371,-0.0105896
73,0,39,40,3,1,5,30,1,1,1,0.5,2,25,0,0,0,10,1344,1344,1.0067596,-0.9999695,-0.0018005371,-0.0105896,1.0067596,-0.9999695,-0.0018005371,-0.0105896
74,0,39,40,3,5,7,30,1,0,1,0.5,2,25,0,0,0,10,1344,1344,1.0067596,-0.9999695,-0.0018005371,-0.0105896,1.0067596,-0.9999695,-0.0018005371,-0.0105896
80,0,406,407,3,6,2,30,0.5,1,1,0.5,2,25,0,0,0,10,1344,1344,1.0067596,-0.9999695,-0.0018005371,-0.0105896,1.0067596,-0.9999695,-0.0018005371,-0.0105896
81,0,22,26,4,0.5,1.25,0.5,3,8,1,0.5,0.5,75,0,0,0,10,1344,1344,1.0067596,-0.9999695,-0.0018005371,-0.0105896,1.0067596,-0.9999695,-0.0018005371,-0.0105896
82,0,531,474,4,0.5,0.5,0.25,1.5,2,1,0.5,1.5,75,0,0,0,10,1344,1344,1.0067596,-0.9999695,-0.0018005371,-0.0105896,1.0067596,-0.9999695,-0.0018005371,-0.0105896
83,0,39,40,3,1,1,4,1,1,1,0.5,2,25,0,0,0,10,1344,1344,1.0067596,-0.9999695,-0.0018005371,-0.0105896,1.0067596,-0.9999695,-0.0018005371,-0.0105896
84,0,22,26,4,1,1.25,0,2,0,1,0.5,0.5,75,0,0,0,10,1344,1344,1.0067596,-0.9999695,-0.0018005371,-0.0105896,1.0067596,-0.9999695,-0.0018005371,-0.0105896
85,0,13,14,4,0.5,1.1,0.5,4,8,1,1,0.3,0,0,0,0,10,1344,1344,1.0067596,-0.9999695,-0.0018005371,-0.0105896,1.0067596,-0.9999695,-0.0018005371,-0.0105896
86,0,24,28,4,0.5,0.5,0,1.5,2,1,0.5,0.5,75,0,0,0,10,1344,1344,1.0067596,-0.9999695,-0.0018005371,-0.0105896,1.0067596,-0.9999695,-0.0018005371,-0.0105896
87,0,501,469,1,1,0.5,-0.5,2,2,1,0.5,2,75,0,0,0,10,1344,1344,1.0067596,-0.9999695,-0.0018005371,-0.0105896,1.0067596,-0.9999695,-0.0018005371,-0.0105896
88,0,39,40,3,0.75,1.3,0.5,5,15,1,0.5,2,0,0,0,0,10,1344,1344,1.0067596,-0.9999695,-0.0018005371,-0.0105896,1.0067596,-0.9999695,-0.0018005371,-0.0105896
89,0,29,30,4,2,2,-2,2,0,1,0.5,0.5,75,0,0,0,10,1344,1344,1.0067596,-0.9999695,-0.0018005371,-0.0105896,1.0067596,-0.9999695,-0.0018005371,-0.0105896
90,0,0,3,4,2,1,-1,1,0,1,0.5,0.5,75,0,0,0,10,1344,1344,1.0067596,-0.9999695,-0.0018005371,-0.0105896,1.0067596,-0.9999695,-0.0018005371,-0.0105896
91,0,468,469,4,2,2,-0.5,2,0,1,0.5,0.5,75,0,0,0,10,1344,1344,1.0067596,-0.9999695,-0.0018005371,-0.0105896,1.0067596,-0.9999695,-0.0018005371,-0.0105896
92,0,432,433,4,0.1,1.5,0,25,8,1,1,1,75,0,0,0,10,1344,1344,1.0067596,-0.9999695,-0.0018005371,-0.0105896,1.0067596,-0.9999695,-0.0018005371,-0.0105896
93,0,4,3,4,0.5,1.25,0.5,2,8,1,0.5,1,75,0,0,0,10,1344,1344,1.0067596,-0.9999695,-0.0018005371,-0.0105896,1.0067596,-0.9999695,-0.0018005371,-0.0105896
95,0,4,3,4,0.4,1.1,0.75,2,8,1,0.5,0.5,75,0,0,0,10,1344,1344,1.0067596,-0.9999695,-0.0018005371,-0.0105896,1.0067596,-0.9999695,-0.0018005371,-0.0105896
96,0,39,40,3,5,7,18,1,1,1,0.5,2,25,0,0,0,10,1344,1344,1.0067596,-0.9999695,-0.0018005371,-0.0105896,1.0067596,-0.9999695,-0.0018005371,-0.0105896
97,0,39,40,3,5,7,10,1,1,1,0.5,2,25,0,0,0,10,1344,1344,1.0067596,-0.9999695,-0.0018005371,-0.0105896,1.0067596,-0.9999695,-0.0018005371,-0.0105896
98,0,22,26,4,0.5,0.5,0,4,2,1,0.5,0.5,75,0,0,0,10,1344,1344,1.0067596,-0.9999695,-0.0018005371,-0.0105896,1.0067596,-0.9999695,-0.0018005371,-0.0105896
99,0,39,40,3,2,2,4,1,1,1,0.5,2,25,0,0,0,10,1344,1344,1.0067596,-0.9999695,-0.0018005371,-0.0105896,1.0067596,-0.9999695,-0.0018005371,-0.0105896
100,0,39,40,3,3,4,7,1,1,1,0.5,2,25,0,0,0,10,1344,1344,1.0067596,-0.9999695,-0.0018005371,-0.0105896,1.0067596,-0.9999695,-0.0018005371,-0.0105896
101,0,21,25,1,0.7,1.25,0.1,1,0,1,2.5,1,0,0,0,0,10,1344,1344,1.0067596,-0.9999695,-0.0018005371,-0.0105896,1.0067596,-0.9999695,-0.0018005371,-0.0105896
104,0,816,816,4,0,0,0.1,1,1,1,5,3,0,0,0,0,10,1344,1344,1.0067596,-0.9999695,-0.0018005371,-0.0105896,1.0067596,-0.9999695,-0.0018005371,-0.0105896
105,0,35,18,4,0.5,0.5,0.5,1,6,1,0.5,2,75,0,0,0,10,1344,1344,1.0067596,-0.9999695,-0.0018005371,-0.0105896,1.0067596,-0.9999695,-0.0018005371,-0.0105896
106,0,6,6,4,0.7,1.1,0.2,0.75,8,1,1,0.5,125,0,0,0,10,1344,1344,1.0067596,-0.9999695,-0.0018005371,-0.0105896,1.0067596,-0.9999695,-0.0018005371,-0.0105896
107,0,0,0,3,3,4,7,1,16,1,0.5,2,25,0,0,0,10,1344,1344,1.0067596,-0.9999695,-0.0018005371,-0.0105896,1.0067596,-0.9999695,-0.0018005371,-0.0105896
108,0,484,485,4,0.5,1.5,0.5,4,12,1,1,1,75,1,0,0,10,1344,1344,1.0067596,-0.9999695,-0.0018005371,-0.0105896,1.0067596,-0.9999695,-0.0018005371,-0.0105896
109,0,39,40,3,1,1,2,0.75,1,1,1,5,25,0,0,0,10,1344,1344,1.0067596,-0.9999695,-0.0018005371,-0.0105896,1.0067596,-0.9999695,-0.0018005371,-0.0105896
110,0,0,0,3,5,5,10,1,16,1,0.5,2,25,0,0,0,10,1344,1344,1.0067596,-0.9999695,-0.0018005371,-0.0105896,1.0067596,-0.9999695,-0.0018005371,-0.0105896
111,0,489,488,4,0.5,1.5,0.5,1,8,1,1,1,75,1,0,0,10,1344,1344,1.0067596,-0.9999695,-0.0018005371,-0.0105896,1.0067596,-0.9999695,-0.0018005371,-0.0105896
112,0,486,487,4,0.5,1.5,0.5,1,8,1,1,1,75,0,0,0,10,1344,1344,1.0067596,-0.9999695,-0.0018005371,-0.0105896,1.0067596,-0.9999695,-0.0018005371,-0.0105896
113,0,39,40,3,4,3,5,1,1,1,1,2,25,0,0,0,10,1344,1344,1.0067596,-0.9999695,-0.0018005371,-0.0105896,1.0067596,-0.9999695,-0.0018005371,-0.0105896
114,0,486,487,1,0.8,1.2,0.4,3,8,1,0.5,2,75,0,0,0,10,1344,1344,1.0067596,-0.9999695,-0.0018005371,-0.0105896,1.0067596,-0.9999695,-0.0018005371,-0.0105896
115,0,0,494,4,0.9,1.08,0.1,3,10,1,1,1,75,0,0,0,10,1344,1344,1.0067596,-0.9999695,-0.0018005371,-0.0105896,1.0067596,-0.9999695,-0.0018005371,-0.0105896
116,0,0,498,4,0.9,1.02,0.1,3,10,1,1,1,75,0,0,0,10,1344,1344,1.0067596,-0.9999695,-0.0018005371,-0.0105896,1.0067596,-0.9999695,-0.0018005371,-0.0105896
117,0,0,496,4,0.9,1.02,0.1,3,10,1,1,1,75,0,0,0,10,1344,1344,1.0067596,-0.9999695,-0.0018005371,-0.0105896,1.0067596,-0.9999695,-0.0018005371,-0.0105896
118,0,39,40,3,0.3,1.1,0.2,1.5,11,1,0.2,2,0,0,0,0,10,1344,1344,1.0067596,-0.9999695,-0.0018005371,-0.0105896,1.0067596,-0.9999695,-0.0018005371,-0.0105896
119,0,486,487,1,0.9,1,0.1,1,0,1,2.5,1,0,0,0,0,10,1344,1344,1.0067596,-0.9999695,-0.0018005371,-0.0105896,1.0067596,-0.9999695,-0.0018005371,-0.0105896
120,0,35,469,4,0.35,1.25,0.25,1.33,0,1,0,0,0,0,0,0,10,1344,1344,1.0067596,-0.9999695,-0.0018005371,-0.0105896,1.0067596,-0.9999695,-0.0018005371,-0.0105896
121,0,489,488,4,0.7,1.1,0.1,1,0,1,1,1,75,1,0,0,10,1344,1344,1.0067596,-0.9999695,-0.0018005371,-0.0105896,1.0067596,-0.9999695,-0.0018005371,-0.0105896
122,0,484,485,4,0.5,1.1,0.5,4,12,1,1,1,75,1,0,0,10,1344,1344,1.0067596,-0.9999695,-0.0018005371,-0.0105896,1.0067596,-0.9999695,-0.0018005371,-0.0105896
123,0,39,40,3,1,3,10,1,1,1,0.5,2,25,0,0,0,10,1344,1344,1.0067596,-0.9999695,-0.0018005371,-0.0105896,1.0067596,-0.9999695,-0.0018005371,-0.0105896
124,0,39,40,3,1,1,0,1,0,1,1,0.5,0,0,0,0,10,1344,1344,1.0067596,-0.9999695,-0.0018005371,-0.0105896,1.0067596,-0.9999695,-0.0018005371,-0.0105896
125,0,39,40,3,0.1,1.1,0.5,2,15,1,0.2,2,0,0,0,0,10,1344,1344,1.0067596,-0.9999695,-0.0018005371,-0.0105896,1.0067596,-0.9999695,-0.0018005371,-0.0105896
127,0,0,0,1,1,1,0.33,1.2,0,1,0.5,0.5,0,0,0,0,10,1344,1344,1.0067596,-0.9999695,-0.0018005371,-0.0105896,1.0067596,-0.9999695,-0.0018005371,-0.0105896
128,0,506,507,4,0.5,1.5,0.5,1,4,1,0.5,0.5,75,0,0,0,10,1344,1344,1.0067596,-0.9999695,-0.0018005371,-0.0105896,1.0067596,-0.9999695,-0.0018005371,-0.0105896
129,0,39,40,3,1,1,0,1,1,1,0.5,2,25,0,0,0,10,1344,1344,1.0067596,-0.9999695,-0.0018005371,-0.0105896,1.0067596,-0.9999695,-0.0018005371,-0.0105896
130,0,40,40,3,1,2,3,1.5,0,1,1,0.5,0,0,0,0,10,1344,1344,1.0067596,-0.9999695,-0.0018005371,-0.0105896,1.0067596,-0.9999695,-0.0018005371,-0.0105896
131,0,504,505,1,0.8,1.3,0.25,0.5,8,1,0.5,0.5,0,0,0,0,10,1344,1344,1.0067596,-0.9999695,-0.0018005371,-0.0105896,1.0067596,-0.9999695,-0.0018005371,-0.0105896
132,0,22,26,4,0.5,1.5,0.5,2,0,1,0.5,0.5,75,0,0,0,10,1344,1344,1.0067596,-0.9999695,-0.0018005371,-0.0105896,1.0067596,-0.9999695,-0.0018005371,-0.0105896
133,0,509,509,4,0.7,1.1,0.5,6,9,1,0.5,2,25,0,0,0,10,1344,1344,1.0067596,-0.9999695,-0.0018005371,-0.0105896,1.0067596,-0.9999695,-0.0018005371,-0.0105896
134,0,510,511,1,1,1,0.1,5,0,1,0.5,2,75,0,0,0,10,1344,1344,1.0067596,-0.9999695,-0.0018005371,-0.0105896,1.0067596,-0.9999695,-0.0018005371,-0.0105896
135,0,13,14,4,0.5,1.2,0.5,3,14,1,0.2,2,0,0,0,0,10,1344,1344,1.0067596,-0.9999695,-0.0018005371,-0.0105896,1.0067596,-0.9999695,-0.0018005371,-0.0105896
136,0,515,516,1,5,0.5,-0.5,2,2,1,0.25,1,0,0,0,0,10,1344,1344,1.0067596,-0.9999695,-0.0018005371,-0.0105896,1.0067596,-0.9999695,-0.0018005371,-0.0105896
137,0,35,36,4,0.35,1.3,0.15,5,8,1,0.5,5,0,0,0,0,10,1344,1344,1.0067596,-0.9999695,-0.0018005371,-0.0105896,1.0067596,-0.9999695,-0.0018005371,-0.0105896
138,0,495,496,4,0.5,0.5,0.2,2,4,1,3,1,0,0,0,0,10,1344,1344,1.0067596,-0.9999695,-0.0018005371,-0.0105896,1.0067596,-0.9999695,-0.0018005371,-0.0105896
139,0,402,402,4,1,4,1,1,0,1,1,1,75,0,0,0,10,1344,1344,1.0067596,-0.9999695,-0.0018005371,-0.0105896,1.0067596,-0.9999695,-0.0018005371,-0.0105896
140,0,13,14,4,1,1,0.1,1.2,1,1,0.5,0.5,0,0,0,0,10,1344,1344,1.0067596,-0.9999695,-0.0018005371,-0.0105896,1.0067596,-0.9999695,-0.0018005371,-0.0105896
141,0,522,523,4,0.9,1.1,0.5,1,9,1,0.5,0.5,25,0,0,0,10,1344,1344,1.0067596,-0.9999695,-0.0018005371,-0.0105896,1.0067596,-0.9999695,-0.0018005371,-0.0105896
142,0,524,525,3,0.9,1.1,0.5,1,9,1,0.5,0.5,25,0,0,0,10,1344,1344,1.0067596,-0.9999695,-0.0018005371,-0.0105896,1.0067596,-0.9999695,-0.0018005371,-0.0105896
143,0,521,547,4,2,1.2,-0.5,1.5,2,1,0.25,0.5,75,0,0,0,10,1344,1344,1.0067596,-0.9999695,-0.0018005371,-0.0105896,1.0067596,-0.9999695,-0.0018005371,-0.0105896
144,0,496,496,4,0.85,1,0.6,0.55,10,1,0.5,0.5,75,0,0,0,10,1344,1344,1.0067596,-0.9999695,-0.0018005371,-0.0105896,1.0067596,-0.9999695,-0.0018005371,-0.0105896
145,0,0,496,4,0.9,1.02,0.1,0.7,10,1,0.5,0.5,75,0,0,0,10,1344,1344,1.0067596,-0.9999695,-0.0018005371,-0.0105896,1.0067596,-0.9999695,-0.0018005371,-0.0105896
146,0,0,0,3,1,2,2,1,16,1,0.5,2,25,0,0,0,10,1344,1344,1.0067596,-0.9999695,-0.0018005371,-0.0105896,1.0067596,-0.9999695,-0.0018005371,-0.0105896
147,0,35,36,4,0.35,1.25,0.25,1.33,8,1,0.5,3,0,0,0,0,10,1344,1344,1.0067596,-0.9999695,-0.0018005371,-0.0105896,1.0067596,-0.9999695,-0.0018005371,-0.0105896
148,0,39,40,3,5,5,-4.5,10,2,1,0.5,2,75,0,0,0,10,1344,1344,1.0067596,-0.9999695,-0.0018005371,-0.0105896,1.0067596,-0.9999695,-0.0018005371,-0.0105896
149,0,0,527,4,0.9,1.02,0,2.5,10,1,0.8,0.25,75,1,0,0,10,1344,1344,1.0067596,-0.9999695,-0.0018005371,-0.0105896,1.0067596,-0.9999695,-0.0018005371,-0.0105896
150,0,0,528,4,0.9,1.02,0.1,3,10,1,2,2,75,1,0,0,10,1344,1344,1.0067596,-0.9999695,-0.0018005371,-0.0105896,1.0067596,-0.9999695,-0.0018005371,-0.0105896
151,0,39,40,4,2,1,1,1,0,1,1,0.5,0,0,0,0,10,1344,1344,1.0067596,-0.9999695,-0.0018005371,-0.0105896,1.0067596,-0.9999695,-0.0018005371,-0.0105896
152,0,39,40,3,1,1,1,1,1,1,0.5,2,25,0,0,0,10,1344,1344,1.0067596,-0.9999695,-0.0018005371,-0.0105896,1.0067596,-0.9999695,-0.0018005371,-0.0105896
153,0,13,14,4,1,1,0.33,1.2,0,1,0.5,0.5,0,0,0,0,10,1344,1344,1.0067596,-0.9999695,-0.0018005371,-0.0105896,1.0067596,-0.9999695,-0.0018005371,-0.0105896
154,0,13,14,4,1,1,0.33,1.2,0,1,0.5,0.5,0,0,0,0,10,1344,1344,1.0067596,-0.9999695,-0.0018005371,-0.0105896,1.0067596,-0.9999695,-0.0018005371,-0.0105896
155,0,22,26,4,0.8,0.5,0.8,1,0,1,0.5,0.5,75,0,0,0,10,1344,1344,1.0067596,-0.9999695,-0.0018005371,-0.0105896,1.0067596,-0.9999695,-0.0018005371,-0.0105896
156,0,486,496,4,0.5,0.5,0.25,0.75,2,1,0.5,0.5,75,0,0,0,10,1344,1344,1.0067596,-0.9999695,-0.0018005371,-0.0105896,1.0067596,-0.9999695,-0.0018005371,-0.0105896
157,0,20,20,4,1,1,0,1,0,1,0.25,0.25,0,0,0,0,10,1344,1344,1.0067596,-0.9999695,-0.0018005371,-0.0105896,1.0067596,-0.9999695,-0.0018005371,-0.0105896
158,0,460,461,4,0.2,0.75,0.1,1,8,1,8,8,0,0,0,0,10,1344,1344,1.0067596,-0.9999695,-0.0018005371,-0.0105896,1.0067596,-0.9999695,-0.0018005371,-0.0105896
159,0,0,529,4,0.9,1.02,0.1,3,8,1,0.5,0.5,75,0,0,0,10,1344,1344,1.0067596,-0.9999695,-0.0018005371,-0.0105896,1.0067596,-0.9999695,-0.0018005371,-0.0105896
160,0,22,26,4,0.1,0.5,0.25,1.33,0,1,0.5,0.5,75,0,0,0,10,1344,1344,1.0067596,-0.9999695,-0.0018005371,-0.0105896,1.0067596,-0.9999695,-0.0018005371,-0.0105896
161,0,17,18,4,5,1.5,-1,3,0,1,1,1,75,1,0,0,10,1344,1344,1.0067596,-0.9999695,-0.0018005371,-0.0105896,1.0067596,-0.9999695,-0.0018005371,-0.0105896
162,0,532,533,4,0.7,1.2,0.5,1.5,12,1,1,1,75,0,0,0,10,1344,1344,1.0067596,-0.9999695,-0.0018005371,-0.0105896,1.0067596,-0.9999695,-0.0018005371,-0.0105896
164,0,545,546,4,0.5,0.5,0.2,2,4,1,1,1,0,0,0,0,10,1344,1344,1.0067596,-0.9999695,-0.0018005371,-0.0105896,1.0067596,-0.9999695,-0.0018005371,-0.0105896
165,0,0,494,4,0.9,1.08,0.1,2,10,1,0.3,1,75,0,0,0,10,1344,1344,1.0067596,-0.9999695,-0.0018005371,-0.0105896,1.0067596,-0.9999695,-0.0018005371,-0.0105896
166,0,0,474,4,0.5,0.5,-0.5,1.5,2,1,3,0.5,75,0,0,0,10,1344,1344,1.0067596,-0.9999695,-0.0018005371,-0.0105896,1.0067596,-0.9999695,-0.0018005371,-0.0105896
167,0,506,507,4,0.5,1.5,0.5,1,4,1,0.5,0.5,75,0,0,0,10,1344,1344,1.0067596,-0.9999695,-0.0018005371,-0.0105896,1.0067596,-0.9999695,-0.0018005371,-0.0105896
168,0,22,26,4,0.5,1.5,0.5,2,0,1,0.5,0.5,75,0,0,0,10,1344,1344,1.0067596,-0.9999695,-0.0018005371,-0.0105896,1.0067596,-0.9999695,-0.0018005371,-0.0105896
169,0,21,25,1,0.7,1.25,0.1,0.5,0,1,1.5,0.5,0,0,0,0,10,1344,1344,1.0067596,-0.9999695,-0.0018005371,-0.0105896,1.0067596,-0.9999695,-0.0018005371,-0.0105896
170,0,13,14,4,0.5,1.5,1.25,4,8,1,0.5,0.5,0,0,0,0,10,1344,1344,1.0067596,-0.9999695,-0.0018005371,-0.0105896,1.0067596,-0.9999695,-0.0018005371,-0.0105896
171,0,4,547,4,0.5,1,-0.5,1,2,1,0.5,0.5,75,2,0,0,10,1344,1344,1.0067596,-0.9999695,-0.0018005371,-0.0105896,1.0067596,-0.9999695,-0.0018005371,-0.0105896
172,0,0,574,4,0.5,1.3,0.5,10,8,1,0.5,0.5,75,1,0,0,10,1344,1344,1.0067596,-0.9999695,-0.0018005371,-0.0105896,1.0067596,-0.9999695,-0.0018005371,-0.0105896
173,0,0,474,4,0.9,1.02,0.1,0.5,10,1,1,1,75,0,0,0,10,1344,1344,1.0067596,-0.9999695,-0.0018005371,-0.0105896,1.0067596,-0.9999695,-0.0018005371,-0.0105896
174,0,488,489,4,1,1,0,0.75,2,1,0.35,0.5,75,0,0,0,10,1344,1344,1.0067596,-0.9999695,-0.0018005371,-0.0105896,1.0067596,-0.9999695,-0.0018005371,-0.0105896
175,0,582,583,4,0.8,1.2,0.4,0.75,10,1,1,1,75,0,0,0,10,1344,1344,1.0067596,-0.9999695,-0.0018005371,-0.0105896,1.0067596,-0.9999695,-0.0018005371,-0.0105896
176,0,486,487,4,0.5,1.5,0.5,1,8,1,1,1,75,0,0,0,10,1344,1344,1.0067596,-0.9999695,-0.0018005371,-0.0105896,1.0067596,-0.9999695,-0.0018005371,-0.0105896
177,0,495,496,4,0.5,0.5,0.2,2,4,1,1,1,0,0,0,0,10,1344,1344,1.0067596,-0.9999695,-0.0018005371,-0.0105896,1.0067596,-0.9999695,-0.0018005371,-0.0105896
178,0,557,558,4,0.5,1.4,0.6,3,2,1,0.05,0.4,75,0,0,0,10,1344,1344,1.0067596,-0.9999695,-0.0018005371,-0.0105896,1.0067596,-0.9999695,-0.0018005371,-0.0105896
179,0,536,535,4,0.6,1.4,0.5,2,9,1,0.3,0.5,0,0,0,0,10,1344,1344,1.0067596,-0.9999695,-0.0018005371,-0.0105896,1.0067596,-0.9999695,-0.0018005371,-0.0105896
180,0,559,560,4,0.6,1.4,0.5,1,9,1,0.3,0.5,0,0,0,0,10,1344,1344,1.0067596,-0.9999695,-0.0018005371,-0.0105896,1.0067596,-0.9999695,-0.0018005371,-0.0105896
181,0,39,40,3,0.75,1.5,1,0.9,1,1,0.5,2,25,0,0,0,10,1344,1344,1.0067596,-0.9999695,-0.0018005371,-0.0105896,1.0067596,-0.9999695,-0.0018005371,-0.0105896
182,0,493,494,4,0.7,1.1,0.1,1,0,1,1,0.5,75,0,0,0,10,1344,1344,1.0067596,-0.9999695,-0.0018005371,-0.0105896,1.0067596,-0.9999695,-0.0018005371,-0.0105896
183,0,432,405,4,1,1.5,1,2,8,1,1,1,75,0,0,0,10,1344,1344,1.0067596,-0.9999695,-0.0018005371,-0.0105896,1.0067596,-0.9999695,-0.0018005371,-0.0105896
184,0,0,593,4,0.7,1.05,0.01,1,10,1,1,1,75,0,0,0,10,1344,1344,1.0067596,-0.9999695,-0.0018005371,-0.0105896,1.0067596,-0.9999695,-0.0018005371,-0.0105896
185,0,411,412,4,0.8,1,0.07,2,9,1,2,2,75,0,0,0,10,1344,1344,1.0067596,-0.9999695,-0.0018005371,-0.0105896,1.0067596,-0.9999695,-0.0018005371,-0.0105896
186,0,484,485,4,0.5,1.5,0.5,1,12,1,1,1,75,1,0,0,10,1344,1344,1.0067596,-0.9999695,-0.0018005371,-0.0105896,1.0067596,-0.9999695,-0.0018005371,-0.0105896
187,0,484,485,4,0.5,1.1,0.5,4,12,1,1,1,75,1,0,0,10,1344,1344,1.0067596,-0.9999695,-0.0018005371,-0.0105896,1.0067596,-0.9999695,-0.0018005371,-0.0105896
188,0,521,547,4,2,1.2,0.5,1.5,2,1,0.5,0.5,75,0,0,0,10,1344,1344,1.0067596,-0.9999695,-0.0018005371,-0.0105896,1.0067596,-0.9999695,-0.0018005371,-0.0105896
189,0,566,566,4,0.9,1,0.25,1,2,1,1,1,75,0,0,0,10,1344,1344,1.0067596,-0.9999695,-0.0018005371,-0.0105896,1.0067596,-0.9999695,-0.0018005371,-0.0105896
190,0,567,568,4,0.75,1,0.6,1,8,1,0.2,0.5,75,0,0,0,10,1344,1344,1.0067596,-0.9999695,-0.0018005371,-0.0105896,1.0067596,-0.9999695,-0.0018005371,-0.0105896
191,0,569,570,4,0.6,2,0.7,20,8,1,1,1,75,0,0,0,10,1344,1344,1.0067596,-0.9999695,-0.0018005371,-0.0105896,1.0067596,-0.9999695,-0.0018005371,-0.0105896
192,0,571,572,4,0.6,2,0.7,20,8,1,1,1,75,2,0,0,10,1344,1344,1.0067596,-0.9999695,-0.0018005371,-0.0105896,1.0067596,-0.9999695,-0.0018005371,-0.0105896
193,0,567,523,4,1,0.1,0.6,0.66,0,1,0.2,0.5,75,0,0,0,10,1344,1344,1.0067596,-0.9999695,-0.0018005371,-0.0105896,1.0067596,-0.9999695,-0.0018005371,-0.0105896
194,0,575,576,4,0.5,1.2,0.5,1,12,1,0.1,1,75,2,0,0,10,1344,1344,1.0067596,-0.9999695,-0.0018005371,-0.0105896,1.0067596,-0.9999695,-0.0018005371,-0.0105896
195,0,411,412,4,0.8,1,0.07,2,9,1,2,2,75,0,0,0,10,1344,1344,1.0067596,-0.9999695,-0.0018005371,-0.0105896,1.0067596,-0.9999695,-0.0018005371,-0.0105896
196,0,35,36,4,0.35,1.3,0.15,5,8,1,0.5,0.5,0,0,0,0,10,1344,1344,1.0067596,-0.9999695,-0.0018005371,-0.0105896,1.0067596,-0.9999695,-0.0018005371,-0.0105896
197,0,4,28,4,0.5,0.5,0,0.35,0,1,0.5,0.5,75,0,0,0,10,1344,1344,1.0067596,-0.9999695,-0.0018005371,-0.0105896,1.0067596,-0.9999695,-0.0018005371,-0.0105896
198,0,4,547,4,0.5,5,0.5,1,10,1,0.5,0.5,75,2,0,0,10,1344,1344,1.0067596,-0.9999695,-0.0018005371,-0.0105896,1.0067596,-0.9999695,-0.0018005371,-0.0105896
199,0,585,586,4,0.5,1.3,0.5,1,0,1,0.5,2,75,0,0,0,10,1344,1344,1.0067596,-0.9999695,-0.0018005371,-0.0105896,1.0067596,-0.9999695,-0.0018005371,-0.0105896
200,0,591,592,4,0.5,0.5,0,3,0,1,0.5,0.5,75,2,0,0,10,1344,1344,1.0067596,-0.9999695,-0.0018005371,-0.0105896,1.0067596,-0.9999695,-0.0018005371,-0.0105896
201,0,595,596,4,0.95,1.01,0.5,1,12,1,0.4,1,75,2,0,0,2,1344,1344,1.0067596,-0.9999695,-0.0018005371,-0.0105896,1.0067596,-0.9999695,-0.0018005371,-0.0105896
202,0,597,598,1,1,1,1,0.6,0,1,1,1,75,0,0,0,10,1344,1344,1.0067596,-0.9999695,-0.0018005371,-0.0105896,1.0067596,-0.9999695,-0.0018005371,-0.0105896
203,0,493,494,1,0.9,0.5,0.1,3,0,1,0.5,0.5,75,2,0,0,10,1344,1344,1.0067596,-0.9999695,-0.0018005371,-0.0105896,1.0067596,-0.9999695,-0.0018005371,-0.0105896
204,0,595,596,4,0.45,1.2,0.45,1,12,1,0.2,1,75,2,0,0,10,1344,1344,1.0067596,-0.9999695,-0.0018005371,-0.0105896,1.0067596,-0.9999695,-0.0018005371,-0.0105896
205,0,495,496,4,0.5,0.5,0.2,2,4,1,3,1,0,0,0,0,10,1344,1344,1.0067596,-0.9999695,-0.0018005371,-0.0105896,1.0067596,-0.9999695,-0.0018005371,-0.0105896
206,0,599,547,4,2,1.2,0.5,1.5,2,1,0.25,1,50,0,0,0,10,1344,1344,1.0067596,-0.9999695,-0.0018005371,-0.0105896,1.0067596,-0.9999695,-0.0018005371,-0.0105896
207,0,35,36,4,0.35,1.1,0.25,1.33,8,1,0,0,0,0,0,0,10,1344,1344,1.0067596,-0.9999695,-0.0018005371,-0.0105896,1.0067596,-0.9999695,-0.0018005371,-0.0105896
208,0,604,605,4,0.45,1.2,0.45,1,12,1,0.4,1,75,2,0,0,10,1344,1344,1.0067596,-0.9999695,-0.0018005371,-0.0105896,1.0067596,-0.9999695,-0.0018005371,-0.0105896
209,0,618,619,4,0.8,1.1,0.3,1,8,1,0.1,1,75,2,0,0,10,1344,1344,1.0067596,-0.9999695,-0.0018005371,-0.0105896,1.0067596,-0.9999695,-0.0018005371,-0.0105896
210,0,618,619,3,0.5,1.3,0.5,1,1,1,0.5,2,75,0,0,0,10,1344,1344,1.0067596,-0.9999695,-0.0018005371,-0.0105896,1.0067596,-0.9999695,-0.0018005371,-0.0105896
211,0,611,612,4,0.95,1.01,0.5,1,12,1,0.4,1,75,2,0,0,10,1344,1344,1.0067596,-0.9999695,-0.0018005371,-0.0105896,1.0067596,-0.9999695,-0.0018005371,-0.0105896
212,0,4,3,4,0.5,0.5,0.1,0.5,2,1,1,1,75,0,0,0,10,1344,1344,1.0067596,-0.9999695,-0.0018005371,-0.0105896,1.0067596,-0.9999695,-0.0018005371,-0.0105896
213,0,22,26,4,0.5,1.25,0.5,3,10,1,0.5,0.5,75,0,0,0,10,1344,1344,1.0067596,-0.9999695,-0.0018005371,-0.0105896,1.0067596,-0.9999695,-0.0018005371,-0.0105896
214,0,620,621,4,0.85,1,0.6,0.5,10,1,0.1,0.5,75,2,0,0,10,1344,1344,0.99380016,-0.9915619,-0.0043640137,-0.008544922,0.99380016,-0.9915619,-0.0043640137,-0.008544922
215,0,622,623,1,0.3,1,0.5,0.8,2,1,0.5,1.5,0,0,0,0,10,1344,1344,1.0067596,-0.9999695,-0.0018005371,-0.0105896,1.0067596,-0.9999695,-0.0018005371,-0.0105896
216,0,629,630,4,0.8,1.1,0.3,1,8,1,1,1,75,2,0,0,10,1344,1344,1.0067596,-0.9999695,-0.0018005371,-0.0105896,1.0067596,-0.9999695,-0.0018005371,-0.0105896
217,0,631,632,4,0.5,0.5,0,1,0,1,0.5,0.5,75,2,0,0,10,1344,1344,1.0067596,-0.9999695,-0.0018005371,-0.0105896,1.0067596,-0.9999695,-0.0018005371,-0.0105896
218,0,4,3,4,1,8,1,1,0,1,0.5,0.5,25,0,0,0,10,1344,1344,1.0067596,-0.9999695,-0.0018005371,-0.0105896,1.0067596,-0.9999695,-0.0018005371,-0.0105896
219,0,35,36,4,0.35,1.25,0.25,1.33,8,1,0.5,0.5,0,0,0,0,10,1344,1344,1.0067596,-0.9999695,-0.0018005371,-0.0105896,1.0067596,-0.9999695,-0.0018005371,-0.0105896
220,0,493,494,4,0.7,1.1,0.1,0.4,0,1,1,0.5,75,0,0,0,10,1344,1344,1.0067596,-0.9999695,-0.0018005371,-0.0105896,1.0067596,-0.9999695,-0.0018005371,-0.0105896
221,0,633,634,4,0.7,1.1,0.1,1,0,1,1,0.5,75,0,0,0,10,1344,1344,1.0067596,-0.9999695,-0.0018005371,-0.0105896,1.0067596,-0.9999695,-0.0018005371,-0.0105896
222,0,582,583,4,0.8,1.2,0.4,0.85,2,1,1,1,75,0,0,0,10,1344,1344,1.0067596,-0.9999695,-0.0018005371,-0.0105896,1.0067596,-0.9999695,-0.0018005371,-0.0105896
223,0,404,0,4,0.5,1.5,0.5,4,0,1,0.5,0.5,75,1,0,0,10,1344,1344,1.0067596,-0.9999695,-0.0018005371,-0.0105896,1.0067596,-0.9999695,-0.0018005371,-0.0105896
224,0,636,637,4,0.35,1.25,0.25,0.7,8,1,1,1,0,0,0,0,10,1344,1344,1.0067596,-0.9999695,-0.0018005371,-0.0105896,1.0067596,-0.9999695,-0.0018005371,-0.0105896
225,0,656,657,4,1.24,1,1,1,18,1,0.25,1,75,0,0,0,10,1344,1344,1.0067596,-0.9999695,-0.0018005371,-0.0105896,1.0067596,-0.9999695,-0.0018005371,-0.0105896
226,0,29,30,4,4,4,0,4,0,1,0.5,0.5,75,0,0,0,10,1344,1344,1.0067596,-0.9999695,-0.0018005371,-0.0105896,1.0067596,-0.9999695,-0.0018005371,-0.0105896
227,0,4,28,4,0.5,0.5,0,0.35,0,1,1,0.5,75,0,0,0,10,1344,1344,1.0067596,-0.9999695,-0.0018005371,-0.0105896,1.0067596,-0.9999695,-0.0018005371,-0.0105896
228,0,486,487,4,0.5,1,0.5,1,8,1,1,1,75,0,0,0,10,1344,1344,1.0067596,-0.9999695,-0.0018005371,-0.0105896,1.0067596,-0.9999695,-0.0018005371,-0.0105896
229,0,656,657,4,1.24,1,1,1,2,1,0.25,1,75,0,0,0,10,1344,1344,1.0067596,-0.9999695,-0.0018005371,-0.0105896,1.0067596,-0.9999695,-0.0018005371,-0.0105896
231,0,660,661,4,1.24,1,1,1,2,1,0.25,1,75,2,0,0,10,1344,1344,1.0067596,-0.9999695,-0.0018005371,-0.0105896,1.0067596,-0.9999695,-0.0018005371,-0.0105896
232,0,664,665,4,1.24,1,1,1,2,1,0.25,1,75,0,0,0,10,1344,1344,1.0067596,-0.9999695,-0.0018005371,-0.0105896,1.0067596,-0.9999695,-0.0018005371,-0.0105896
332,0,411,412,4,0.8,1,0.07,2,9,1,2,2,75,0,0,0,10,1344,1344,1.0067596,-0.9999695,-0.0018005371,-0.0105896,1.0067596,-0.9999695,-0.0018005371,-0.0105896
333,0,515,516,4,5,5,-5,4,19,1,3,0.5,0,0,0,0,10,1344,1344,1.0067596,-0.9999695,-0.0018005371,-0.0105896,1.0067596,-0.9999695,-0.0018005371,-0.0105896
334,0,766,767,4,0.2,1,0.6,2,8,1,0.2,0.5,75,0,0,0,10,1344,1344,1.0067596,-0.9999695,-0.0018005371,-0.0105896,1.0067596,-0.9999695,-0.0018005371,-0.0105896
335,0,0,0,1,0,0,0,0,0,1,0,0,0,0,0,210,10,1344,1344,1.0067596,-0.9999695,-0.0018005371,-0.0105896,1.0067596,-0.9999695,-0.0018005371,-0.0105896
336,0,778,779,4,2,2,-3.5,5,3,1,0.1,2,25,0,0,0,10,1344,1344,1.0067596,-0.9999695,-0.0018005371,-0.0105896,1.0067596,-0.9999695,-0.0018005371,-0.0105896
337,0,4,3,4,0.3,1.15,0.5,3,8,1,0.5,0.5,0,0,0,0,10,1344,1344,1.0067596,-0.9999695,-0.0018005371,-0.0105896,1.0067596,-0.9999695,-0.0018005371,-0.0105896
338,0,656,657,4,1.1,0.8,0.25,0.8,2,1,0.25,1,75,0,0,0,10,1344,1344,1.0067596,-0.9999695,-0.0018005371,-0.0105896,1.0067596,-0.9999695,-0.0018005371,-0.0105896
339,0,803,804,4,0.3,1.15,0.5,3,8,1,0.5,0.5,0,2,0,0,10,1344,1344,1.0067596,-0.9999695,-0.0018005371,-0.0105896,1.0067596,-0.9999695,-0.0018005371,-0.0105896
340,0,484,485,4,0.5,1.5,0.5,4,12,1,1,1,75,1,0,0,10,1344,1344,1.0067596,-0.9999695,-0.0018005371,-0.0105896,1.0067596,-0.9999695,-0.0018005371,-0.0105896
341,0,23,27,4,8,1,0.2,2,0,1,0.5,0.5,75,0,0,0,10,1344,1344,1.0067596,-0.9999695,-0.0018005371,-0.0105896,1.0067596,-0.9999695,-0.0018005371,-0.0105896
342,0,778,779,4,2,2,-3.5,5,3,1,0.1,2,25,0,0,0,10,1344,1344,1.0067596,-0.9999695,-0.0018005371,-0.0105896,1.0067596,-0.9999695,-0.0018005371,-0.0105896
343,0,29,30,4,0.1,1.5,1,4,0,1,0.5,0.5,75,0,0,0,10,1344,1344,1.0067596,-0.9999695,-0.0018005371,-0.0105896,1.0067596,-0.9999695,-0.0018005371,-0.0105896
344,0,29,30,4,2,2,-2,4,2,1,0.5,0.5,75,0,0,0,10,1344,1344,1.0067596,-0.9999695,-0.0018005371,-0.0105896,1.0067596,-0.9999695,-0.0018005371,-0.0105896
345,0,812,813,1,0.7,1.25,0.1,0.6,0,1,0.4,1,0,2,0,0,10,1344,1344,1.0067596,-0.9999695,-0.0018005371,-0.0105896,1.0067596,-0.9999695,-0.0018005371,-0.0105896
346,0,0,526,4,-0.6,1.7,0,2,10,1,1,2,50,0,0,0,10,1344,1344,1.0067596,-0.9999695,-0.0018005371,-0.0105896,1.0067596,-0.9999695,-0.0018005371,-0.0105896
347,0,824,825,4,0.5,0.5,0,0.7,0,1,0.5,0.5,75,0,0,0,10,1344,1344,1.0067596,-0.9999695,-0.0018005371,-0.0105896,1.0067596,-0.9999695,-0.0018005371,-0.0105896
348,0,0,819,4,2,2,-2,4,0,1,0.5,0.5,75,2,0,0,10,16286,16287,0,0,0,0,0,0,0,0
349,0,820,821,1,0.7,1.25,0.1,1,0,1,2.5,1,0,0,0,0,10,1344,1344,1.0067596,-0.9999695,-0.0018005371,-0.0105896,1.0067596,-0.9999695,-0.0018005371,-0.0105896
350,0,818,819,4,2,2,-2,4,2,1,0.5,0.5,75,2,0,0,10,1344,1344,1.0067596,-0.9999695,-0.0018005371,-0.0105896,1.0067596,-0.9999695,-0.0018005371,-0.0105896
351,0,822,823,4,1,0.4,0.2,4,0,1,0.25,0.75,75,2,0,0,10,1344,1344,1.0067596,-0.9999695,-0.0018005371,-0.0105896,1.0067596,-0.9999695,-0.0018005371,-0.0105896
352,0,1066,1067,3,0.5,1.1,0.8,1,40,1,0.25,0.5,25,0,0,0,10,1344,1344,0.99380016,-0.9915619,-0.0043640137,-0.008544922,0.99380016,-0.9915619,-0.0043640137,-0.008544922
353,0,833,834,4,0.25,1,0.5,4,0,1,0.25,0.5,75,0,0,0,1,37054,37055,1.0454917,9.568954,-48.88211,38.19693,1.0082586,8.371002,-38.64096,29.23108
354,0,856,0,1,2,2,-2,0.6,0,1,0.5,0.5,75,2,0,0,100,1344,1344,1.0067596,-0.9999695,-0.0018005371,-0.0105896,1.0067596,-0.9999695,-0.0018005371,-0.0105896
355,0,486,487,4,0.5,1.1,0,3,8,1,2,0.1,0,1,0,0,10,1344,1344,1.0067596,-0.9999695,-0.0018005371,-0.0105896,1.0067596,-0.9999695,-0.0018005371,-0.0105896
356,0,871,872,4,0.8,1.2,0.3,1,10,1,0.2,2,0,0,0,0,25,1344,1344,1.0067596,-0.9999695,-0.0018005371,-0.0105896,1.0067596,-0.9999695,-0.0018005371,-0.0105896
357,0,860,860,4,3,3,0.1,1,22,1,1,1,0,0,0,0,20,1344,1344,1.0067596,-0.9999695,-0.0018005371,-0.0105896,1.0067596,-0.9999695,-0.0018005371,-0.0105896
358,0,13,14,4,0.5,1.1,0.5,3,10,1,0.1,0.25,0,0,0,0,10,1344,1344,1.0067596,-0.9999695,-0.0018005371,-0.0105896,1.0067596,-0.9999695,-0.0018005371,-0.0105896
359,0,818,819,4,0.7,1.1,0.6,4,9,1,0.5,0.5,75,1,0,0,10,1344,1344,1.0067596,-0.9999695,-0.0018005371,-0.0105896,1.0067596,-0.9999695,-0.0018005371,-0.0105896
360,0,618,619,4,0.8,1.1,0.3,1,8,1,0.1,1,0,2,0,0,10,1344,1344,1.0067596,-0.9999695,-0.0018005371,-0.0105896,1.0067596,-0.9999695,-0.0018005371,-0.0105896
361,0,24,28,4,0.3,1.15,0.5,3,8,1,0.5,0.5,0,0,0,0,10,1344,1344,1.0067596,-0.9999695,-0.0018005371,-0.0105896,1.0067596,-0.9999695,-0.0018005371,-0.0105896
362,0,531,474,4,0.5,0.5,0.25,0.75,2,1,3,1.5,75,0,0,0,50,1344,1344,1.0067596,-0.9999695,-0.0018005371,-0.0105896,1.0067596,-0.9999695,-0.0018005371,-0.0105896
363,0,865,866,4,1.24,1,0.5,1,18,1,0.25,1,75,0,0,0,10,1344,1344,1.0067596,-0.9999695,-0.0018005371,-0.0105896,1.0067596,-0.9999695,-0.0018005371,-0.0105896
364,0,868,869,4,1,1,0.1,1,0,1,0.25,0.5,75,0,0,0,10,1344,1344,0.9998522,-0.9853821,-0.011016846,0.006866455,0.9998522,-0.9853821,-0.011016846,0.006866455
365,0,871,872,4,0.5,1,0.4,2,9,1,0.5,1,75,0,0,0,10,16288,16289,0.7537317,-0.74871826,-0.0011749268,-0.008056641,1.0067596,-0.9999695,-0.0018005371,-0.0105896
366,0,874,873,4,0.6,1,0.3,1,9,1,0.5,1,75,0,0,0,10,1344,1344,1.0067596,-0.9999695,-0.0018005371,-0.0105896,1.0067596,-0.9999695,-0.0018005371,-0.0105896
367,0,876,877,4,0.5,1,0.6,1,9,1,0.5,1,75,0,0,0,10,1344,1344,1.0067596,-0.9999695,-0.0018005371,-0.0105896,1.0067596,-0.9999695,-0.0018005371,-0.0105896
368,0,812,813,1,0.7,1.25,-1.3,0.6,0,1,0.4,1,0,2,0,0,10,1344,1344,1.0067596,-0.9999695,-0.0018005371,-0.0105896,1.0067596,-0.9999695,-0.0018005371,-0.0105896
369,0,812,813,1,0.1,1,1,1,8,1,0.4,1,0,2,0,0,10,1344,1344,1.0067596,-0.9999695,-0.0018005371,-0.0105896,1.0067596,-0.9999695,-0.0018005371,-0.0105896
370,0,871,923,4,0.8,1,0.07,2,9,1,4.25,0.5,75,0,0,0,10,1344,1344,1.0067596,-0.9999695,-0.0018005371,-0.0105896,1.0067596,-0.9999695,-0.0018005371,-0.0105896
371,0,778,779,4,2,2,-3.5,5,3,1,0.1,2,25,0,0,0,10,1344,1344,1.0067596,-0.9999695,-0.0018005371,-0.0105896,1.0067596,-0.9999695,-0.0018005371,-0.0105896
372,0,949,950,4,1.24,1,1,1,2,1,0.25,1,100,2,0,0,10,16284,16285,1.0067596,-0.9999695,-0.0018005371,-0.0105896,1.0067596,-0.9999695,-0.0018005371,-0.0105896
373,0,17,18,4,0.5,0.65,0.8,1.2,0,1,0.5,2,75,0,0,0,10,1344,1344,1.0067596,-0.9999695,-0.0018005371,-0.0105896,1.0067596,-0.9999695,-0.0018005371,-0.0105896
374,0,29,30,4,2,1.2,-2,4,0,1,0.5,0.5,75,0,0,0,10,1344,1344,1.0067596,-0.9999695,-0.0018005371,-0.0105896,1.0067596,-0.9999695,-0.0018005371,-0.0105896
375,0,903,904,1,12,0,0,20,18,1,0.25,1,150,0,0,0,10,1344,1344,1.0067596,-0.9999695,-0.0018005371,-0.0105896,1.0067596,-0.9999695,-0.0018005371,-0.0105896
376,0,0,0,1,0,0,0,0,0,1,0,0,0,0,0,375,10,1344,1344,1.0067596,-0.9999695,-0.0018005371,-0.0105896,1.0067596,-0.9999695,-0.0018005371,-0.0105896
377,0,917,918,4,1,1,1,0.7,0,1,0.25,1,75,0,0,0,10,1344,1344,1.0067596,-0.9999695,-0.0018005371,-0.0105896,1.0067596,-0.9999695,-0.0018005371,-0.0105896
378,0,876,877,4,0.5,1,0.9,1,9,1,1,1,75,0,0,0,10,16373,16374,1.0067596,-0.9999695,-0.0018005371,-0.0105896,1.0067596,-0.9999695,-0.0018005371,-0.0105896
379,0,928,929,4,0.1,1.5,0.1,2,8,1,0.3,1,0,2,0,0,10,1344,1344,1.0067596,-0.9999695,-0.0018005371,-0.0105896,1.0067596,-0.9999695,-0.0018005371,-0.0105896
380,0,922,923,4,0.6,1.2,0.6,1,9,1,0.5,1,75,0,0,0,10,1344,1344,1.0067596,-0.9999695,-0.0018005371,-0.0105896,1.0067596,-0.9999695,-0.0018005371,-0.0105896
381,0,933,934,4,0.7,1.5,1,1,2,1,0.2,2,0,0,0,0,10,1344,1344,1.0067596,-0.9999695,-0.0018005371,-0.0105896,1.0067596,-0.9999695,-0.0018005371,-0.0105896
382,0,868,869,4,0.2,1,0.25,1,8,1,1,3,75,0,0,0,10,1344,1344,1.0067596,-0.9999695,-0.0018005371,-0.0105896,1.0067596,-0.9999695,-0.0018005371,-0.0105896
383,0,0,819,4,2,2,-2,4,0,1,0.5,0.5,75,2,0,0,10,1344,1344,1.0067596,-0.9999695,-0.0018005371,-0.0105896,1.0067596,-0.9999695,-0.0018005371,-0.0105896
385,0,876,877,4,0.1,1,0.9,1,9,1,0.5,1,75,0,0,0,10,1344,1344,1.0067596,-0.9999695,-0.0018005371,-0.0105896,1.0067596,-0.9999695,-0.0018005371,-0.0105896
387,0,45,395,4,0.9,1.01,0.1,1,1,1,0.1,2,25,0,0,0,10,1344,1344,1.0067596,-0.9999695,-0.0018005371,-0.0105896,1.0067596,-0.9999695,-0.0018005371,-0.0105896
388,0,510,511,1,0.5,0.2,0.2,3,0,1,0.5,2,75,0,0,0,10,1344,1344,1.0067596,-0.9999695,-0.0018005371,-0.0105896,1.0067596,-0.9999695,-0.0018005371,-0.0105896
389,0,868,869,4,0.8,1,0.07,2,9,1,6,0.15,75,0,0,0,10,1344,1344,1.0067596,-0.9999695,-0.0018005371,-0.0105896,1.0067596,-0.9999695,-0.0018005371,-0.0105896
390,0,1078,1079,1,0.6,1.4,1,0.7,40,1,2.5,1,0,0,0,0,10,1344,1344,0.99380016,-0.9915619,-0.0043640137,-0.008544922,0.99380016,-0.9915619,-0.0043640137,-0.008544922
391,0,876,877,4,0.8,1,0.07,2,1,1,2.5,0.5,75,0,0,0,10,16282,16283,1.0067596,-0.9999695,-0.0018005371,-0.0105896,1.0067596,-0.9999695,-0.0018005371,-0.0105896
393,0,868,869,4,0.6,0.2,0.1,0.75,0,1,0.5,0.5,75,0,0,0,10,1344,1344,1.0067596,-0.9999695,-0.0018005371,-0.0105896,1.0067596,-0.9999695,-0.0018005371,-0.0105896
394,0,958,959,4,0.5,1,0.6,1,9,1,0.5,0.5,75,2,0,0,10,1344,1344,1.0067596,-0.9999695,-0.0018005371,-0.0105896,1.0067596,-0.9999695,-0.0018005371,-0.0105896
399,0,1007,1008,4,1,0.4,0.2,4,0,1,0.5,0.5,0,2,0,0,10,16257,16258,1.006649,-0.98353577,-0.0019836426,-0.010528564,1.0067596,-0.9999695,-0.0018005371,-0.0105896
400,0,0,20,4,0.3,1,0.4,1,8,1,0.5,0.5,0,0,0,0,10,16275,16276,0,0,0,0,0,0,0,0
401,0,871,872,4,2,2,-2,2,1,1,0.5,1,75,2,0,0,10,16288,16289,0.7537317,-0.74871826,-0.0011749268,-0.008056641,1.0067596,-0.9999695,-0.0018005371,-0.0105896
404,0,871,872,4,2,2,-2,2,16,1,0.5,1,75,2,0,0,10,16288,16289,0.7537317,-0.74871826,-0.0011749268,-0.008056641,1.0067596,-0.9999695,-0.0018005371,-0.0105896
405,0,595,0,1,0.5,0.5,0.5,1,7,1,0.05,0.05,150,0,0,0,10,1344,1344,0.9998522,-0.9853821,-0.011016846,0.006866455,0.9998522,-0.9853821,-0.011016846,0.006866455
406,0,0,931,1,0.9,1,1,1,6,1,0.25,0.25,150,0,0,0,10,1344,1344,0.9998522,-0.9853821,-0.011016846,0.006866455,0.9998522,-0.9853821,-0.011016846,0.006866455
407,0,510,854,1,0.4,1.1,0.8,1,42,1,0.25,1,0,2,0,0,10,1344,1344,0.99380016,-0.9915619,-0.0043640137,-0.008544922,0.99380016,-0.9915619,-0.0043640137,-0.008544922
408,0,495,496,4,1,0,0.2,1,4,1,3,1,0,0,0,0,10,16549,16550,0,0,0,0,0,0,0,0
410,0,949,950,4,1.24,1,1,1,2,1,0.25,1,100,2,0,0,10,16284,16285,1.0067596,-0.9999695,-0.0018005371,-0.0105896,1.0067596,-0.9999695,-0.0018005371,-0.0105896
413,0,1045,1046,4,0.6,1.1,0.8,0.7,40,1,0.5,0.5,75,0,0,0,10,1344,1344,0.99380016,-0.9915619,-0.0043640137,-0.008544922,0.99380016,-0.9915619,-0.0043640137,-0.008544922
414,0,999,1000,4,0.7,1.1,0.4,1.1,8,1,0.25,0.5,75,0,0,0,10,1344,1344,1.0067596,-0.9999695,-0.0018005371,-0.0105896,1.0067596,-0.9999695,-0.0018005371,-0.0105896
415,0,822,823,4,1,0.4,0.2,4,0,1,0.25,0.75,75,2,0,0,10,1344,1344,1.0067596,-0.9999695,-0.0018005371,-0.0105896,1.0067596,-0.9999695,-0.0018005371,-0.0105896
416,0,1026,1027,4,0.4,1.1,0.8,1,42,1,0.25,1,75,2,0,0,10,1344,1344,0.99380016,-0.9915619,-0.0043640137,-0.008544922,0.99380016,-0.9915619,-0.0043640137,-0.008544922
417,0,0,1011,4,0.5,1,0.4,2,8,1,0.5,0.5,75,0,0,0,10,1344,1344,1.0067596,-0.9999695,-0.0018005371,-0.0105896,1.0067596,-0.9999695,-0.0018005371,-0.0105896
418,0,501,469,1,1,0.5,-0.5,2,2,1,0.5,2,75,0,0,0,10,1344,1344,1.0067596,-0.9999695,-0.0018005371,-0.0105896,1.0067596,-0.9999695,-0.0018005371,-0.0105896
419,0,1003,1004,4,0.35,1.25,0.25,1,8,1,0.5,0.5,0,0,0,0,10,1344,1344,1.0067596,-0.9999695,-0.0018005371,-0.0105896,1.0067596,-0.9999695,-0.0018005371,-0.0105896
420,0,660,661,4,0.4,0.5,0.25,0.5,2,1,0.25,1,75,2,0,0,10,1344,1344,1.0067596,-0.9999695,-0.0018005371,-0.0105896,1.0067596,-0.9999695,-0.0018005371,-0.0105896
421,0,1026,1027,4,0.4,1.1,0.8,1,42,1,0.25,1,75,2,0,0,0.5,1344,1344,0.99380016,-0.9915619,-0.0043640137,-0.008544922,0.99380016,-0.9915619,-0.0043640137,-0.008544922
422,0,664,665,4,1.12,1,1,1,2,1,0.25,1,75,0,0,0,10,1344,1344,1.0067596,-0.9999695,-0.0018005371,-0.0105896,1.0067596,-0.9999695,-0.0018005371,-0.0105896
423,0,1007,1008,4,0.6,1,0.8,0.8,40,1,0.25,0.75,0,2,0,0,10,1344,1344,0.99380016,-0.9915619,-0.0043640137,-0.008544922,0.99380016,-0.9915619,-0.0043640137,-0.008544922
425,0,566,566,4,0.9,1,0.25,1,0,1,1,1,75,0,0,0,2,1344,1344,1.0067596,-0.9999695,-0.0018005371,-0.0105896,1.0067596,-0.9999695,-0.0018005371,-0.0105896
426,0,1018,1019,4,0.5,1.2,0.5,3,14,1,0.2,1,0,0,0,0,10,1344,1344,0.9998522,-0.9853821,-0.011016846,0.006866455,0.9998522,-0.9853821,-0.011016846,0.006866455
427,0,1020,1021,4,0.7,1.1,0.4,2,8,1,0.5,0.5,125,2,0,0,10,1344,1344,1.0067596,-0.9999695,-0.0018005371,-0.0105896,1.0067596,-0.9999695,-0.0018005371,-0.0105896
428,0,1024,1025,1,1,1,1,1,9,1,0.5,1,150,0,0,0,10,1344,1344,1.0067596,-0.9999695,-0.0018005371,-0.0105896,1.0067596,-0.9999695,-0.0018005371,-0.0105896
429,0,1026,1027,4,1.24,1,1,1,2,1,0.5,1,75,2,0,0,2,1344,1344,1.0067596,-0.9999695,-0.0018005371,-0.0105896,1.0067596,-0.9999695,-0.0018005371,-0.0105896
431,0,1036,1037,4,0.35,1.25,0.25,1.33,8,1,0.5,0.5,0,0,0,0,10,1344,1344,1.0067596,-0.9999695,-0.0018005371,-0.0105896,1.0067596,-0.9999695,-0.0018005371,-0.0105896
433,0,1043,1044,4,0.2,1,0.5,1,0,1,0.25,0.75,0,2,0,0,10,1344,1344,0.9998522,-0.9853821,-0.011016846,0.006866455,0.9998522,-0.9853821,-0.011016846,0.006866455
434,0,1048,1049,4,0.75,1.1,0.5,3,14,1,0.2,1,0,0,0,0,10,1344,1344,0.9998522,-0.9853821,-0.011016846,0.006866455,0.9998522,-0.9853821,-0.011016846,0.006866455
435,0,35,36,4,0.35,1.25,0.25,1.33,8,1,0.5,3,0,0,0,0,10,1344,1344,0.99380016,-0.9915619,-0.0043640137,-0.008544922,0.99380016,-0.9915619,-0.0043640137,-0.008544922
436,0,1026,1027,4,0.4,1.1,0.8,1,42,1,0.25,1,75,2,0,0,1,1344,1344,0.99380016,-0.9915619,-0.0043640137,-0.008544922,0.99380016,-0.9915619,-0.0043640137,-0.008544922
437,0,1051,1052,4,0.55,1.2,0.55,3,10,1,0.25,1,75,0,0,0,10,1344,1344,0.99380016,-0.9915619,-0.0043640137,-0.008544922,0.99380016,-0.9915619,-0.0043640137,-0.008544922
438,0,1007,1008,4,0.6,1,0.8,0.8,40,1,0.25,0.75,75,0,0,0,10,1344,1344,0.99380016,-0.9915619,-0.0043640137,-0.008544922,0.99380016,-0.9915619,-0.0043640137,-0.008544922
439,0,1060,1061,4,0.4,1.1,0.8,1,42,1,1.5,0.1,75,2,0,0,10,1344,1344,0.99380016,-0.9915619,-0.0043640137,-0.008544922,0.99380016,-0.9915619,-0.0043640137,-0.008544922
440,0,1026,1027,4,0.4,1.1,0.8,1,42,1,0.1,0.1,75,2,0,0,10,1344,1344,0.99380016,-0.9915619,-0.0043640137,-0.008544922,0.99380016,-0.9915619,-0.0043640137,-0.008544922
442,0,474,487,4,0.5,1,0.9,0.8,40,1,0.25,0.75,75,2,0,0,10,1344,1344,0.99380016,-0.9915619,-0.0043640137,-0.008544922,0.99380016,-0.9915619,-0.0043640137,-0.008544922
443,0,1070,1071,4,0.6,1,0.8,1.1,43,1,0.5,0.5,25,2,0,0,10,1344,1344,0.99380016,-0.9915619,-0.0043640137,-0.008544922,0.99380016,-0.9915619,-0.0043640137,-0.008544922
444,0,822,823,4,1,0.4,0.2,4,0,1,0.25,0.75,75,2,0,0,0.5,1344,1344,0.99380016,-0.9915619,-0.0043640137,-0.008544922,0.99380016,-0.9915619,-0.0043640137,-0.008544922
445,0,1092,1094,4,0.6,1.02,0.9,0.95,46,1,0.5,0,125,0,0,0,1,1344,1344,0.99380016,-0.9915619,-0.0043640137,-0.008544922,0.99380016,-0.9915619,-0.0043640137,-0.008544922
446,0,1007,1008,4,0.6,1,0.8,0.8,40,1,0.25,0.75,0,2,0,0,3,1344,1344,0.99380016,-0.9915619,-0.0043640137,-0.008544922,0.99380016,-0.9915619,-0.0043640137,-0.008544922
447,0,1048,1049,4,0.8,1.04,0.8,6,12,1,0.1,0.5,0,0,0,0,0.5,1344,1344,0.99380016,-0.9915619,-0.0043640137,-0.008544922,0.99380016,-0.9915619,-0.0043640137,-0.008544922
448,0,0,1073,4,0.9,1.08,0.1,3,10,1,2,2,75,1,0,0,10,1344,1344,0.99380016,-0.9915619,-0.0043640137,-0.008544922,0.99380016,-0.9915619,-0.0043640137,-0.008544922
449,0,1076,1077,3,0,0.9,0.8,1,42,1,0.25,0.5,100,0,0,0,10,1344,1344,0.99380016,-0.9915619,-0.0043640137,-0.008544922,0.99380016,-0.9915619,-0.0043640137,-0.008544922
450,0,1078,1079,4,0.5,1.2,0.9,0.7,40,1,0.5,0.5,75,2,0,0,10,1344,1344,0.99380016,-0.9915619,-0.0043640137,-0.008544922,0.99380016,-0.9915619,-0.0043640137,-0.008544922
451,0,1080,1081,4,0.2,1,0.5,1,0,1,0.25,0.75,0,0,0,0,10,1344,1344,0.99380016,-0.9915619,-0.0043640137,-0.008544922,0.99380016,-0.9915619,-0.0043640137,-0.008544922
452,0,1007,1008,4,0.6,1,0.8,0.8,40,1,0.25,0.15,0,2,0,0,10,1344,1344,0.99380016,-0.9915619,-0.0043640137,-0.008544922,0.99380016,-0.9915619,-0.0043640137,-0.008544922
453,0,1082,1083,4,1,0.4,0.2,4,0,1,0.25,0.75,75,2,0,0,10,1344,1344,0.99380016,-0.9915619,-0.0043640137,-0.008544922,0.99380016,-0.9915619,-0.0043640137,-0.008544922
454,0,1085,1086,4,0.6,1,0.8,0.8,40,1,0.25,0.75,0,2,0,0,10,1344,1344,0.99380016,-0.9915619,-0.0043640137,-0.008544922,0.99380016,-0.9915619,-0.0043640137,-0.008544922
455,0,1112,1113,1,0.7,1,-0.5,1.25,0,1,0.5,1,150,0,0,0,0.5,1344,1344,0.99380016,-0.9915619,-0.0043640137,-0.008544922,0.99380016,-0.9915619,-0.0043640137,-0.008544922
456,0,1007,1008,4,0.6,1,0.8,0.8,40,1,0.2,0.2,0,2,0,0,10,1344,1344,0.99380016,-0.9915619,-0.0043640137,-0.008544922,0.99380016,-0.9915619,-0.0043640137,-0.008544922
458,0,1087,1088,4,5,2,-2,1.75,2,1,0.5,0.5,75,0,0,0,10,1344,1344,0.99380016,-0.9915619,-0.0043640137,-0.008544922,0.99380016,-0.9915619,-0.0043640137,-0.008544922
459,0,1007,1008,4,0.6,1.1,0.8,0.8,40,1,0.25,0.75,0,2,0,0,10,1344,1344,0.99380016,-0.9915619,-0.0043640137,-0.008544922,0.99380016,-0.9915619,-0.0043640137,-0.008544922
460,0,1090,1091,4,0.7,1,-0.5,1.25,0,1,0.75,0.25,0,0,0,0,4,1344,1344,0.99380016,-0.9915619,-0.0043640137,-0.008544922,0.99380016,-0.9915619,-0.0043640137,-0.008544922
461,0,1092,1094,4,0.6,1.02,0.9,0.95,46,1,0.5,1,0,0,0,0,2,1344,1344,0.99380016,-0.9915619,-0.0043640137,-0.008544922,0.99380016,-0.9915619,-0.0043640137,-0.008544922
462,0,1007,1093,4,0.6,1,0.8,0.8,40,1,0.25,0.75,0,2,0,0,10,1344,1344,0.99380016,-0.9915619,-0.0043640137,-0.008544922,0.99380016,-0.9915619,-0.0043640137,-0.008544922
463,0,0,1098,4,0,2,0,3,14,1,0.2,1,0,0,0,0,10,1344,1344,0.99380016,-0.9915619,-0.0043640137,-0.008544922,0.99380016,-0.9915619,-0.0043640137,-0.008544922
464,0,0,1099,4,0.5,3,0,3,0,1,0.5,0.5,25,0,0,0,10,1344,1344,0.99380016,-0.9915619,-0.0043640137,-0.008544922,0.99380016,-0.9915619,-0.0043640137,-0.008544922
465,0,1087,1088,4,0.5,1.1,0.9,0.8,42,1,0.5,0.5,75,0,0,0,10,26588,1344,0.99380016,-0.9915619,-0.0043640137,-0.008544922,0.99380016,-0.9915619,-0.0043640137,-0.008544922
466,0,1092,1094,4,0.6,1.02,0.9,0.95,46,1,0.5,1,125,0,0,0,1,1344,1344,0.99380016,-0.9915619,-0.0043640137,-0.008544922,0.99380016,-0.9915619,-0.0043640137,-0.008544922
467,0,1007,1008,4,0.3,1,0.8,0.8,8,1,0.25,0.75,0,2,0,0,10,1344,1344,0.99380016,-0.9915619,-0.0043640137,-0.008544922,0.99380016,-0.9915619,-0.0043640137,-0.008544922
468,0,1105,1106,4,0.7,1,-0.5,1.25,0,1,0.75,0.25,0,0,0,0,4,1344,1344,0.99380016,-0.9915619,-0.0043640137,-0.008544922,0.99380016,-0.9915619,-0.0043640137,-0.008544922
469,0,1026,1027,4,0.75,1.05,0.2,3,14,1,10,1,0,0,0,0,10,27752,27753,0.99103403,-3.1132812,3.719986,-1.6109695,1.0328217,-9.192947,21.542053,-13.321136
471,0,1110,1111,4,0.9,1,0.5,2,10,1,0.2,0.4,0,0,0,0,10,1344,1344,1,-1,0,0,1,-1,0,0
472,0,1118,1117,4,1.2,1.5,0.5,1,10,1,0.2,0.2,0,2,0,0,10,1344,1344,0.99380016,-0.9915619,-0.0043640137,-0.008544922,0.99380016,-0.9915619,-0.0043640137,-0.008544922
473,0,1119,1120,4,0.3,0.65,0.4,1,8,1,2,6,0,0,0,0,10,1344,1344,0.99380016,-0.9915619,-0.0043640137,-0.008544922,0.99380016,-0.9915619,-0.0043640137,-0.008544922
474,0,1118,1117,1,1,1,1,1,42,1,0,0,75,2,0,0,10,1344,1344,0.99380016,-0.9915619,-0.0043640137,-0.008544922,0.99380016,-0.9915619,-0.0043640137,-0.008544922
475,0,1118,1117,4,0.3,1.1,0.9,1,10,1,0.2,0.2,0,2,0,0,10,1344,1344,0.99380016,-0.9915619,-0.0043640137,-0.008544922,0.99380016,-0.9915619,-0.0043640137,-0.008544922
476,0,1118,1117,4,0.8,1,0.9,0.8,10,1,0.2,0.2,0,2,0,0,10,1344,1344,0.99380016,-0.9915619,-0.0043640137,-0.008544922,0.99380016,-0.9915619,-0.0043640137,-0.008544922
477,0,1118,0,1,0.5,2,0,2,32,1,0,0,0,0,0,0,10,1344,1344,0.99380016,-0.9915619,-0.0043640137,-0.008544922,0.99380016,-0.9915619,-0.0043640137,-0.008544922
478,0,1124,1125,4,0.9,1.1,0.4,0.9,8,1,0.25,0.5,75,2,0,0,10,1344,1344,0.99380016,-0.9915619,-0.0043640137,-0.008544922,0.99380016,-0.9915619,-0.0043640137,-0.008544922
479,0,0,474,4,0.9,1.02,0.1,0.75,10,1,1,1,75,0,0,0,10,1344,1344,0.99380016,-0.9915619,-0.0043640137,-0.008544922,0.99380016,-0.9915619,-0.0043640137,-0.008544922
480,0,1127,1128,4,0.5,0.7,0.3,0.5,0,1,0.25,0.75,75,0,0,0,10,1344,1344,0.99380016,-0.9915619,-0.0043640137,-0.008544922,0.99380016,-0.9915619,-0.0043640137,-0.008544922
481,0,1118,1117,4,0.6,1,0.5,1,10,1,0.2,0.2,0,0,0,0,10,1344,1344,0.99380016,-0.9915619,-0.0043640137,-0.008544922,0.99380016,-0.9915619,-0.0043640137,-0.008544922
482,0,1118,1117,4,1.2,1.5,0.5,1,2,1,0.2,0.2,0,2,0,0,10,1344,1344,0.99380016,-0.9915619,-0.0043640137,-0.008544922,0.99380016,-0.9915619,-0.0043640137,-0.008544922
483,0,0,1011,4,0.5,1,0.4,3,8,1,0.5,0.5,75,0,0,0,30,1344,1344,0.99380016,-0.9915619,-0.0043640137,-0.008544922,0.99380016,-0.9915619,-0.0043640137,-0.008544922
484,0,1007,1008,4,0.6,1.05,0.9,0.8,40,1,0.25,0.75,0,2,0,0,0,1344,1344,0.99380016,-0.9915619,-0.0043640137,-0.008544922,0.99380016,-0.9915619,-0.0043640137,-0.008544922
486,0,1148,1149,4,0.9,1,0.95,0.1,40,1,0.25,0.75,0,2,0,0,10,1344,1344,0.99380016,-0.9915619,-0.0043640137,-0.008544922,0.99380016,-0.9915619,-0.0043640137,-0.008544922
487,0,0,1152,4,0.5,1,0.4,2,8,1,0.5,0.5,75,2,0,0,30,1344,1344,0.99380016,-0.9915619,-0.0043640137,-0.008544922,0.99380016,-0.9915619,-0.0043640137,-0.008544922
488,0,0,1153,4,0.5,1,0.4,2,8,1,0.5,0.5,75,0,0,0,30,1344,1344,0.99380016,-0.9915619,-0.0043640137,-0.008544922,0.99380016,-0.9915619,-0.0043640137,-0.008544922
489,0,1157,1158,4,0.8,1.1,0.9,1,40,1,0.25,0.75,75,0,0,0,10,1344,1344,1,-1,0,0,1,-1,0,0
490,0,1159,0,4,0.6,1.1,0.8,0.7,40,1,0.5,0.5,75,0,0,0,10,1344,1344,0.99380016,-0.9915619,-0.0043640137,-0.008544922,0.99380016,-0.9915619,-0.0043640137,-0.008544922
491,0,1163,1164,4,0.8,1.1,1,3,40,1,0.25,0.75,75,0,0,0,10,1344,1344,1,-1,0,0,1,-1,0,0
492,0,1165,1171,4,0.6,1.1,0.9,1.25,40,1,0.5,0.5,75,0,0,0,10,1344,1344,1,-1,0,0,1,-1,0,0
494,0,1184,1185,4,0.8,1.1,1,3,40,1,0.25,0.75,75,0,0,0,10,1344,1344,1,-1,0,0,1,-1,0,0
495,0,1186,1187,4,0.8,1.1,1,1.5,40,1,0.25,0.75,75,0,0,0,10,1344,1344,1,-1,0,0,1,-1,0,0
496,0,1163,1164,4,0.8,1.1,1,3,42,1,0.25,0.75,75,0,0,0,30,1344,1344,1,-1,0,0,1,-1,0,0
497,0,1188,1189,4,0.8,1.1,1,1.5,42,1,1,0.75,75,0,0,0,10,1344,1344,1,-1,0,0,1,-1,0,0
498,0,1163,0,1,1,1,1,1,40,1,0.25,0.75,75,0,0,0,10,1344,1344,1,-1,0,0,1,-1,0,0
499,0,1203,1204,4,0.3,1,0.8,0.9,8,1,0.25,0.75,0,2,0,0,10,1344,1344,1,-1,0,0,1,-1,0,0
500,0,1205,1206,4,0.8,1.1,1,1.5,0,1,1,0.75,25,0,0,0,10,1344,1344,1,-1,0,0,1,-1,0,0
501,0,1207,1208,4,0.3,1,0.8,0.9,8,1,0.25,0.75,0,2,0,0,10,1344,1344,1,-1,0,0,1,-1,0,0
502,0,1210,1212,1,0.8,1.1,0.5,1,8,1,0.4,1,0,2,0,0,10,1344,1344,1,-1,0,0,1,-1,0,0
504,0,1048,1049,4,0.3,0.2,0,1,2,1,0.1,1,0,0,0,0,0.5,1344,1344,1,-1,0,0,1,-1,0,0
505,0,4,3,4,0.3,1.15,0.9,50,8,1,0.5,0.5,0,0,0,0,1,1344,1344,1,-1,0,0,1,-1,0,0
506,0,0,526,4,-0.6,1.7,0,2,10,1,1,2,50,0,0,0,10,1344,1344,1,-1,0,0,1,-1,0,0
509,0,622,623,1,0.3,1,0.5,1,2,1,0.5,1.5,0,0,0,0,10,1344,1344,1,-1,0,0,1,-1,0,0
510,0,1157,1158,4,0.8,1.1,0.9,1,40,1,0.25,0.75,75,0,0,0,10,1344,1344,1,-1,0,0,1,-1,0,0
