ID,ItemLevel,Cloth,Leather,Mail,Plate
1,1,9.766646,16.771175,24.730865,37.201046
2,2,10.654524,18.295828,26.979126,40.582962
3,3,11.5424,19.820478,29.227386,43.964874
4,4,12.430278,21.34513,31.475647,47.346786
5,5,13.318154,22.869783,33.723907,50.728703
6,6,14.206032,24.394436,35.972168,54.110615
7,7,15.093908,25.919088,38.22043,57.492527
8,8,15.981786,27.44374,40.46869,60.874443
9,9,16.869663,28.968393,42.71695,64.256355
10,10,17.75754,30.493046,44.96521,67.63827
11,11,18.645416,32.017696,47.21347,71.02018
12,12,19.533293,33.54235,49.46173,74.40209
13,13,20.421171,35.067,51.70999,77.78401
14,14,21.309048,36.591656,53.958252,81.165924
15,15,22.196924,38.116306,56.206512,84.54784
16,16,23.0848,39.640957,58.454773,87.92975
17,17,23.97268,41.16561,60.703033,91.31166
18,18,24.860556,42.69026,62.951294,94.69357
19,19,25.748432,44.214916,65.199554,98.07549
20,20,26.636309,45.739567,67.447815,101.45741
21,21,28.367405,48.712185,71.83125,108.05113
22,22,30.148159,51.770073,76.34043,114.834
23,23,31.978567,54.91323,80.97535,121.806
24,24,33.858627,58.14165,85.73599,128.96713
25,25,35.78834,61.455334,90.62237,136.3174
26,26,37.023876,63.57698,93.75096,141.02353
27,27,38.25937,65.69855,96.87944,145.7295
28,28,39.494816,67.820045,100.00781,150.4353
29,29,40.733673,69.9474,103.14482,155.15411
30,30,41.980858,72.08905,106.3029,159.90462
31,31,43.25977,74.28519,109.54134,164.77597
32,32,44.583103,76.5576,112.89225,169.81654
33,33,45.958046,78.91863,116.37385,175.05368
34,34,47.38826,81.37458,119.9954,180.50134
35,35,48.876247,83.92973,123.76324,186.16908
36,36,50.424644,86.58863,127.68406,192.06691
37,37,52.036217,89.355995,131.76485,198.20535
38,38,53.71386,92.23683,136.01294,204.59549
39,39,55.460632,95.23637,140.43607,211.24893
40,40,57.27974,98.360115,145.04236,218.17789
41,41,59.174553,101.61387,149.84036,225.3952
42,42,61.148613,105.0037,154.83904,232.91438
43,43,63.20565,108.53603,160.0478,240.7496
44,44,65.34959,112.21756,165.47662,248.91583
45,45,67.58453,116.0554,171.13593,257.42874
46,46,69.91485,120.05698,177.03668,266.30487
47,47,72.345085,124.23016,183.19046,275.5616
48,48,74.88006,128.58318,189.60945,285.2173
49,49,77.25107,132.65466,195.61328,294.24844
50,50,79.71755,136.89008,201.85886,303.64328
51,51,80.5614,138.33913,203.99564,306.85748
52,52,82.86267,142.29083,209.82285,315.623
53,53,83.45422,143.30664,211.32076,317.8762
54,54,85.85666,147.43208,217.40416,327.02707
55,55,86.47428,148.49266,218.96808,329.37958
56,56,88.98287,152.80037,225.32027,338.93475
57,57,89.627846,153.90791,226.95346,341.39145
58,58,92.247826,158.40692,233.58769,351.37094
59,59,93.00893,159.71388,235.51495,354.26996
60,60,95.575615,164.12135,242.01425,364.04645
61,61,96.19437,165.18387,243.58102,366.40326
62,62,96.91263,166.41727,245.39981,369.13913
63,63,97.372765,167.2074,246.56494,370.89175
64,64,97.837204,168.00493,247.74098,372.6608
65,65,98.305984,168.80992,248.92804,374.4464
66,66,98.77916,169.62245,250.12619,376.24872
67,67,99.25677,170.4426,251.33557,378.0679
68,68,99.738846,171.2704,252.55627,379.90414
69,69,100.22543,172.10597,253.7884,381.75754
70,70,100.71658,172.94936,255.03206,383.6283
71,71,101.21232,173.80064,256.28735,385.51657
72,72,101.7127,174.65988,257.5544,387.42252
73,73,102.21777,175.52718,258.83334,389.3463
74,74,102.72755,176.40259,260.1242,391.28812
75,75,103.24212,177.2862,261.4272,393.24808
76,76,103.76151,178.17807,262.74237,395.2264
77,77,104.28575,179.0783,264.06982,397.22324
78,78,104.8149,179.98695,265.40973,399.23877
79,79,105.34901,180.90411,266.76218,401.27316
80,80,105.88811,181.82986,268.1273,403.32663
81,81,106.43226,182.76427,269.5052,405.3993
82,82,106.98151,183.70743,270.89597,407.49136
83,83,107.5359,184.65941,272.29977,409.603
84,84,108.09547,185.62032,273.71674,411.73444
85,85,108.66029,186.59021,275.14694,413.8858
86,86,109.23038,187.56918,276.59055,416.0573
87,87,109.80582,188.55731,278.04764,418.24915
88,88,110.38665,189.5547,279.5184,420.46152
89,89,110.97292,190.56142,281.0029,422.69458
90,90,111.56467,191.57758,282.50134,424.94855
91,91,112.16196,192.60323,284.01376,427.22363
92,92,112.76483,193.63849,285.54037,429.52
93,93,113.37336,194.68344,287.08127,431.83786
94,94,113.98758,195.73817,288.63657,434.1774
95,95,114.60755,196.80278,290.20645,436.53888
96,96,115.23332,197.87735,291.79102,438.92245
97,97,115.86496,198.96199,293.39044,441.3283
98,98,116.5025,200.05678,295.0048,443.7567
99,99,117.14601,201.1618,296.63428,446.20786
100,100,117.79556,202.27718,298.27902,448.68195
101,101,118.45117,203.403,299.93918,451.17917
102,102,119.11292,204.53935,301.61484,453.6998
103,103,119.78088,205.68636,303.3062,456.244
104,104,120.45508,206.84409,305.0134,458.812
105,105,121.13559,208.01265,306.7366,461.40408
106,106,121.82247,209.19215,308.4759,464.02042
107,107,122.51579,210.3827,310.23148,466.66125
108,108,123.21558,211.58441,312.0035,469.32678
109,109,123.92194,212.79735,313.7921,472.01727
110,110,124.63491,214.02165,315.59747,474.73297
111,111,125.35455,215.2574,317.41974,477.47406
112,112,126.08092,216.50473,319.25906,480.2408
113,113,126.8141,217.76373,321.11557,483.03348
114,114,127.55414,219.03452,322.9895,485.8523
115,115,128.3011,220.3172,324.88095,488.69748
116,116,129.05507,221.6119,326.7901,491.5693
117,117,129.81609,222.9187,328.71713,494.46802
118,118,130.58423,224.23775,330.6622,497.39386
119,119,131.35956,225.56914,332.6255,500.34708
120,120,132.14215,226.913,334.60715,503.32797
121,121,132.93207,228.26942,336.60733,506.33673
122,122,133.72937,229.63857,338.62628,509.3737
123,123,134.53415,231.02051,340.6641,512.4391
124,124,135.34645,232.41539,342.721,515.53314
125,125,136.16637,233.82333,344.79718,518.6562
126,126,136.99396,235.24446,346.89276,521.8084
127,127,137.82928,236.67888,349.00797,524.99023
128,128,138.67244,238.12674,351.14297,528.2018
129,129,139.52348,239.58815,353.29797,531.4434
130,130,140.38249,241.06323,355.47314,534.7154
131,131,152.23369,261.41394,385.48242,579.8564
132,132,156.77298,269.2088,396.97675,597.14655
133,133,159.49158,273.8771,403.8607,607.5016
134,134,162.2293,278.5783,410.79306,617.92957
135,135,164.84425,283.0687,417.4146,627.8899
136,136,167.21687,287.1429,423.4225,636.9272
137,137,168.69528,289.6816,427.16608,642.5584
138,138,176.09077,302.38107,445.8928,670.7278
139,139,182.81506,313.92795,462.91986,696.3405
140,140,188.86824,324.3224,478.24756,719.397
141,141,194.25037,333.5645,491.87604,739.89746
142,142,198.96153,341.65448,503.80554,757.8422
143,143,203.00182,348.5924,514.03625,773.2316
144,144,206.3713,354.37845,522.5684,786.066
145,145,209.39037,359.56274,530.2132,797.56555
146,146,212.05907,364.14542,536.9708,807.7306
147,147,215.16045,369.47107,544.82404,819.5437
148,148,218.69458,375.53983,553.7731,833.0052
149,149,222.66154,382.3519,563.8182,848.11536
150,150,227.06146,389.90735,574.95953,864.8746
151,151,231.8944,398.20642,587.1974,883.28314
152,152,237.16045,407.24924,600.5319,903.3415
153,153,241.90999,415.40506,612.5586,921.43243
154,154,246.1431,422.67413,623.2776,937.5563
155,155,249.85988,429.05655,632.6891,951.71344
156,156,253.06042,434.5525,640.79346,963.9043
157,157,255.74483,439.1621,647.5908,974.12915
158,158,257.91318,442.8856,653.0815,982.3884
159,159,259.5656,445.72308,657.2657,988.68243
160,160,260.70215,447.67477,660.1437,993.0116
161,161,261.84937,449.64474,663.0486,997.3813
162,162,263.0073,451.63315,665.9807,1001.7919
163,163,264.1761,453.64017,668.94025,1006.2437
164,164,265.3558,455.66595,671.9275,1010.7373
165,165,266.54657,457.71072,674.94275,1015.2729
166,166,267.74847,459.77463,677.9862,1019.851
167,167,268.96164,461.85788,681.0581,1024.4719
168,168,270.18616,463.9606,684.1588,1029.136
169,169,271.42215,466.083,687.2886,1033.8439
170,170,272.66968,468.22528,690.4476,1038.5958
171,171,273.92892,470.38763,693.63617,1043.3922
172,172,275.19995,472.5702,696.8546,1048.2335
173,173,276.48285,474.77322,700.10315,1053.1201
174,174,277.77777,476.99683,703.38214,1058.0525
175,175,279.08484,479.24127,706.69183,1063.031
176,176,280.4041,481.50674,710.0325,1068.056
177,177,281.73575,483.7934,713.40436,1073.1283
178,178,283.07983,486.10147,716.80786,1078.2479
179,179,284.43652,488.43115,720.2432,1083.4155
180,180,285.80588,490.78262,723.71075,1088.6315
181,181,287.18808,493.15613,727.2107,1093.8962
182,182,288.58322,495.55182,730.7434,1099.2102
183,183,289.99142,497.96997,734.3092,1104.5741
184,184,291.4128,500.41074,737.9084,1109.988
185,185,292.84747,502.87436,741.54126,1115.4528
186,186,294.2956,505.36105,745.2081,1120.9686
187,187,295.75726,507.871,748.90936,1126.5361
188,188,297.2326,510.40448,752.6452,1132.1558
189,189,298.72177,512.9617,756.416,1137.8279
190,190,300.22488,515.5427,760.22217,1143.5532
191,191,301.74207,518.148,764.0639,1149.3322
192,192,303.27344,520.7777,767.9416,1155.1652
193,193,304.81915,523.43195,771.85565,1161.0527
194,194,306.37933,526.1111,775.8063,1166.9954
195,195,307.9541,528.8153,779.7939,1172.9938
196,196,309.54364,531.5448,783.81885,1179.0482
197,197,311.14804,534.29987,787.88153,1185.1594
198,198,312.76746,537.08075,791.9822,1191.3278
199,199,314.40207,539.88763,796.1212,1197.5538
200,200,316.05194,542.7208,800.299,1203.8383
201,201,317.7173,545.5805,804.5159,1210.1815
202,202,319.3982,548.4669,808.77234,1216.5841
203,203,321.09485,551.38043,813.06854,1223.0466
204,204,322.78735,554.28674,817.35425,1229.4934
205,205,324.4982,557.2246,821.68646,1236.01
206,206,326.22763,560.1944,826.0657,1242.5974
207,207,327.97586,563.1964,830.4925,1249.2563
208,208,329.7431,566.23114,834.96747,1255.9878
209,209,331.5296,569.2989,839.4912,1262.7926
210,210,333.33557,572.4001,844.0643,1269.6715
211,211,335.16272,575.5376,848.69086,1276.631
212,212,337.00693,578.70447,853.3608,1283.6556
213,213,338.86844,581.901,858.0744,1290.746
214,214,340.74734,585.12744,862.83215,1297.9028
215,215,342.64386,588.3841,867.6344,1305.1266
216,216,344.5581,591.67126,872.4816,1312.418
217,217,346.4903,594.9892,877.37427,1319.7776
218,218,348.44055,598.33813,882.3127,1327.2062
219,219,350.40906,601.71844,887.2973,1334.7042
220,220,352.39603,605.13043,892.3286,1342.2725
221,221,354.40155,608.57434,897.40704,1349.9116
222,222,356.42587,612.0505,902.53296,1357.6222
223,223,358.46915,615.55914,907.7069,1365.405
224,224,360.53156,619.1007,912.92926,1373.2606
225,225,362.61325,622.67535,918.2005,1381.1898
226,226,364.71445,626.2835,923.52106,1389.1932
227,227,366.83533,629.9254,928.8915,1397.2716
228,228,368.976,633.60144,934.31213,1405.4255
229,229,371.13678,637.3118,939.7835,1413.6559
230,230,373.31775,641.057,945.30615,1421.9631
231,231,375.51917,644.8372,950.8805,1430.3483
232,232,377.74115,648.65283,956.50696,1438.8119
233,233,379.98398,652.50415,962.18616,1447.3546
234,234,382.24777,656.39154,967.9185,1455.9774
235,235,384.53275,660.31525,973.70447,1464.6809
236,236,386.83914,664.27576,979.5447,1473.466
237,237,389.1671,668.2733,985.43945,1482.3331
238,238,391.51688,672.3083,991.38947,1491.2833
239,239,393.8886,676.38104,997.3952,1500.3174
240,240,396.2826,680.49194,1003.4572,1509.4359
241,241,398.69894,684.6413,1009.5758,1518.6399
242,242,401.13794,688.8295,1015.7518,1527.9299
243,243,403.59976,693.05695,1021.9855,1537.307
244,244,406.08463,697.3239,1028.2776,1546.7719
245,245,408.59277,701.63086,1034.6287,1556.3252
246,246,411.12436,705.9781,1041.0392,1565.9681
247,247,413.6797,710.366,1047.5096,1575.7012
248,248,416.2589,714.79504,1054.0406,1585.5255
249,249,418.86227,719.2655,1060.6328,1595.4417
250,250,421.49,723.77783,1067.2867,1605.4507
251,251,424.14233,728.3324,1074.0029,1615.5535
252,252,426.81952,732.9296,1080.782,1625.7507
253,253,429.52173,737.5698,1087.6245,1636.0435
254,254,432.24927,742.2535,1094.531,1646.4326
255,255,435.00232,746.981,1101.5023,1656.919
256,256,437.78113,751.7528,1108.5387,1667.5034
257,257,440.58597,756.5692,1115.6411,1678.187
258,258,443.41708,761.4307,1122.8099,1688.9706
259,259,446.27466,766.33777,1130.0459,1699.8552
260,260,449.15903,771.2908,1137.3495,1710.8417
261,261,452.07037,776.2901,1144.7216,1721.9309
262,262,455.00897,781.3362,1152.1626,1733.124
263,263,457.97507,786.42957,1159.6733,1744.4219
264,264,460.96893,791.5706,1167.2544,1755.8256
265,265,463.99084,796.75977,1174.9064,1767.3359
266,266,467.04102,801.99756,1182.6299,1778.954
267,267,470.11978,807.2843,1190.4259,1790.6809
268,268,473.22733,812.6206,1198.2948,1802.5176
269,269,476.36398,818.00684,1206.2373,1814.4651
270,270,479.53,823.4434,1214.2542,1826.5244
271,271,482.72565,828.93097,1222.3462,1838.6965
272,272,485.9512,834.4699,1230.5138,1850.9827
273,273,489.20697,840.0606,1238.7579,1863.3838
274,274,492.4932,845.70374,1247.0793,1875.9011
275,275,495.8102,851.39966,1255.4785,1888.5355
276,276,499.15826,857.14886,1263.9564,1901.2882
277,277,502.53763,862.9519,1272.5135,1914.1603
278,278,505.94867,868.80927,1281.1509,1927.1528
279,279,509.39163,874.7215,1289.869,1940.267
280,280,512.8668,880.689,1298.6688,1953.5039
281,281,516.3745,886.71246,1307.551,1966.8647
282,282,519.9151,892.79224,1316.5164,1980.3507
283,283,523.4888,898.92896,1325.5656,1993.9628
284,284,527.0959,905.1231,1334.6995,2007.7024
285,285,530.7368,911.37524,1343.919,2021.5707
286,286,534.4118,917.6859,1353.2246,2035.5686
287,287,538.1212,924.05566,1362.6174,2049.6978
288,288,541.86536,930.485,1372.0983,2063.959
289,289,545.64453,936.97455,1381.6678,2078.3538
290,290,549.45905,943.52484,1391.3269,2092.8833
291,291,553.3093,950.1365,1401.0764,2107.549
292,292,557.1956,956.81,1410.9172,2122.3518
293,293,561.1183,963.54596,1420.8501,2137.2932
294,294,565.0777,970.345,1430.876,2152.3745
295,295,569.07416,977.2077,1440.9957,2167.5972
296,296,573.10803,984.1346,1451.2102,2182.9622
297,297,577.1797,991.12634,1461.5204,2198.471
298,298,581.2894,998.1836,1471.9269,2214.1248
299,299,585.4376,1005.3068,1482.4309,2229.9253
300,300,589.6247,1012.4968,1493.0333,2245.8738
301,301,593.85095,1019.7541,1503.7349,2261.9714
302,302,598.11676,1027.0792,1514.5366,2278.22
303,303,602.4225,1034.473,1525.4396,2294.6204
304,304,606.76855,1041.936,1536.4446,2311.1746
305,305,611.1553,1049.4689,1547.5525,2327.8835
306,306,615.58307,1057.0723,1558.7644,2344.749
307,307,620.0523,1064.7467,1570.0814,2361.7722
308,308,624.56335,1072.4932,1581.5042,2378.9548
309,309,629.1167,1080.312,1593.0339,2396.2983
310,310,633.71265,1088.2041,1604.6718,2413.8042
311,311,638.35156,1096.17,1616.4183,2431.4739
312,312,643.03394,1104.2106,1628.2749,2449.309
313,313,647.7602,1112.3264,1640.2426,2467.3113
314,314,652.53064,1120.5182,1652.3221,2485.4817
315,315,657.3457,1128.7866,1664.5149,2503.8225
316,316,662.20593,1137.1324,1676.8217,2522.335
317,317,667.1116,1145.5564,1689.2438,2541.0205
318,318,672.0632,1154.0593,1701.7821,2559.881
319,319,677.06116,1162.6417,1714.4377,2578.9182
320,320,682.1059,1171.3044,1727.2119,2598.1338
321,321,687.1979,1180.0483,1740.1057,2617.5288
322,322,692.33746,1188.874,1753.1201,2637.1057
323,323,697.5252,1197.7823,1766.2565,2656.8657
324,324,702.76154,1206.774,1779.5156,2676.8108
325,325,708.0469,1215.85,1792.899,2696.9424
326,326,713.38165,1225.0109,1806.4077,2717.2627
327,327,718.76636,1234.2574,1820.0427,2737.7732
328,328,724.20154,1243.5906,1833.8055,2758.4756
329,329,729.68756,1253.0111,1847.697,2779.3716
330,330,735.2249,1262.5199,1861.7186,2800.4634
331,331,740.81415,1272.1176,1875.8716,2821.7527
332,332,746.4557,1281.8052,1890.1569,2843.2412
333,333,752.15,1291.5835,1904.5759,2864.931
334,334,757.89764,1301.4532,1919.13,2886.8237
335,335,763.6991,1311.4154,1933.8203,2908.9214
336,336,769.5549,1321.4708,1948.6481,2931.2258
337,337,775.46545,1331.6205,1963.6147,2953.7393
338,338,781.43134,1341.865,1978.7214,2976.4631
339,339,787.4531,1352.2054,1993.9696,2999.4
340,340,793.5312,1362.6428,2009.3605,3022.5515
341,341,799.66626,1373.1777,2024.8954,3045.9197
342,342,805.8587,1383.8114,2040.5758,3069.5066
343,343,812.1091,1394.5444,2056.4028,3093.3145
344,344,818.418,1405.378,2072.3782,3117.345
345,345,824.786,1416.3131,2088.5032,3141.6006
346,346,831.2136,1427.3505,2104.7788,3166.0833
347,347,837.70135,1438.4912,2121.207,3190.7952
348,348,844.2499,1449.7362,2137.789,3215.7383
349,349,850.8596,1461.0865,2154.5261,3240.9148
350,350,857.5313,1472.543,2171.42,3266.3271
351,351,864.26544,1484.1068,2188.472,3291.9773
352,352,871.0626,1495.7788,2205.6836,3317.8677
353,353,877.9234,1507.56,2223.0562,3344.0002
354,354,884.8484,1519.4515,2240.5916,3370.3777
355,355,891.83826,1531.4545,2258.291,3397.0017
356,356,898.8935,1543.5697,2276.1562,3423.8752
357,357,906.01483,1555.7983,2294.1887,3451.0002
358,358,913.2028,1568.1415,2312.39,3478.3792
359,359,920.45807,1580.6001,2330.7615,3506.0144
360,360,927.78125,1593.1754,2349.3052,3533.9082
361,361,935.173,1605.8684,2368.0222,3562.0632
362,362,942.6339,1618.6802,2386.9146,3590.482
363,363,950.1647,1631.6119,2405.984,3619.1665
364,364,957.7659,1644.6648,2425.2317,3648.1196
365,365,965.43835,1657.8397,2444.6594,3677.3438
366,366,973.18256,1671.1381,2464.2693,3706.8416
367,367,980.9993,1684.5609,2484.0627,3736.6155
368,368,988.8892,1698.1094,2504.0413,3766.668
369,369,996.85297,1711.7847,2524.207,3797.002
370,370,1004.8913,1725.5879,2544.5613,3827.6196
371,371,1013.0049,1739.5204,2565.1062,3858.5242
372,372,1021.1944,1753.5834,2585.8435,3889.718
373,373,1029.4606,1767.778,2606.775,3921.2036
374,374,1037.8041,1782.1053,2627.9023,3952.9841
375,375,1046.2257,1796.567,2649.2275,3985.0623
376,376,1054.7262,1811.164,2670.7522,4017.4404
377,377,1063.3063,1825.8975,2692.4785,4050.1218
378,378,1071.9667,1840.769,2714.408,4083.1091
379,379,1080.7081,1855.7798,2736.543,4116.4053
380,380,1089.5315,1870.931,2758.885,4150.013
381,381,1098.4373,1886.224,2781.4363,4183.9355
382,382,1107.4265,1901.6603,2804.1985,4218.1753
383,383,1116.5,1917.241,2827.174,4252.736
384,384,1125.6583,1932.9675,2850.3645,4287.6196
385,385,1134.9023,1948.8414,2873.7722,4322.83
386,386,1144.2329,1964.8638,2897.399,4358.3706
387,387,1153.6509,1981.0361,2921.2466,4394.243
388,388,1163.157,1997.3599,2945.3179,4430.4517
389,389,1172.7521,2013.8364,2969.6143,4466.9995
390,390,1182.437,2030.4673,2994.1382,4503.889
391,391,1192.2125,2047.2538,3018.8916,4541.124
392,392,1202.0796,2064.1975,3043.8767,4578.7075
393,393,1212.0391,2081.2996,3069.0957,4616.643
394,394,1222.0917,2098.562,3094.551,4654.9336
395,395,1232.2385,2115.9858,3120.2444,4693.5825
396,396,1242.4802,2133.573,3146.1782,4732.5933
397,397,1252.8179,2151.3247,3172.355,4771.969
398,398,1263.2523,2169.2424,3198.7766,4811.714
399,399,1273.7843,2187.328,3225.4458,4851.83
400,400,1284.415,2205.5828,3252.3645,4892.3223
401,401,1295.1453,2224.0085,3279.5352,4933.1934
402,402,1305.9758,2242.607,3306.9602,4974.4473
403,403,1316.9078,2261.3792,3334.642,5016.0874
404,404,1327.9421,2280.3271,3362.583,5058.1167
405,405,1339.0798,2299.4526,3390.7854,5100.54
406,406,1350.3218,2318.757,3419.252,5143.3604
407,407,1361.6688,2338.2422,3447.9849,5186.5815
408,408,1373.1222,2357.91,3476.9868,5230.207
409,409,1384.6829,2377.7615,3506.2603,5274.241
410,410,1396.3516,2397.799,3535.8076,5318.6875
411,411,1408.1296,2418.0242,3565.6316,5363.55
412,412,1420.018,2438.4385,3595.7349,5408.832
413,413,1432.0175,2459.0442,3626.1199,5454.5386
414,414,1444.1294,2479.8425,3656.7893,5500.6724
415,415,1456.3546,2500.8354,3687.7458,5547.2383
416,416,1468.6943,2522.0251,3718.992,5594.24
417,417,1481.1495,2543.413,3750.5308,5641.682
418,418,1493.7213,2565.0012,3782.365,5689.568
419,419,1506.4109,2586.7915,3814.497,5737.902
420,420,1519.2191,2608.786,3846.9297,5786.6885
421,421,1532.1473,2630.986,3879.6663,5835.932
422,422,1545.1965,2653.3938,3912.7092,5885.636
423,423,1558.3679,2676.0117,3946.0613,5935.8057
424,424,1571.6626,2698.841,3979.7258,5986.445
425,425,1585.0817,2721.8843,4013.7053,6037.558
426,426,1598.6263,2745.143,4048.003,6089.15
427,427,1612.2979,2768.6196,4082.6216,6141.2246
428,428,1626.0974,2792.316,4117.5645,6193.7866
429,429,1640.0261,2816.2341,4152.834,6246.841
430,430,1654.0851,2840.3762,4188.434,6300.3916
431,431,1668.2758,2864.7441,4224.3677,6354.444
432,432,1682.5994,2889.3403,4260.637,6409.002
433,433,1697.0569,2914.1667,4297.246,6464.071
434,434,1711.6498,2939.2256,4334.198,6519.655
435,435,1726.3794,2964.519,4371.4956,6575.76
436,436,1741.2468,2990.049,4409.1426,6632.389
437,437,1756.2534,3015.8184,4447.142,6689.5493
438,438,1771.4004,3041.8286,4485.497,6747.244
439,439,1786.6893,3068.0825,4524.211,6805.4795
440,440,1802.1212,3094.582,4563.2876,6864.26
441,441,1817.6976,3121.3298,4602.73,6923.59
442,442,1833.4199,3148.328,4642.5415,6983.476
443,443,1849.2893,3175.5786,4682.7256,7043.9224
444,444,1865.3074,3203.0845,4723.2856,7104.9346
445,445,1881.4752,3230.848,4764.226,7166.518
446,446,1897.7946,3258.871,4805.5493,7228.678
447,447,1914.2666,3287.1567,4847.2593,7291.42
448,448,1930.8928,3315.707,4889.36,7354.749
449,449,1947.6747,3344.5247,4931.8545,7418.671
450,450,1964.6136,3373.612,4974.7466,7483.191
451,451,1981.7112,3402.9717,5018.0405,7548.3154
452,452,1998.9688,3432.6062,5061.7397,7614.0493
453,453,2016.3878,3462.5183,5105.848,7680.3984
454,454,2033.97,3492.7102,5150.3696,7747.369
455,455,2051.7168,3523.1848,5195.307,7814.9663
456,456,2069.6296,3553.9446,5240.666,7883.1963
457,457,2087.7102,3584.9922,5286.449,7952.065
458,458,2105.9602,3616.3308,5332.661,8021.578
459,459,2124.3809,3647.9624,5379.305,8091.7427
460,460,2142.9739,3679.8904,5426.386,8162.5635
461,461,2161.741,3712.1172,5473.908,8234.047
462,462,2180.6838,3744.6455,5521.8745,8306.2
463,463,2199.804,3777.4785,5570.29,8379.029
464,464,2219.1033,3810.6187,5619.159,8452.539
465,465,2238.583,3844.0693,5668.4854,8526.737
466,466,2258.245,3877.8328,5718.2734,8601.63
467,467,2278.0913,3911.9126,5768.5273,8677.225
468,468,2298.1233,3946.3113,5819.252,8753.526
469,469,2318.3428,3981.032,5870.451,8830.542
470,470,2338.7517,4016.0776,5922.13,8908.278
471,471,2359.3516,4051.4514,5974.2925,8986.743
472,472,2380.144,4087.1565,6026.9434,9065.942
473,473,2401.1313,4123.196,6080.087,9145.883
474,474,2422.3152,4159.5723,6133.7275,9226.571
475,475,2443.6973,4196.289,6187.871,9308.016
476,476,2465.2795,4233.35,6242.521,9390.222
477,477,2487.0637,4270.758,6297.6826,9473.198
478,478,2509.052,4308.5156,6353.3604,9556.951
479,479,2531.246,4346.627,6409.5596,9641.487
480,480,2553.6477,4385.0947,6466.2847,9726.815
481,481,2576.2593,4423.923,6523.541,9812.942
482,482,2599.0823,4463.1147,6581.333,9899.876
483,483,2622.1191,4502.6733,6639.6665,9987.622
484,484,2645.3716,4542.602,6698.546,10076.19
485,485,2668.8418,4582.905,6757.976,10165.588
486,486,2692.5315,4623.5845,6817.963,10255.822
487,487,2716.443,4664.645,6878.511,10346.901
488,488,2740.5786,4706.0903,6939.6265,10438.833
489,489,2764.94,4747.9233,7001.3135,10531.625
490,490,2789.5293,4790.148,7063.578,10625.285
491,491,2814.3489,4832.7676,7126.426,10719.823
492,492,2839.4006,4875.7866,7189.8613,10815.245
493,493,2864.687,4919.208,7253.891,10911.561
494,494,2890.2102,4963.036,7318.52,11008.778
495,495,2915.9722,5007.2744,7383.754,11106.905
496,496,2941.9753,5051.927,7449.5986,11205.951
497,497,2968.2222,5096.997,7516.0596,11305.925
498,498,2994.7144,5142.4893,7583.143,11406.833
499,499,3021.4546,5188.4077,7650.854,11508.687
500,500,3048.4453,5234.7554,7719.199,11611.494
501,501,3075.6885,5281.5376,7788.184,11715.264
502,502,3103.187,5328.7573,7857.8145,11820.004
503,503,3130.9426,5376.419,7928.0967,11925.726
504,504,3158.9583,5424.527,7999.037,12032.437
505,505,3187.2358,5473.0854,8070.6416,12140.146
506,506,3215.7783,5522.098,8142.916,12248.864
507,507,3244.5881,5571.57,8215.867,12358.6
508,508,3273.6675,5621.5044,8289.501,12469.362
509,509,3303.019,5671.9067,8363.824,12581.162
510,510,3332.6455,5722.781,8438.844,12694.009
511,511,3362.549,5774.131,8514.565,12807.912
512,512,3392.7327,5825.962,8590.995,12922.881
513,513,3423.199,5878.2783,8668.141,13038.926
514,514,3453.9502,5931.084,8746.009,13156.058
515,515,3484.9895,5984.3843,8824.605,13274.285
516,516,3516.3193,6038.183,8903.938,13393.62
517,517,3547.9424,6092.4863,8984.013,13514.072
518,518,3579.8613,6147.2974,9064.838,13635.651
519,519,3612.079,6202.621,9146.419,13758.369
520,520,3644.5986,6258.4634,9228.764,13882.235
521,521,3677.4226,6314.828,9311.88,14007.261
522,522,3710.5537,6371.7207,9395.773,14133.457
523,523,3743.9949,6429.1455,9480.453,14260.835
524,524,3777.7493,6487.108,9565.925,14389.404
525,525,3811.8196,6545.6133,9652.197,14519.178
526,526,3846.2087,6604.666,9739.276,14650.166
527,527,3880.92,6664.2715,9827.171,14782.381
528,528,3915.956,6724.435,9915.889,14915.833
529,529,3951.32,6785.162,10005.437,15050.534
530,530,3987.0151,6846.457,10095.823,15186.496
531,531,4023.0444,6908.326,10187.056,15323.731
532,532,4059.411,6970.7744,10279.142,15462.251
533,533,4096.1177,7033.807,10372.09,15602.067
534,534,4133.1685,7097.4297,10465.908,15743.192
535,535,4170.566,7161.648,10560.605,15885.639
536,536,4208.3135,7226.468,10656.188,16029.418
537,537,4246.414,7291.894,10752.666,16174.544
538,538,4284.8716,7357.9326,10850.048,16321.027
539,539,4323.689,7424.5894,10948.34,16468.883
540,540,4362.8696,7491.8706,11047.553,16618.123
541,541,4402.4175,7559.7812,11147.694,16768.758
542,542,4442.3354,7628.3276,11248.773,16920.805
543,543,4482.627,7697.5156,11350.799,17074.275
544,544,4523.2954,7767.3516,11453.778,17229.182
545,545,4564.3447,7837.841,11557.723,17385.54
546,546,4605.7783,7908.99,11662.641,17543.357
547,547,4647.6,7980.8057,11768.539,17702.656
548,548,4689.813,8053.2935,11875.431,17863.445
549,549,4732.421,8126.4595,11983.321,18025.738
550,550,4775.428,8200.311,12092.223,18189.55
551,551,4818.8374,8274.854,12202.144,18354.898
552,552,4862.6533,8350.094,12313.093,18521.793
553,553,4906.8794,8426.038,12425.081,18690.25
554,554,4951.5195,8502.693,12538.118,18860.283
555,555,4996.5776,8580.066,12652.213,19031.908
556,556,5042.0576,8658.164,12767.375,19205.14
557,557,5087.963,8736.992,12883.616,19379.994
558,558,5134.2983,8816.559,13000.945,19556.484
559,559,5181.067,8896.869,13119.372,19734.627
560,560,5228.274,8977.933,13238.908,19914.436
561,561,5275.9224,9059.754,13359.563,20095.93
562,562,5324.017,9142.342,13481.347,20279.121
563,563,5372.562,9225.702,13604.271,20464.03
564,564,5421.5615,9309.844,13728.347,20650.666
565,565,5471.0195,9394.772,13853.583,20839.053
566,566,5520.9404,9480.496,13979.991,21029.201
567,567,5571.329,9567.022,14107.584,21221.129
568,568,5622.189,9654.358,14236.37,21414.854
569,569,5673.525,9742.513,14366.362,21610.393
570,570,5725.342,9831.491,14497.571,21807.762
571,571,5777.6436,9921.304,14630.008,22006.979
572,572,5830.4346,10011.956,14763.685,22208.06
573,573,5883.72,10103.457,14898.613,22411.023
574,574,5937.5044,10195.815,15034.805,22615.889
575,575,5991.7925,10289.037,15172.271,22822.67
576,576,6046.5884,10383.133,15311.023,23031.387
577,577,6101.897,10478.108,15451.075,23242.059
578,578,6157.7236,10573.974,15592.438,23454.701
579,579,6214.073,10670.735,15735.125,23669.334
580,580,6270.9497,10768.403,15879.146,23885.977
581,581,6328.359,10866.986,16024.517,24104.648
582,582,6386.3057,10966.491,16171.248,24325.365
583,583,6444.7944,11066.928,16319.353,24548.15
584,584,6503.831,11168.305,16468.844,24773.02
585,585,6563.4204,11270.631,16619.732,24999.994
586,586,6623.5674,11373.914,16772.035,25229.094
587,587,6684.2773,11478.165,16925.764,25460.338
588,588,6745.5557,11583.392,17080.932,25693.746
589,589,6807.4077,11689.603,17237.553,25929.338
590,590,6869.8384,11796.809,17395.639,26167.137
591,591,6932.854,11905.018,17555.203,26407.162
592,592,6996.459,12014.24,17716.264,26649.434
593,593,7060.6597,12124.484,17878.83,26893.973
594,594,7125.4614,12235.761,18042.92,27140.803
595,595,7190.8696,12348.079,18208.545,27389.941
596,596,7256.89,12461.449,18375.72,27641.414
597,597,7323.529,12575.88,18544.46,27895.238
598,598,7390.791,12691.383,18714.781,28151.44
599,599,7458.683,12807.966,18886.695,28410.041
600,600,7527.2104,12925.641,19060.22,28671.06
601,601,7596.38,13044.417,19235.367,28934.525
602,602,7666.1963,13164.305,19412.156,29200.455
603,603,7736.666,13285.315,19590.598,29468.875
604,604,7807.796,13407.458,19770.71,29739.807
605,605,7879.592,13530.745,19952.51,30013.275
606,606,7952.059,13655.186,20136.012,30289.305
607,607,8025.205,13780.791,20321.23,30567.916
608,608,8099.036,13907.572,20508.182,30849.137
609,609,8173.558,14035.541,20696.885,31132.99
610,610,8248.777,14164.707,20887.354,31419.5
611,611,8324.701,14295.082,21079.605,31708.693
612,612,8401.335,14426.678,21273.656,32000.592
613,613,8478.6875,14559.505,21469.525,32295.225
614,614,8556.763,14693.576,21667.227,32592.613
615,615,8635.569,14828.901,21866.78,32892.79
616,616,8715.114,14965.494,22068.2,33195.77
617,617,8795.403,15103.366,22271.506,33501.59
618,618,8876.443,15242.527,22476.715,33810.273
619,619,8958.243,15382.992,22683.844,34121.848
620,620,9040.808,15524.772,22892.914,34436.336
621,621,9124.1455,15667.879,23103.94,34753.766
622,622,9208.264,15812.325,23316.941,35074.17
623,623,9293.169,15958.124,23531.936,35397.574
624,624,9378.869,16105.287,23748.943,35724.008
625,625,9465.371,16253.828,23967.982,36053.492
626,626,9552.684,16403.76,24189.072,36386.062
627,627,9640.813,16555.094,24412.232,36721.75
628,628,9729.768,16707.846,24637.48,37060.574
629,629,9819.555,16862.027,24864.838,37402.574
630,630,9910.183,17017.652,25094.322,37747.773
631,631,10001.658,17174.734,25325.957,38096.203
632,632,10093.99,17333.285,25559.758,38447.9
633,633,10187.188,17493.322,25795.748,38802.883
634,634,10281.257,17654.857,26033.947,39161.19
635,635,10376.206,17817.902,26274.377,39522.85
636,636,10472.045,17982.477,26517.057,39887.9
637,637,10568.78,18148.59,26762.008,40256.363
638,638,10666.422,18316.258,27009.254,40628.28
639,639,10764.977,18485.496,27258.812,41003.676
640,640,10864.454,18656.318,27510.707,41382.586
641,641,10964.863,18828.738,27764.96,41765.043
642,642,11066.212,19002.773,28021.594,42151.08
643,643,11168.51,19178.438,28280.629,42540.73
644,644,11271.766,19355.746,28542.09,42934.027
645,645,11375.987,19534.715,28805.998,43331.008
646,646,11481.185,19715.36,29072.377,43731.703
647,647,11587.366,19897.693,29341.248,44136.15
648,648,11694.543,20081.736,29612.637,44544.383
649,649,11802.723,20267.5,29886.566,44956.438
650,650,11911.914,20455.004,30163.06,45372.348
651,651,12022.129,20644.262,30442.143,45792.152
652,652,12133.375,20835.293,30723.836,46215.887
653,653,12245.662,21028.111,31008.168,46643.59
654,654,12359,21222.734,31295.16,47075.293
655,655,12473.399,21419.18,31584.84,47511.04
656,656,12588.87,21617.465,31877.23,47950.867
657,657,12705.422,21817.605,32172.36,48394.81
658,658,12823.063,22019.62,32470.25,48842.906
659,659,12941.808,22223.523,32770.93,49295.2
660,660,13061.662,22429.338,33074.426,49751.727
661,661,13182.64,22637.078,33380.758,50212.527
662,662,13304.749,22846.764,33689.96,50677.64
663,663,13428.002,23058.412,34002.06,51147.105
664,664,13552.408,23272.041,34317.08,51620.97
665,665,13677.979,23487.67,34635.047,52099.27
666,666,13804.726,23705.316,34955.99,52582.043
667,667,13932.658,23925.002,35279.938,53069.34
668,668,14061.789,24146.744,35606.918,53561.195
669,669,14192.128,24370.56,35936.96,54057.656
670,670,14323.688,24596.473,36270.094,54558.76
671,671,14456.479,24824.5,36606.344,55064.562
672,672,14590.512,25054.662,36945.74,55575.098
673,673,14725.801,25286.977,37288.312,56090.41
674,674,14862.355,25521.469,37634.098,56610.547
675,675,15000.189,25758.154,37983.113,57135.55
676,676,15139.313,25997.055,38335.4,57665.473
677,677,15279.738,26238.193,38690.984,58200.35
678,678,15421.479,26481.588,39049.895,58740.242
679,679,15564.547,26727.262,39412.168,59285.184
680,680,15708.953,26975.236,39777.83,59835.227
681,681,15854.711,27225.53,40146.914,60390.418
682,682,16001.834,27478.168,40519.457,60950.81
683,683,16150.334,27733.17,40895.484,61516.44
684,684,16300.225,27990.56,41275.03,62087.37
685,685,16451.518,28250.36,41658.133,62663.645
686,686,16604.227,28512.59,42044.82,63245.316
687,687,16758.365,28777.275,42435.13,63832.43
688,688,16913.947,29044.44,42829.09,64425.04
689,689,17070.986,29314.104,43226.74,65023.195
690,690,17229.494,29586.293,43628.11,65626.95
691,691,17389.486,29861.03,44033.234,66236.36
692,692,17550.977,30138.338,44442.156,66851.48
693,693,17713.979,30418.242,44854.906,67472.34
694,694,17878.506,30700.768,45271.52,68099.03
695,695,18044.574,30985.936,45692.03,68731.58
696,696,18212.195,31273.775,46116.48,69370.05
697,697,18381.387,31564.309,46544.902,70014.49
698,698,18552.162,31857.56,46977.332,70664.98
699,699,18724.535,32153.559,47413.812,71321.55
700,700,18898.523,32452.328,47854.38,71984.26
701,701,19074.139,32753.895,48299.07,72653.18
702,702,19251.398,33058.28,48747.92,73328.36
703,703,19430.318,33365.52,49200.977,74009.86
704,704,19610.912,33675.633,49658.273,74697.74
705,705,19793.197,33988.652,50119.85,75392.06
706,706,19977.188,34304.598,50585.75,76092.88
707,707,20162.9,34623.504,51056.008,76800.266
708,708,20350.352,34945.395,51530.668,77514.266
709,709,20539.559,35270.297,52009.773,78234.95
710,710,20730.537,35598.242,52493.36,78962.38
711,711,20923.303,35929.258,52981.477,79696.625
712,712,21117.871,36263.37,53474.164,80437.734
713,713,21314.264,36600.61,53971.46,81185.79
714,714,21512.492,36941.008,54473.41,81940.84
715,715,21712.578,37284.594,54980.062,82702.97
716,716,21914.537,37631.395,55491.457,83472.23
717,717,22118.385,37981.44,56007.637,84248.68
718,718,22324.143,38334.766,56528.652,85032.41
719,719,22531.826,38691.395,57054.543,85823.47
720,720,22741.453,39051.363,57585.355,86621.94
721,721,22953.043,39414.703,58121.137,87427.88
722,722,23166.613,39781.445,58661.934,88241.37
723,723,23382.184,40151.617,59207.793,89062.47
724,724,23599.77,40525.258,59758.766,89891.26
725,725,23819.395,40902.395,60314.89,90727.805
726,726,24041.074,41283.06,60876.227,91572.19
727,727,24264.83,41667.29,61442.812,92424.47
728,728,24490.68,42055.117,62014.703,93284.73
729,729,24718.645,42446.574,62591.95,94153.04
730,730,24948.742,42841.695,63174.598,95029.48
731,731,25180.994,43240.516,63762.703,95914.125
732,732,25415.42,43643.07,64356.31,96807.055
733,733,25652.041,44049.395,64955.477,97708.336
734,734,25890.877,44459.52,65560.25,98618.06
735,735,26131.95,44873.484,66170.69,99536.3
736,736,26375.277,45291.324,66786.836,100463.13
737,737,26620.883,45713.08,67408.75,101398.64
738,738,26868.787,46138.777,68036.49,102342.91
739,739,27119.014,46568.46,68670.11,103296.02
740,740,27371.58,47002.168,69309.65,104258.05
741,741,27626.514,47439.934,69955.19,105229.08
742,742,27883.832,47881.8,70606.76,106209.2
743,743,28143.559,48327.8,71264.44,107198.5
744,744,28405.719,48777.977,71928.266,108197.06
745,745,28670.332,49232.367,72598.31,109204.97
746,746,28937.422,49691.01,73274.63,110222.31
747,747,29207.012,50153.945,73957.28,111249.18
748,748,29479.125,50621.22,74646.32,112285.66
749,749,29753.785,51092.863,75341.81,113331.84
750,750,30031.018,51568.92,76043.81,114387.81
751,751,30310.846,52049.438,76752.38,115453.67
752,752,30593.293,52534.453,77467.59,116529.51
753,753,30878.383,53024.008,78189.49,117615.41
754,754,31166.143,53518.145,78918.15,118711.48
755,755,31456.596,54016.906,79653.625,119817.82
756,756,31749.768,54520.34,80395.99,120934.51
757,757,32045.684,55028.484,81145.305,122061.65
758,758,32344.371,55541.387,81901.63,123199.34
759,759,32645.854,56059.086,82665.04,124347.69
760,760,32950.156,56581.637,83435.586,125506.78
761,761,33257.312,57109.08,84213.36,126676.73
762,762,33567.34,57641.453,84998.41,127857.63
763,763,33880.27,58178.816,85790.8,129049.57
764,764,34196.133,58721.207,86590.61,130252.68
765,765,34514.95,59268.676,87397.914,131467.05
766,766,34836.75,59821.27,88212.77,132692.78
767,767,35161.562,60379.035,89035.26,133930
768,768,35489.418,60942.023,89865.44,135178.8
769,769,35820.34,61510.28,90703.4,136439.28
770,770,36154.363,62083.86,91549.195,137711.56
771,771,36491.51,62662.805,92402.914,138995.75
772,772,36831.812,63247.17,93264.625,140291.97
773,773,37175.305,63837.008,94134.4,141600.31
774,774,37522.008,64432.367,95012.32,142920.9
775,775,37871.96,65033.297,95898.45,144253.86
776,776,38225.188,65639.85,96792.88,145599.3
777,777,38581.72,66252.086,97695.69,146957.33
778,778,38941.59,66870.055,98606.945,148328.08
779,779,39304.83,67493.805,99526.73,149711.66
780,780,39671.47,68123.39,100455.13,151108.17
781,781,40041.54,68758.875,101392.21,152517.77
782,782,40415.074,69400.305,102338.07,153940.56
783,783,40792.11,70047.74,103292.78,155376.67
784,784,41172.668,70701.24,104256.43,156826.23
785,785,41556.793,71360.85,105229.1,158289.36
786,786,41944.516,72026.64,106210.88,159766.19
787,787,42335.863,72698.664,107201.84,161256.83
788,788,42730.875,73376.98,108202.09,162761.42
789,789,43129.586,74061.63,109211.7,164280.11
790,790,43532.03,74752.71,110230.75,165813.02
791,791,43938.242,75450.25,111259.34,167360.27
792,792,44348.254,76154.32,112297.57,168922
793,793,44762.105,76864.98,113345.52,170498.36
794,794,45179.83,77582.29,114403.27,172089.47
795,795,45601.465,78306.32,115470.92,173695.47
796,796,46027.047,79037.125,116548.57,175316.5
797,797,46456.613,79774.766,117636.3,176952.72
798,798,46890.2,80519.32,118734.23,178604.25
799,799,47327.848,81270.84,119842.42,180271.23
800,800,47769.59,82029.4,120960.99,181953.83
801,801,48215.47,82795.055,122090.04,183652.17
802,802,48665.52,83567.875,123229.65,185366.42
803,803,49119.785,84347.94,124379.93,187096.7
804,804,49578.305,85135.3,125540.98,188843.2
805,805,50041.113,85930.03,126712.89,190606.03
806,806,50508.254,86732.2,127895.77,192385.38
807,807,50979.77,87541.88,129089.73,194181.38
808,808,51455.7,88359.14,130294.87,195994.17
809,809,51936.082,89184.05,131511.28,197823.95
810,810,52420.96,90016.68,132739.1,199670.86
811,811,52910.383,90857.11,133978.38,201535.05
812,812,53404.383,91705.4,135229.28,203416.69
813,813,53903.008,92561.63,136491.89,205315.95
814,814,54406.3,93425.88,137766.31,207232.98
815,815,54914.305,94298.22,139052.67,209167.97
816,816,55427.066,95178.73,140351.06,211121.08
817,817,55944.625,96067.48,141661.62,213092.45
818,818,56467.03,96964.54,142984.44,215082.28
819,819,56994.324,97870.01,144319.64,217090.75
820,820,57526.555,98783.945,145667.34,219118
821,821,58063.77,99706.445,147027.67,221164.25
822,822,58606.01,100637.58,148400.72,223229.64
823,823,59153.33,101577.42,149786.62,225314.38
824,824,59705.77,102526.07,151185.5,227418.61
825,825,60263.383,103483.59,152597.47,229542.55
826,826,60826.215,104450.09,154022.67,231686.38
827,827,61394.316,105425.63,155461.2,233850.27
828,828,61967.74,106410.3,156913.2,236034.42
829,829,62546.523,107404.18,158378.78,238239.02
830,830,63130.73,108407.37,159858.1,240464.23
831,831,63720.402,109419.95,161351.25,242710.3
832,832,64315.598,110442.01,162858.39,244977.39
833,833,64916.363,111473.64,164379.64,247265.69
834,834,65522.75,112514.92,165915.12,249575.42
835,835,66134.82,113565.95,167464.98,251906.78
836,836,66752.61,114626.83,169029.34,254259.95
837,837,67376.19,115697.63,170608.36,256635.16
838,838,68005.61,116778.45,172202.14,259032.6
839,839,68640.914,117869.4,173810.86,261452.47
840,840,69282.17,118970.55,175434.62,263895
841,841,69929.43,120082.02,177073.6,266360.4
842,842,70582.74,121203.88,178727.9,268848.88
843,843,71242.17,122336.25,180397.7,271360.66
844,844,71907.78,123479.22,182083.14,273895.94
845,845,72579.62,124632.89,183784.34,276454.94
846,846,73257.74,125797.36,185501.47,279037.9
847,847,73942.21,126972.73,187234.67,281645.06
848,848,74633.09,128159.1,188984.11,284276.62
849,849,75330.445,129356.58,190749.9,286932.8
850,850,76034.32,130565.27,192532.25,289613.88
851,851,76744.78,131785.27,194331.27,292320
852,852,77461.9,133016.69,196147.12,295051.5
853,853,78185.73,134259.64,197979.98,297808.56
854,854,78916.33,135514.22,199830.02,300591.4
855,855,79653.77,136780.55,201697.34,303400.3
856,856,80398.12,138058.73,203582.16,306235.53
857,857,81149.43,139348.88,205484.62,309097.28
858,858,81907.78,140651.11,207404.89,311985.8
859,859,82673.23,141965.52,209343.12,314901.38
860,860,83445.836,143292.23,211299.52,317844.25
861,861,84225.68,144631.38,213274.22,320814.66
862,862,85012.82,145983.05,215267.4,323812.88
863,863,85807.336,147347.38,217279.25,326839.2
864,864,86609.29,148724.48,219309.92,329893.78
865,865,87418.74,150114.47,221359.61,332977
866,866,88235.77,151517.47,223428.48,336089.1
867,867,89060.46,152933.61,225516.73,339230.28
868,868,89892.86,154363,227624.52,342400.9
869,869,90733.055,155805.77,229752.03,345601.2
870,870,91581.12,157262.05,231899.47,348831.44
871,871,92437.11,158731.95,234067.02,352091.94
872,872,93301.125,160215.62,236254.84,355382.94
873,873,94173.23,161713.19,238463.14,358704.75
874,874,95053.484,163224.77,240692.12,362057.66
875,875,95941.99,164750.48,242941.97,365441.97
876,876,96838.81,166290.5,245212.88,368857.94
877,877,97744.02,167844.92,247505.05,372305.88
878,878,98657.71,169413.9,249818.66,375786.12
879,879,99579.95,170997.56,252153.94,379298.94
880,880,100510.83,172596.06,254511.08,382844.62
881,881,101450.42,174209.5,256890.28,386423.5
882,882,102398.8,175838.06,259291.77,390035.9
883,883,103356.07,177481.86,261715.72,393682.1
884,884,104322.29,179141.05,264162.38,397362.44
885,885,105297.56,180815.77,266631.9,401077.22
886,886,106281.95,182506.17,269124.6,404826.78
887,887,107275.57,184212.39,271640.6,408611.44
888,888,108278.48,185934.58,274180.16,412431.53
889,889,109290.79,187672.89,276743.47,416287.38
890,890,110312.56,189427.48,279330.78,420179.3
891,891,111343.91,191198.48,281942.34,424107.7
892,892,112384.91,192986.08,284578.3,428072.84
893,893,113435.65,194790.4,287239,432075.1
894,894,114496.23,196611.61,289924.56,436114.84
895,895,115566.73,198449.88,292635.28,440192.38
896,896,116647.26,200305.34,295371.34,444308.1
897,897,117737.91,202178.19,298133.06,448462.34
898,898,118838.76,204068.56,300920.6,452655.47
899,899,119949.91,205976.62,303734.25,456887.88
900,900,121071.47,207902.55,306574.22,461159.88
901,901,122203.53,209846.5,309440.8,465471.88
902,902,123346.18,211808.66,312334.22,469824.22
903,903,124499.53,213789.19,315254.7,474217.3
904,904,125663.68,215788.25,318202.53,478651.56
905,905,126838.73,217806.02,321177.94,483127.28
906,906,128024.77,219842.69,324181.22,487644.9
907,907,129221.92,221898.4,327212.6,492204.84
908,908,130430.27,223973.38,330272.38,496807.44
909,909,131649.94,226067.78,333360.78,501453.12
910,910,132881.02,228181.78,336478.1,506142.3
911,911,134123.62,230315.56,339624.6,510875.38
912,912,135377.86,232469.33,342800.53,515652.78
913,913,136643.84,234643.25,346006.22,520474.88
914,914,137921.67,236837.53,349241.9,525342.1
915,915,139211.47,239052.34,352507.9,530254.94
916,916,140513.33,241287.9,355804.44,535213.7
917,917,141827.39,243544.38,359131.88,540218.94
918,918,143153.73,245821.97,362490.44,545271
919,919,144492.52,248120.89,365880.44,550370.4
920,920,145843.81,250441.33,369302.16,555517.44
921,921,147207.77,252783.5,372755.9,560712.75
922,922,148584.48,255147.58,376242.03,565956.6
923,923,149974.1,257533.8,379760.75,571249.6
924,924,151376.7,259942.36,383312.4,576592.2
925,925,152792.45,262373.47,386897.34,581984.75
926,926,154221.45,264827.3,390515.8,587427.75
927,927,155663.83,267304.16,394168.16,592921.75
928,928,157119.7,269804.16,397854.7,598467.2
929,929,158589.2,272327.56,401575.72,604064.5
930,930,160072.47,274874.62,405331.6,609714.25
931,931,161569.61,277445.5,409122.66,615416.8
932,932,163080.77,280040.44,412949.16,621172.8
933,933,164606.08,282659.7,416811.5,626982.7
934,934,166145.67,285303.44,420710,632847
935,935,167699.66,287971.94,424645,638766.1
936,936,169268.2,290665.44,428616.84,644740.7
937,937,170851.44,293384.12,432625.84,650771.2
938,938,172449.48,296128.28,436672.38,656858.1
939,939,174062.48,298898.12,440756.8,663002.06
940,940,175690.6,301693.9,444879.47,669203.5
941,941,177333.94,304515.84,449040.7,675463
942,942,178992.67,307364.2,453240.9,681781.06
943,943,180666.94,310239.2,457480.4,688158.3
944,944,182356.86,313141.12,461759.62,694595.25
945,945,184062.61,316070.22,466078.88,701092.44
946,946,185784.33,319026.75,470438.56,707650.44
947,947,187522.17,322010.94,474839.06,714269.8
948,948,189276.27,325023.06,479280.75,720951.2
949,949,191046.8,328063.38,483764.03,727695.06
950,950,192833.89,331132.16,488289.28,734502.1
951,951,194637.72,334229.66,492856.88,741372.9
952,952,196458.42,337356.2,497467.25,748307.94
953,953,198296.19,340511.94,502120.78,755307.94
954,954,200151.14,343697.25,506817.84,762373.44
955,955,202023.47,346912.38,511558.9,769505.1
956,956,203913.31,350157.62,516344.34,776703.5
957,957,205820.86,353433.22,521174.56,783969.3
958,958,207746.25,356739.5,526050,791303.1
959,959,209689.67,360076.72,530971.06,798705.6
960,960,211651.28,363445.2,535938.25,806177.4
961,961,213631.25,366845.16,540951.9,813719.06
962,962,215629.77,370276.97,546012.44,821331.4
963,963,217646.98,373740.94,551120.44,829014.94
964,964,219683.1,377237.3,556276.2,836770.44
965,965,221738.25,380766.4,561480.2,844598.5
966,966,223812.66,384328.53,566732.94,852499.9
967,967,225906.47,387924,572034.9,860475.2
968,968,228019.89,391553.16,577386.44,868525.2
969,969,230153.1,395216.25,582788.06,876650.5
970,970,232306.27,398913.66,588240.25,884851.94
971,971,234479.58,402645.7,593743.5,893130.1
972,972,236673.25,406412.62,599298.25,901485.75
973,973,238887.47,410214.84,604905,909919.7
974,974,241122.39,414052.62,610564.25,918432.5
975,975,243378.25,417926.38,616276.5,927025
976,976,245655.22,421836.34,622042.2,935698
977,977,247953.52,425782.94,627861.9,944452.1
978,978,250273.31,429766.47,633736,953288.25
979,979,252614.83,433787.3,639665.1,962207.06
980,980,254978.27,437845.78,645649.75,971209.3
981,981,257363.83,441942.22,651690.44,980295.94
982,982,259771.72,446077.03,657787.6,989467.56
983,983,262202.16,450250.53,663941.9,998725
984,984,264655.3,454463.12,670153.8,1008069.2
985,985,267131.47,458715.12,676423.8,1017500.8
986,986,269630.8,463006.94,682752.56,1027020.7
987,987,272153.53,467338.94,689140.56,1036629.7
988,988,274699.88,471711.47,695588.3,1046328.7
989,989,277270.03,476124.94,702096.44,1056118.5
990,990,279864.28,480579.75,708665.5,1065999.9
991,991,282482.78,485076.22,715296.06,1075973.8
992,992,285125.8,489614.8,721988.6,1086041
993,993,287793.6,494195.88,728743.94,1096202.5
994,994,290486.34,498819.8,735562.44,1106459.1
995,995,293204.28,503487.06,742444.75,1116811.8
996,996,295947.7,508197.97,749391.5,1127261.4
997,997,298716.75,512953,756403.3,1137808.8
998,998,301511.75,517752.53,763480.7,1148454.9
999,999,304332.9,522597,770624.4,1159200.6
1000,1000,307180.47,527486.8,777834.94,1170047
1001,1001,310054.7,532422.4,785112.94,1180994.9
1002,1002,312955.84,537404.2,792459.1,1192045.2
1003,1003,315884.12,542432.6,799874.06,1203199
1004,1004,318839.8,547508.1,807358.44,1214457.2
1005,1005,321823.2,552631.1,814912.8,1225820.9
1006,1006,324834.47,557802.06,822538,1237290.9
1007,1007,327873.97,563021.44,830234.5,1248868.2
1008,1008,330941.9,568289.7,838003.06,1260554
1009,1009,334038.56,573607.2,845844.3,1272349.1
1010,1010,337164.2,578974.5,853759,1284254.6
1011,1011,340319.1,584392.06,861747.75,1296271.6
1012,1012,343503.53,589860.4,869811.3,1308401.1
1013,1013,346717.78,595379.8,877950.3,1320644.1
1014,1014,349962.12,600950.94,886165.56,1333001.8
1015,1015,353236.8,606574.25,894457.7,1345475.1
1016,1016,356542.2,612250.2,902827.44,1358065.1
1017,1017,359878.47,617979.25,911275.56,1370773.1
1018,1018,363246,623761.94,919802.75,1383600
1019,1019,366645.06,629598.75,928409.75,1396546.9
1020,1020,370075.94,635490.2,937097.3,1409615.1
1021,1021,373538.94,641436.8,945866.2,1422805.6
1022,1022,377034.34,647439.06,954717.2,1436119.5
1023,1023,380562.47,653497.5,963651,1449558.1
1024,1024,384123.62,659612.7,972668.5,1463122.5
1025,1025,387718.1,665785.1,981770.4,1476813.9
1026,1026,391346.25,672015.3,990957.44,1490633.5
1027,1027,395008.34,678303.8,1000230.6,1504582.4
1028,1028,398704.72,684651.25,1009590.4,1518661.9
1029,1029,402435.72,691058,1019037.9,1532873.1
1030,1030,406201.62,697524.8,1028573.9,1547217.4
1031,1031,410002.78,704052.1,1038199.1,1561696
1032,1032,413839.53,710640.5,1047914.4,1576310.1
1033,1033,417712.2,717290.6,1057720.6,1591061
1034,1034,421621.1,724002.94,1067618.8,1605950
1035,1035,425566.6,730778.1,1077609.4,1620978.4
1036,1036,429549.03,737616.75,1087693.6,1636147.5
1037,1037,433568.75,744519.4,1097872.2,1651458.5
1038,1038,437626.12,751486.56,1108146.2,1666912.9
1039,1039,441721.44,758519,1118516.2,1682512
1040,1040,445855.1,765617.3,1128983.5,1698257.1
1041,1041,450027.47,772782.06,1139548.6,1714149.5
1042,1042,454238.88,780013.8,1150212.6,1730190.8
1043,1043,458489.72,787313.3,1160976.5,1746382.1
1044,1044,462780.34,794681.1,1171841.1,1762725.1
1045,1045,467111.16,802117.94,1182807.5,1779221.1
1046,1046,471482.47,809624.4,1193876.5,1795871.5
1047,1047,475894.75,817201,1205049.1,1812677.8
1048,1048,480348.28,824848.6,1216326.2,1829641.2
1049,1049,484843.53,832567.8,1227709,1846763.6
1050,1050,489380.88,840359.25,1239198.4,1864046.2
1051,1051,493960.7,848223.7,1250795.2,1881490.6
1052,1052,498583.34,856161.7,1262500.6,1899098.4
1053,1053,503249.3,864174,1274315.6,1916871
1054,1054,507958.94,872261.3,1286241.2,1934809.9
1055,1055,512712.66,880424.3,1298278.5,1952916.8
1056,1056,517510.84,888663.75,1310428.4,1971193
1057,1057,522353.97,896980.3,1322692,1989640.5
1058,1058,527242.44,905374.75,1335070.5,2008260.6
1059,1059,532176.7,913847.75,1347564.9,2027055
1060,1060,537157.06,922400.06,1360176.1,2046025.4
1061,1061,542184.1,931032.44,1372905.5,2065173.2
1062,1062,547258.25,939745.6,1385754,2084500.4
1063,1063,552379.8,948540.3,1398722.8,2104008.5
1064,1064,557549.4,957417.44,1411812.9,2123699.2
1065,1065,562767.3,966377.56,1425025.6,2143574.2
1066,1066,568034.06,975421.6,1438362,2163635.2
1067,1067,573350.1,984550.3,1451823.2,2183884.2
1068,1068,578716,993764.5,1465410.5,2204322.8
1069,1069,584132.06,1003064.9,1479125,2224952.5
1070,1070,589598.8,1012452.4,1492967.8,2245775.2
1071,1071,595116.75,1021927.8,1506940.2,2266793
1072,1072,600686.4,1031491.8,1521043.4,2288007.5
1073,1073,606308.1,1041145.4,1535278.6,2309420.8
1074,1074,611982.44,1050889.2,1549647.1,2331034.2
1075,1075,617709.94,1060724.5,1564150.1,2352850.2
1076,1076,623491,1070651.8,1578788.9,2374870.2
1077,1077,629326.25,1080671.9,1593564.6,2397096.5
1078,1078,635216.06,1090785.8,1608478.6,2419530.8
1079,1079,641161.06,1100994.4,1623532.4,2442175.2
1080,1080,647161.6,1111298.6,1638727,2465031.5
1081,1081,653218.44,1121699.2,1654063.9,2488101.8
1082,1082,659331.94,1132197.2,1669544.2,2511388
1083,1083,665502.6,1142793.6,1685169.6,2534892
1084,1084,671731.1,1153489,1700941.2,2558616.2
1085,1085,678017.94,1164284.6,1716860.5,2582562.5
1086,1086,684363.56,1175181.2,1732928.8,2606733
1087,1087,690768.56,1186180,1749147.4,2631129.8
1088,1088,697233.56,1197281.6,1765517.9,2655755
1089,1089,703759.1,1208487.1,1782041.6,2680610.5
1090,1090,710345.7,1219797.5,1798720.1,2705698.8
1091,1091,716993.94,1231213.9,1815554.6,2731022
1092,1092,723704.44,1242737,1832546.8,2756582
1093,1093,730477.75,1254368.1,1849698,2782381.5
1094,1094,737314.44,1266108,1867009.8,2808422.5
1095,1095,744215.2,1277957.9,1884483.6,2834707.2
1096,1096,751180.5,1289918.6,1902121,2861238
1097,1097,758211,1301991.2,1919923.5,2888017.2
1098,1098,765307.3,1314177,1937892.6,2915047
1099,1099,772470.06,1326476.9,1956030,2942329.8
1100,1100,779699.9,1338891.8,1974337.1,2969868
1101,1101,786997.4,1351422.9,1992815.6,2997664
1102,1102,794363.2,1364071.4,2011467.1,3025720.2
1103,1103,801797.9,1376838.2,2030293.1,3054039.2
1104,1104,809302.25,1389724.6,2049295.5,3082623.2
1105,1105,816876.8,1402731.6,2068475.6,3111474.8
1106,1106,824522.3,1415860.4,2087835.4,3140596.2
1107,1107,832239.4,1429112,2107376.2,3169990.5
1108,1108,840028.7,1442487.8,2127100.2,3199659.8
1109,1109,847890.94,1455988.6,2147008.8,3229607
1110,1110,855826.75,1469615.9,2167103.8,3259834.5
1111,1111,863836.8,1483370.8,2187386.8,3290344.8
1112,1112,871921.94,1497254.4,2207859.5,3321140.8
1113,1113,880082.7,1511268,2228524,3352225
1114,1114,888319.9,1525412.8,2249382,3383600.5
1115,1115,896634.1,1539690,2270435.2,3415269.2
1116,1116,905026.25,1554100.8,2291685.5,3447234.8
1117,1117,913496.94,1568646.5,2313134.8,3479499.5
1118,1118,922046.9,1583328.4,2334784.8,3512066.2
1119,1119,930676.9,1598147.8,2356637.2,3544937.8
1120,1120,939387.6,1613105.8,2378694.5,3578117
1121,1121,948179.94,1628203.9,2400958.2,3611606.8
1122,1122,957054.56,1643443.2,2423430.2,3645410.2
1123,1123,966012.25,1658825.2,2446112.8,3679530
1124,1124,975053.8,1674351.4,2469007.5,3713969
1125,1125,984180,1690022.8,2492116.8,3748730.8
1126,1126,993391.6,1705840.9,2515442.2,3783817.5
1127,1127,1002689.5,1721807,2538986,3819233
1128,1128,1012074.4,1737922.6,2562750.2,3854980
1129,1129,1021547.1,1754189.1,2586736.8,3891061.5
1130,1130,1031108.6,1770607.9,2610948,3927480.8
1131,1131,1040759.4,1787180.2,2635385.8,3964241
1132,1132,1050500.8,1803907.9,2660052.5,4001345.5
1133,1133,1060333.1,1820792,2684950,4038797.2
1134,1134,1070257.6,1837834.2,2710080.5,4076599.5
1135,1135,1080275,1855036,2735446.2,4114755.5
1136,1136,1090386.2,1872398.9,2761049.5,4153269
1137,1137,1100592,1889924.1,2786892.5,4192142.8
1138,1138,1110893.4,1907613.5,2812977.2,4231380.5
1139,1139,1121291.1,1925468.5,2839306.2,4270985.5
1140,1140,1131786.2,1943490.5,2865881.8,4310961.5
1141,1141,1142379.6,1961681.4,2892706,4351311.5
1142,1142,1153072.2,1980042.5,2919781.5,4392039
1143,1143,1163864.9,1998575.4,2947110.2,4433148
1144,1144,1174758.5,2017281.9,2974694.8,4474642
1145,1145,1185754.1,2036163.5,3002537.8,4516524
1146,1146,1196852.6,2055221.8,3030641.2,4558798.5
1147,1147,1208055.1,2074458.5,3059007.8,4601468.5
1148,1148,1219362.4,2093875.2,3087640,4644538
1149,1149,1230775.6,2113473.8,3116540,4688010.5
1150,1150,1242295.6,2133255.8,3145710.8,4731890
1151,1151,1253923.4,2153223,3175154.5,4776180.5
1152,1152,1265660.1,2173377.2,3204873.8,4820885
1153,1153,1277506.6,2193720,3234871.2,4866008.5
1154,1154,1289464.1,2214253.2,3265149.8,4911554.5
1155,1155,1301533.5,2234978.5,3295711.5,4957526.5
1156,1156,1313715.9,2255898,3326559.5,5003929
1157,1157,1326012.2,2277013.2,3357696,5050766
1158,1158,1338423.9,2298326.2,3389124.2,5098041.5
1159,1159,1350951.5,2319838.5,3420846.5,5145759
1160,1160,1363596.5,2341552.5,3452866,5193923.5
1161,1161,1376359.9,2363469.5,3485185,5242539
1162,1162,1389242.6,2385591.8,3517806.5,5291609.5
1163,1163,1402246.1,2407921,3550733.5,5341139.5
1164,1164,1415371.2,2430459.2,3583968.5,5391133
1165,1165,1428619.2,2453208.8,3617514.8,5441594.5
1166,1166,1441991.2,2476171,3651375.2,5492528.5
1167,1167,1455488.4,2499348.2,3685552.5,5543939
1168,1168,1469112,2522742.2,3720049.5,5595831
1169,1169,1482863,2546355.5,3754869.8,5648208.5
1170,1170,1496742.9,2570189.8,3790015.8,5701076.5
1171,1171,1510752.5,2594247,3825491,5754439.5
1172,1172,1524893.4,2618529.8,3861298,5808302
1173,1173,1539166.6,2643039.5,3897440.5,5862668.5
1174,1174,1553573.5,2667778.8,3933921,5917544
1175,1175,1568115.2,2692749.8,3970743.2,5972933.5
1176,1176,1582793.1,2717954.2,4007910.2,6028841
1177,1177,1597608.4,2743394.8,4045425,6085272
1178,1178,1612562.2,2769073.5,4083291,6142231.5
1179,1179,1627656.1,2794992.8,4121511.2,6199724
1180,1180,1642891.4,2821154.2,4160089.5,6257755
1181,1181,1658269.2,2847561,4199029,6316328.5
1182,1182,1673791,2874214.8,4238333,6375451
1183,1183,1689458,2901118,4278004.5,6435126.5
1184,1184,1705271.8,2928273.2,4318047.5,6495361
1185,1185,1721233.5,2955682.8,4358465.5,6556159
1186,1186,1737344.8,2983348.5,4399262,6617526.5
1187,1187,1753606.8,3011273.5,4440440.5,6679468.5
1188,1188,1770021,3039459.8,4482004,6741990
1189,1189,1786588.9,3067910,4523957,6805097
1190,1190,1803311.8,3096626.5,4566302.5,6868794.5
1191,1191,1820191.4,3125611.8,4609044,6933088.5
1192,1192,1837228.9,3154868.5,4652186,6997984
1193,1193,1854425.9,3184399,4695732,7063487.5
1194,1194,1871783.9,3214206,4739685.5,7129603.5
1195,1195,1889304.4,3244292,4784050.5,7196339
1196,1196,1906988.9,3274659.5,4828831,7263699
1197,1197,1924838.9,3305311.5,4874030,7331689.5
1198,1198,1942856,3336250.2,4919653,7400316.5
1199,1199,1961041.8,3367478.8,4965702.5,7469586
1200,1200,1979397.9,3398999.5,5012183,7539504
1201,1201,1997925.8,3430815.2,5059099,7610076.5
1202,1202,2016627,3462929,5106454,7681309.5
1203,1203,2035503.4,3495343.2,5154252,7753209.5
1204,1204,2054556.4,3528061,5202498,7825782.5
1205,1205,2073787.9,3561085,5251195,7899034.5
1206,1206,2093199.2,3594418,5300348.5,7972972.5
1207,1207,2112792.5,3628063.2,5349961.5,8047602.5
1208,1208,2132569,3662023.2,5400039.5,8122931.5
1209,1209,2152530.8,3696301.2,5450586,8198965.5
1210,1210,2172679.2,3730900.2,5501605.5,8275711
1211,1211,2193016.5,3765823,5553103,8353175
1212,1212,2213544,3801072.5,5605082.5,8431364
1213,1213,2234263.8,3836652.2,5657548,8510285
1214,1214,2255177.2,3872565,5710505.5,8589945
1215,1215,2276286.8,3908813.8,5763958,8670351
1216,1216,2297593.8,3945402,5817911.5,8751509
1217,1217,2319100.2,3982332.8,5872369.5,8833427
1218,1218,2340808.2,4019609,5927337.5,8916112
1219,1219,2362719.2,4057234.5,5982820,8999571
1220,1220,2384835.2,4095212,6038822,9083811
1221,1221,2407158.5,4133545.2,6095348,9168840
1222,1222,2429690.5,4172237,6152403.5,9254664
1223,1223,2452433.8,4211291,6209993,9341292
1224,1224,2475389.5,4250711,6268121.5,9428731
1225,1225,2498560.5,4290499.5,6326794,9516989
1226,1226,2521948.2,4330660.5,6386016,9606072
1227,1227,2545554.8,4371198,6445792,9695990
1228,1228,2569382.5,4412114.5,6506128,9786749
1229,1229,2593433.2,4453414,6567028.5,9878358
1230,1230,2617709,4495100.5,6628499.5,9970825
1231,1231,2642212.2,4537176.5,6690545.5,10064157
1232,1232,2666944.8,4579647,6753172.5,10158362
1233,1233,2691908.8,4622515,6816385.5,10253450
1234,1234,2717106.2,4665784,6880190.5,10349427
1235,1235,2742540,4709458.5,6944593,10446304
1236,1236,2768211.5,4753541.5,7009598,10544087
1237,1237,2794123.5,4798037,7075211.5,10642785
1238,1238,2820278,4842949.5,7141439.5,10742407
1239,1239,2846677.2,4888282,7208287,10842962
1240,1240,2873323.8,4934039,7275760.5,10944458
1241,1241,2900219.8,4980224.5,7343866,11046904
1242,1242,2927367.5,5026842,7412608.5,11150309
1243,1243,2954769.2,5073896,7481994.5,11254683
1244,1244,2982427.5,5121390.5,7552030.5,11360033
1245,1245,3010344.8,5169329.5,7622721.5,11466369
1246,1246,3038523.2,5217717.5,7694075,11573701
1247,1247,3066965.8,5266558.5,7766096,11682038
1248,1248,3095674.2,5315856.5,7838791,11791388
1249,1249,3124651.5,5365616,7912166.5,11901763
1250,1250,3153900.2,5415841.5,7986229.5,12013170
1251,1251,3183422.5,5466537,8060985,12125621
1252,1252,3213221.2,5517707,8136441,12239124
1253,1253,3243299,5569356,8212603,12353689
1254,1254,3273658.2,5621488.5,8289477.5,12469327
1255,1255,3304301.8,5674109,8367072.5,12586048
1256,1256,3335232,5727222.5,8445393,12703861
1257,1257,3366451.8,5780832.5,8524447,12822777
1258,1258,3397963.8,5834945,8604241,12942806
1259,1259,3429771,5889563.5,8684783,13063959
1260,1260,3461875.8,5944693.5,8766078,13186246
1261,1261,3494281,6000339.5,8848134,13309677
1262,1262,3526989.8,6056506.5,8930958,13434264
1263,1263,3560004.8,6113199.5,9014557,13560018
1264,1264,3593328.5,6170423,9098939,13686948
1265,1265,3626964.5,6228182,9184111,13815067
1266,1266,3660915.2,6286482,9270080,13944385
1267,1267,3695183.8,6345327.5,9356854,14074913
1268,1268,3729773,6404724,9444441,14206664
1269,1269,3764686.2,6464676.5,9532847,14339647
1270,1270,3799926.2,6525190,9622081,14473876
1271,1271,3835496,6586270,9712150,14609361
1272,1272,3871398.8,6647922,9803062,14746115
1273,1273,3907637.8,6710151,9894825,14884148
1274,1274,3944215.8,6772962.5,9987447,15023474
1275,1275,3981136.2,6836362,10080937,15164104
1276,1276,4018402.5,6900355,10175301,15306050
1277,1277,4056017.5,6964947,10270549,15449325
1278,1278,4093984.5,7030144,10366688,15593941
1279,1279,4132307,7095951,10463728,15739911
1280,1280,4170988.5,7162374,10561675,15887248
1281,1281,4210031.5,7229418.5,10660540,16035964
1282,1282,4249440.5,7297091,10760330,16186071
1283,1283,4289218.5,7365397,10861054,16337584
1284,1284,4329368.5,7434342,10962721,16490516
1285,1285,4369894.5,7503933,11065340,16644879
1286,1286,4410799.5,7574175,11168920,16800686
1287,1287,4452088,7645074.5,11273469,16957952
1288,1288,4493762.5,7716638,11378996,17116692
1289,1289,4535827.5,7788871.5,11485512,17276916
1290,1290,4578286,7861781,11593025,17438640
1291,1291,4621142,7935372.5,11701544,17601878
1292,1292,4664399.5,8009653.5,11811079,17766644
1293,1293,4708061.5,8084630,11921639,17932954
1294,1294,4752132.5,8160308,12033234,18100820
1295,1295,4796616,8236694.5,12145874,18270256
1296,1296,4841516,8313796,12259569,18441280
1297,1297,4886836,8391619,12374327,18613904
1298,1298,4932580.5,8470171,12490160,18788144
1299,1299,4955613,8509722,12548482,18875874
1300,1300,4978753,8549458,12607077,18964014
