ID,Quality[0],Quality[1],Quality[2],Quality[3],Quality[4],Quality[5],Quality[6],ItemLevel
1,15.696397,16.568419,17.440441,17.440441,17.440441,17.440441,17.440441,1
2,17.123343,18.074638,19.025936,19.025936,19.025936,19.025936,19.025936,2
3,18.550287,19.580858,20.61143,20.61143,20.61143,20.61143,20.61143,3
4,19.977232,21.087078,22.196924,22.196924,22.196924,22.196924,22.196924,4
5,21.404177,22.593298,23.78242,23.78242,23.78242,23.78242,23.78242,5
6,22.831121,24.099518,25.367914,25.367914,25.367914,25.367914,25.367914,6
7,24.258068,25.605738,26.95341,26.95341,26.95341,26.95341,26.95341,7
8,25.685013,27.111958,28.538902,28.538902,28.538902,28.538902,28.538902,8
9,27.111958,28.618177,30.124397,30.124397,30.124397,30.124397,30.124397,9
10,28.538902,30.124397,31.709892,31.709892,31.709892,31.709892,31.709892,10
11,29.965849,31.630617,33.295387,33.295387,33.295387,33.295387,33.295387,11
12,31.392794,33.136837,34.880882,34.880882,34.880882,34.880882,34.880882,12
13,32.819736,34.64306,36.466377,36.466377,36.466377,36.466377,36.466377,13
14,34.246685,36.149277,38.051872,38.051872,38.051872,38.051872,38.051872,14
15,35.67363,37.6555,39.637363,39.637363,39.637363,39.637363,39.637363,15
16,37.100574,39.161716,41.22286,41.22286,41.22286,41.22286,41.22286,16
17,38.52752,40.66794,42.808353,42.808353,42.808353,42.808353,42.808353,17
18,39.954464,42.174156,44.39385,44.39385,44.39385,44.39385,44.39385,18
19,41.38141,43.680378,45.979343,45.979343,45.979343,45.979343,45.979343,19
20,42.808353,45.186596,47.56484,47.56484,47.56484,47.56484,47.56484,20
21,45.590473,48.12328,50.656082,50.656082,50.656082,50.656082,50.656082,21
22,48.452396,51.1442,53.836,53.836,53.836,53.836,53.836,22
23,51.394123,54.249355,57.104584,57.104584,57.104584,57.104584,57.104584,23
24,54.415653,57.438744,60.461834,60.461834,60.461834,60.461834,60.461834,24
25,57.51698,60.712364,63.907753,63.907753,63.907753,63.907753,63.907753,25
26,59.502663,62.808365,66.11407,66.11407,66.11407,66.11407,66.11407,26
27,61.48827,64.90428,68.3203,68.3203,68.3203,68.3203,68.3203,27
28,63.47381,67.00013,70.52646,70.52646,70.52646,70.52646,70.52646,28
29,65.464836,69.10177,72.7387,72.7387,72.7387,72.7387,72.7387,29
30,67.46923,71.21752,74.96581,74.96581,74.96581,74.96581,74.96581,30
31,69.52463,73.38711,77.24959,77.24959,77.24959,77.24959,77.24959,31
32,71.65142,75.63205,79.612686,79.612686,79.612686,79.612686,79.612686,32
33,73.861145,77.96454,82.06794,82.06794,82.06794,82.06794,82.06794,33
34,76.1597,80.39079,84.62189,84.62189,84.62189,84.62189,84.62189,34
35,78.55111,82.91506,87.279015,87.279015,87.279015,87.279015,87.279015,35
36,81.03961,85.54181,90.04401,90.04401,90.04401,90.04401,90.04401,36
37,83.62963,88.27572,92.921814,92.921814,92.921814,92.921814,92.921814,37
38,86.32585,91.12173,95.91761,95.91761,95.91761,95.91761,95.91761,38
39,89.13316,94.08501,99.03684,99.03684,99.03684,99.03684,99.03684,39
40,92.056725,97.17099,102.28525,102.28525,102.28525,102.28525,102.28525,40
41,95.10196,100.3854,105.66885,105.66885,105.66885,105.66885,105.66885,41
42,98.27456,103.73425,109.19395,109.19395,109.19395,109.19395,109.19395,42
43,101.58051,107.22387,112.86723,112.86723,112.86723,112.86723,112.86723,43
44,105.02612,110.8609,116.69569,116.69569,116.69569,116.69569,116.69569,44
45,108.618,114.65234,120.68667,120.68667,120.68667,120.68667,120.68667,45
46,112.36315,118.60555,124.84795,124.84795,124.84795,124.84795,124.84795,46
47,116.26889,122.72827,129.18765,129.18765,129.18765,129.18765,129.18765,47
48,120.34295,127.02866,133.71439,133.71439,133.71439,133.71439,133.71439,48
49,124.1535,131.05092,137.94833,137.94833,137.94833,137.94833,137.94833,49
50,128.1175,135.23514,142.35278,142.35278,142.35278,142.35278,142.35278,50
51,129.47368,136.66667,143.85965,143.85965,143.85965,143.85965,143.85965,51
52,133.17215,140.5706,147.96906,147.96906,147.96906,147.96906,147.96906,52
53,134.12286,141.57413,149.02539,149.02539,149.02539,149.02539,149.02539,53
54,137.98392,145.64969,153.31546,153.31546,153.31546,153.31546,153.31546,54
55,138.97653,146.69745,154.41837,154.41837,154.41837,154.41837,154.41837,55
56,143.00818,150.95308,158.89798,158.89798,158.89798,158.89798,158.89798,56
57,144.04475,152.04724,160.04973,160.04973,160.04973,160.04973,160.04973,57
58,148.25543,156.49185,164.72826,164.72826,164.72826,164.72826,164.72826,58
59,149.47864,157.783,166.08737,166.08737,166.08737,166.08737,166.08737,59
60,153.60367,162.1372,170.67075,170.67075,170.67075,170.67075,170.67075,60
61,154.59808,163.18686,171.77565,171.77565,171.77565,171.77565,171.77565,61
62,155.75244,164.40535,173.05827,173.05827,173.05827,173.05827,173.05827,62
63,156.49194,165.18593,173.87993,173.87993,173.87993,173.87993,173.87993,63
64,157.23836,165.97382,174.70929,174.70929,174.70929,174.70929,174.70929,64
65,157.99176,166.76909,175.5464,175.5464,175.5464,175.5464,175.5464,65
66,158.75223,167.5718,176.39136,176.39136,176.39136,176.39136,176.39136,66
67,159.5198,168.38202,177.24423,177.24423,177.24423,177.24423,177.24423,67
68,160.29457,169.19983,178.10507,178.10507,178.10507,178.10507,178.10507,68
69,161.07658,170.02528,178.97398,178.97398,178.97398,178.97398,178.97398,69
70,161.86592,170.85847,179.85103,179.85103,179.85103,179.85103,179.85103,70
71,162.66264,171.69946,180.73628,180.73628,180.73628,180.73628,180.73628,71
72,163.46683,172.54832,181.62982,181.62982,181.62982,181.62982,181.62982,72
73,164.27855,173.40514,182.53172,182.53172,182.53172,182.53172,182.53172,73
74,165.09785,174.26996,183.44206,183.44206,183.44206,183.44206,183.44206,74
75,165.92484,175.14288,184.36093,184.36093,184.36093,184.36093,184.36093,75
76,166.75957,176.02399,185.2884,185.2884,185.2884,185.2884,185.2884,76
77,167.6021,176.91333,186.22455,186.22455,186.22455,186.22455,186.22455,77
78,168.45251,177.81099,187.16946,187.16946,187.16946,187.16946,187.16946,78
79,169.3109,178.71706,188.12323,188.12323,188.12323,188.12323,188.12323,79
80,170.17732,179.63162,189.0859,189.0859,189.0859,189.0859,189.0859,80
81,171.05185,180.55473,190.05762,190.05762,190.05762,190.05762,190.05762,81
82,171.93457,181.48648,191.0384,191.0384,191.0384,191.0384,191.0384,82
83,172.82555,182.42696,192.02838,192.02838,192.02838,192.02838,192.02838,83
84,173.72487,183.37625,193.02762,193.02762,193.02762,193.02762,193.02762,84
85,174.6326,184.33441,194.03622,194.03622,194.03622,194.03622,194.03622,85
86,175.54884,185.30154,195.05426,195.05426,195.05426,195.05426,195.05426,86
87,176.47365,186.27774,196.08183,196.08183,196.08183,196.08183,196.08183,87
88,177.40712,187.26306,197.11902,197.11902,197.11902,197.11902,197.11902,88
89,178.34932,188.25761,198.16592,198.16592,198.16592,198.16592,198.16592,89
90,179.30035,189.26149,199.22261,199.22261,199.22261,199.22261,199.22261,90
91,180.26028,190.27475,200.2892,200.2892,200.2892,200.2892,200.2892,91
92,181.2292,191.29749,201.36578,201.36578,201.36578,201.36578,201.36578,92
93,182.20718,192.3298,202.45242,202.45242,202.45242,202.45242,202.45242,93
94,183.19432,193.37178,203.54926,203.54926,203.54926,203.54926,203.54926,94
95,184.1907,194.42352,204.65634,204.65634,204.65634,204.65634,204.65634,95
96,185.19641,195.4851,205.77379,205.77379,205.77379,205.77379,205.77379,96
97,186.21153,196.55663,206.9017,206.9017,206.9017,206.9017,206.9017,97
98,187.23616,197.63817,208.04018,208.04018,208.04018,208.04018,208.04018,98
99,188.27039,198.72984,209.18932,209.18932,209.18932,209.18932,209.18932,99
100,189.31429,199.83174,210.3492,210.3492,210.3492,210.3492,210.3492,100
101,190.36795,200.94395,211.51994,211.51994,211.51994,211.51994,211.51994,101
102,191.43149,202.06657,212.70164,212.70164,212.70164,212.70164,212.70164,102
103,192.50497,203.19969,213.89441,213.89441,213.89441,213.89441,213.89441,103
104,193.58852,204.34343,215.09834,215.09834,215.09834,215.09834,215.09834,104
105,194.68219,205.49788,216.31355,216.31355,216.31355,216.31355,216.31355,105
106,195.78612,206.66312,217.54013,217.54013,217.54013,217.54013,217.54013,106
107,196.90036,207.83928,218.77818,218.77818,218.77818,218.77818,218.77818,107
108,198.02505,209.02644,220.02783,220.02783,220.02783,220.02783,220.02783,108
109,199.16026,210.22472,221.28918,221.28918,221.28918,221.28918,221.28918,109
110,200.3061,211.43422,222.56233,222.56233,222.56233,222.56233,222.56233,110
111,201.46266,212.65503,223.84741,223.84741,223.84741,223.84741,223.84741,111
112,202.63005,213.88728,225.14452,225.14452,225.14452,225.14452,225.14452,112
113,203.80838,215.13106,226.45375,226.45375,226.45375,226.45375,226.45375,113
114,204.99773,216.38649,227.77525,227.77525,227.77525,227.77525,227.77525,114
115,206.19821,217.65367,229.10912,229.10912,229.10912,229.10912,229.10912,115
116,207.40993,218.93271,230.45547,230.45547,230.45547,230.45547,230.45547,116
117,208.633,220.22372,231.81444,231.81444,231.81444,231.81444,231.81444,117
118,209.86751,221.52681,233.18613,233.18613,233.18613,233.18613,233.18613,118
119,211.11357,222.84212,234.57065,234.57065,234.57065,234.57065,234.57065,119
120,212.3713,224.16972,235.96812,235.96812,235.96812,235.96812,235.96812,120
121,213.64082,225.50975,237.3787,237.3787,237.3787,237.3787,237.3787,121
122,214.92221,226.86234,238.80246,238.80246,238.80246,238.80246,238.80246,122
123,216.21559,228.22757,240.23955,240.23955,240.23955,240.23955,240.23955,123
124,217.52109,229.60559,241.6901,241.6901,241.6901,241.6901,241.6901,124
125,218.8388,230.99652,243.15424,243.15424,243.15424,243.15424,243.15424,125
126,220.16885,232.40045,244.63206,244.63206,244.63206,244.63206,244.63206,126
127,221.51135,233.81754,246.12373,246.12373,246.12373,246.12373,246.12373,127
128,222.86642,235.2479,247.62936,247.62936,247.62936,247.62936,247.62936,128
129,224.23418,236.69164,249.14908,249.14908,249.14908,249.14908,249.14908,129
130,225.61473,238.14888,250.68303,250.68303,250.68303,250.68303,250.68303,130
131,244.66127,258.25357,271.84586,271.84586,271.84586,271.84586,271.84586,131
132,251.95659,265.95416,279.95175,279.95175,279.95175,279.95175,279.95175,132
133,256.32574,270.56607,284.80637,284.80637,284.80637,284.80637,284.80637,133
134,260.72565,275.21042,289.69516,289.69516,289.69516,289.69516,289.69516,134
135,264.92828,279.6465,294.36475,294.36475,294.36475,294.36475,294.36475,135
136,268.7414,283.67148,298.60156,298.60156,298.60156,298.60156,298.60156,136
137,271.1174,286.17947,301.24158,301.24158,301.24158,301.24158,301.24158,137
138,283.00302,298.72543,314.4478,314.4478,314.4478,314.4478,314.4478,138
139,293.80994,310.13272,326.45547,326.45547,326.45547,326.45547,326.45547,139
140,303.53824,320.4015,337.2647,337.2647,337.2647,337.2647,337.2647,140
141,312.18808,329.53186,346.87564,346.87564,346.87564,346.87564,346.87564,141
142,319.75958,337.52402,355.28845,355.28845,355.28845,355.28845,355.28845,142
143,326.2529,344.37808,362.50323,362.50323,362.50323,362.50323,362.50323,143
144,331.66818,350.09418,368.52017,368.52017,368.52017,368.52017,368.52017,144
145,336.52023,355.2158,373.91135,373.91135,373.91135,373.91135,373.91135,145
146,340.8092,359.74307,378.6769,378.6769,378.6769,378.6769,378.6769,146
147,345.79358,365.00433,384.2151,384.2151,384.2151,384.2151,384.2151,147
148,351.47342,370.99973,390.52603,390.52603,390.52603,390.52603,390.52603,148
149,357.84894,377.72943,397.60992,397.60992,397.60992,397.60992,397.60992,149
150,364.9202,385.19354,405.4669,405.4669,405.4669,405.4669,405.4669,150
151,372.68744,393.39227,414.09714,414.09714,414.09714,414.09714,414.09714,151
152,381.15073,402.32578,423.5008,423.5008,423.5008,423.5008,423.5008,152
153,388.7839,410.383,431.98212,431.98212,431.98212,431.98212,431.98212,153
154,395.58713,417.56418,439.54123,439.54123,439.54123,439.54123,439.54123,154
155,401.56052,423.86945,446.17834,446.17834,446.17834,446.17834,446.17834,155
156,406.70425,429.29892,451.89362,451.89362,451.89362,451.89362,451.89362,156
157,411.01846,433.85284,456.6872,456.6872,456.6872,456.6872,456.6872,157
158,414.50333,437.5313,460.55927,460.55927,460.55927,460.55927,460.55927,158
159,417.159,440.3345,463.51,463.51,463.51,463.51,463.51,159
160,418.98563,442.2626,465.53958,465.53958,465.53958,465.53958,465.53958,160
161,420.82935,444.20874,467.58817,467.58817,467.58817,467.58817,467.58817,161
162,422.6903,446.1731,469.6559,469.6559,469.6559,469.6559,469.6559,162
163,424.5687,448.15585,471.743,471.743,471.743,471.743,471.743,163
164,426.4647,450.15717,473.84964,473.84964,473.84964,473.84964,473.84964,164
165,428.37842,452.17722,475.976,475.976,475.976,475.976,475.976,165
166,430.31006,454.21616,478.12228,478.12228,478.12228,478.12228,478.12228,166
167,432.2598,456.2742,480.28864,480.28864,480.28864,480.28864,480.28864,167
168,434.22775,458.35153,482.47528,482.47528,482.47528,482.47528,482.47528,168
169,436.21414,460.44827,484.6824,484.6824,484.6824,484.6824,484.6824,169
170,438.21915,462.56467,486.91016,486.91016,486.91016,486.91016,486.91016,170
171,440.24292,464.70084,489.15878,489.15878,489.15878,489.15878,489.15878,171
172,442.2856,466.85703,491.42847,491.42847,491.42847,491.42847,491.42847,172
173,444.34744,469.03342,493.7194,493.7194,493.7194,493.7194,493.7194,173
174,446.42856,471.23016,496.03174,496.03174,496.03174,496.03174,496.03174,174
175,448.52917,473.44748,498.36575,498.36575,498.36575,498.36575,498.36575,175
176,450.64944,475.68555,500.72162,500.72162,500.72162,500.72162,500.72162,176
177,452.78958,477.94455,503.09952,503.09952,503.09952,503.09952,503.09952,177
178,454.94974,480.22473,505.4997,505.4997,505.4997,505.4997,505.4997,178
179,457.1301,482.5262,507.92233,507.92233,507.92233,507.92233,507.92233,179
180,459.3309,484.84927,510.36768,510.36768,510.36768,510.36768,510.36768,180
181,461.55228,487.1941,512.8359,512.8359,512.8359,512.8359,512.8359,181
182,463.79446,489.56082,515.3272,515.3272,515.3272,515.3272,515.3272,182
183,466.05765,491.94974,517.8418,517.8418,517.8418,517.8418,517.8418,183
184,468.342,494.361,520.38,520.38,520.38,520.38,520.38,184
185,470.64774,496.79483,522.94196,522.94196,522.94196,522.94196,522.94196,185
186,472.97507,499.25146,525.52783,525.52783,525.52783,525.52783,525.52783,186
187,475.3242,501.73108,528.138,528.138,528.138,528.138,528.138,187
188,477.69528,504.23392,530.7725,530.7725,530.7725,530.7725,530.7725,188
189,480.08856,506.76016,533.43176,533.43176,533.43176,533.43176,533.43176,189
190,482.50427,509.31006,536.11584,536.11584,536.11584,536.11584,536.11584,190
191,484.9426,511.88385,538.8251,538.8251,538.8251,538.8251,538.8251,191
192,487.40375,514.4817,541.5597,541.5597,541.5597,541.5597,541.5597,192
193,489.8879,517.1039,544.3199,544.3199,544.3199,544.3199,544.3199,193
194,492.39536,519.7507,547.10596,547.10596,547.10596,547.10596,547.10596,194
195,494.92624,522.4222,549.918,549.918,549.918,549.918,549.918,195
196,497.48083,525.11865,552.7565,552.7565,552.7565,552.7565,552.7565,196
197,500.05936,527.84045,555.6215,555.6215,555.6215,555.6215,555.6215,197
198,502.66202,530.58765,558.51337,558.51337,558.51337,558.51337,558.51337,198
199,505.289,533.36066,561.43225,561.43225,561.43225,561.43225,561.43225,199
200,507.9406,536.15955,564.3785,564.3785,564.3785,564.3785,564.3785,200
201,510.61703,538.9847,567.3523,567.3523,567.3523,567.3523,567.3523,201
202,513.31854,541.83624,570.35394,570.35394,570.35394,570.35394,570.35394,202
203,516.0453,544.7145,573.38367,573.38367,573.38367,573.38367,573.38367,203
204,518.7654,547.5857,576.406,576.406,576.406,576.406,576.406,204
205,521.51495,550.48804,579.46106,579.46106,579.46106,579.46106,579.46106,205
206,524.29443,553.4219,582.5493,582.5493,582.5493,582.5493,582.5493,206
207,527.10406,556.38763,585.6712,585.6712,585.6712,585.6712,585.6712,207
208,529.9443,559.3856,588.82697,588.82697,588.82697,588.82697,588.82697,208
209,532.8154,562.4163,592.01715,592.01715,592.01715,592.01715,592.01715,209
210,535.7179,565.48004,595.2421,595.2421,595.2421,595.2421,595.2421,210
211,538.65436,568.5796,598.5048,598.5048,598.5048,598.5048,598.5048,211
212,541.6183,571.7082,601.7981,601.7981,601.7981,601.7981,601.7981,212
213,544.61,574.8661,605.1222,605.1222,605.1222,605.1222,605.1222,213
214,547.62964,578.0535,608.4774,608.4774,608.4774,608.4774,608.4774,214
215,550.6776,581.2708,611.864,611.864,611.864,611.864,611.864,215
216,553.7541,584.5182,615.28235,615.28235,615.28235,615.28235,615.28235,216
217,556.8594,587.796,618.73267,618.73267,618.73267,618.73267,618.73267,217
218,559.9937,591.1045,622.2153,622.2153,622.2153,622.2153,622.2153,218
219,563.1574,594.444,625.73047,625.73047,625.73047,625.73047,625.73047,219
220,566.35077,597.8147,629.2786,629.2786,629.2786,629.2786,629.2786,220
221,569.5739,601.2169,632.8599,632.8599,632.8599,632.8599,632.8599,221
222,572.82733,604.65106,636.4748,636.4748,636.4748,636.4748,636.4748,222
223,576.11115,608.1173,640.1235,640.1235,640.1235,640.1235,640.1235,223
224,579.4257,611.616,643.80634,643.80634,643.80634,643.80634,643.80634,224
225,582.7713,615.1475,647.5237,647.5237,647.5237,647.5237,647.5237,225
226,586.14825,618.71204,651.2758,651.2758,651.2758,651.2758,651.2758,226
227,589.55676,622.30994,655.06305,655.06305,655.06305,655.06305,655.06305,227
228,592.9972,625.94147,658.88574,658.88574,658.88574,658.88574,658.88574,228
229,596.46985,629.60706,662.74426,662.74426,662.74426,662.74426,662.74426,229
230,599.975,633.30695,666.63885,666.63885,666.63885,666.63885,666.63885,230
231,603.51294,637.04144,670.56995,670.56995,670.56995,670.56995,670.56995,231
232,607.084,640.8109,674.5378,674.5378,674.5378,674.5378,674.5378,232
233,610.68854,644.61566,678.5428,678.5428,678.5428,678.5428,678.5428,233
234,614.3268,648.45605,682.58527,682.58527,682.58527,682.58527,682.58527,234
235,617.9991,652.33234,686.66565,686.66565,686.66565,686.66565,686.66565,235
236,621.70575,656.24493,690.7842,690.7842,690.7842,690.7842,690.7842,236
237,625.44714,660.1942,694.9413,694.9413,694.9413,694.9413,694.9413,237
238,629.2235,664.1804,699.13727,699.13727,699.13727,699.13727,699.13727,238
239,633.0353,668.2039,703.37256,703.37256,703.37256,703.37256,703.37256,239
240,636.88275,672.2651,707.64746,707.64746,707.64746,707.64746,707.64746,240
241,640.7662,676.3643,711.9624,711.9624,711.9624,711.9624,711.9624,241
242,644.686,680.5019,716.31775,716.31775,716.31775,716.31775,716.31775,242
243,648.64246,684.67816,720.71387,720.71387,720.71387,720.71387,720.71387,243
244,652.63605,688.89355,725.1511,725.1511,725.1511,725.1511,725.1511,244
245,656.66693,693.14844,729.62994,729.62994,729.62994,729.62994,729.62994,245
246,660.7356,697.4431,734.15063,734.15063,734.15063,734.15063,734.15063,246
247,664.84235,701.778,738.7137,738.7137,738.7137,738.7137,738.7137,247
248,668.9875,706.1535,743.31946,743.31946,743.31946,743.31946,743.31946,248
249,673.1715,710.5699,747.9683,747.9683,747.9683,747.9683,747.9683,249
250,677.39465,715.0277,752.6607,752.6607,752.6607,752.6607,752.6607,250
251,681.65735,719.52716,757.39703,757.39703,757.39703,757.39703,757.39703,251
252,685.9599,724.0688,762.1777,762.1777,762.1777,762.1777,762.1777,252
253,690.3028,728.65295,767.0031,767.0031,767.0031,767.0031,767.0031,253
254,694.6863,733.27997,771.87366,771.87366,771.87366,771.87366,771.87366,254
255,699.11084,737.9504,776.78986,776.78986,776.78986,776.78986,776.78986,255
256,703.57684,742.6644,781.752,781.752,781.752,781.752,781.752,256
257,708.0846,747.4226,786.7607,786.7607,786.7607,786.7607,786.7607,257
258,712.6346,752.2254,791.8162,791.8162,791.8162,791.8162,791.8162,258
259,717.2271,757.0731,796.91907,796.91907,796.91907,796.91907,796.91907,259
260,721.8627,761.9662,802.06964,802.06964,802.06964,802.06964,802.06964,260
261,726.5416,766.9051,807.2685,807.2685,807.2685,807.2685,807.2685,261
262,731.2644,771.8902,812.516,812.516,812.516,812.516,812.516,262
263,736.0314,776.922,817.8126,817.8126,817.8126,817.8126,817.8126,263
264,740.84296,782.00085,823.1588,823.1588,823.1588,823.1588,823.1588,264
265,745.6996,787.1273,828.55505,828.55505,828.55505,828.55505,828.55505,265
266,750.6016,792.30176,834.00183,834.00183,834.00183,834.00183,834.00183,266
267,755.5496,797.5246,839.4996,839.4996,839.4996,839.4996,839.4996,267
268,760.54395,802.7964,845.0488,845.0488,845.0488,845.0488,845.0488,268
269,765.58496,808.1175,850.64996,850.64996,850.64996,850.64996,850.64996,269
270,770.6732,813.4884,856.3036,856.3036,856.3036,856.3036,856.3036,270
271,775.8091,818.90955,862.0101,862.0101,862.0101,862.0101,862.0101,271
272,780.99304,824.38153,867.77,867.77,867.77,867.77,867.77,272
273,786.22546,829.90466,873.58386,873.58386,873.58386,873.58386,873.58386,273
274,791.50696,835.47955,879.45215,879.45215,879.45215,879.45215,879.45215,274
275,796.8378,841.10657,885.37537,885.37537,885.37537,885.37537,885.37537,275
276,802.2186,846.7863,891.354,891.354,891.354,891.354,891.354,276
277,807.6498,852.5192,897.3887,897.3887,897.3887,897.3887,897.3887,277
278,813.1318,858.3058,903.47974,903.47974,903.47974,903.47974,903.47974,278
279,818.6651,864.1465,909.62787,909.62787,909.62787,909.62787,909.62787,279
280,824.25024,870.0419,915.83356,915.83356,915.83356,915.83356,915.83356,280
281,829.88763,875.9925,922.09735,922.09735,922.09735,922.09735,922.09735,281
282,835.5778,881.9988,928.4198,928.4198,928.4198,928.4198,928.4198,282
283,841.3212,888.0613,934.8014,934.8014,934.8014,934.8014,934.8014,283
284,847.1184,894.18054,941.2427,941.2427,941.2427,941.2427,941.2427,284
285,852.9699,900.3571,947.7443,947.7443,947.7443,947.7443,947.7443,285
286,858.87616,906.5915,954.3068,954.3068,954.3068,954.3068,954.3068,286
287,864.8377,912.8842,960.9308,960.9308,960.9308,960.9308,960.9308,287
288,870.85504,919.23584,967.6167,967.6167,967.6167,967.6167,967.6167,288
289,876.9287,925.647,974.36523,974.36523,974.36523,974.36523,974.36523,289
290,883.0592,932.11804,981.1769,981.1769,981.1769,981.1769,981.1769,290
291,889.24713,938.6497,988.05237,988.05237,988.05237,988.05237,988.05237,291
292,895.493,945.24255,994.9922,994.9922,994.9922,994.9922,994.9922,292
293,901.79724,951.8971,1001.9969,1001.9969,1001.9969,1001.9969,1001.9969,293
294,908.1606,958.61395,1009.0673,1009.0673,1009.0673,1009.0673,1009.0673,294
295,914.5835,965.3937,1016.2039,1016.2039,1016.2039,1016.2039,1016.2039,295
296,921.06647,972.2368,1023.4072,1023.4072,1023.4072,1023.4072,1023.4072,296
297,927.61017,979.1441,1030.678,1030.678,1030.678,1030.678,1030.678,297
298,934.21515,986.11597,1038.0168,1038.0168,1038.0168,1038.0168,1038.0168,298
299,940.8819,993.15314,1045.4243,1045.4243,1045.4243,1045.4243,1045.4243,299
300,947.6111,1000.2562,1052.9012,1052.9012,1052.9012,1052.9012,1052.9012,300
301,954.4033,1007.4257,1060.4481,1060.4481,1060.4481,1060.4481,1060.4481,301
302,961.25903,1014.6624,1068.0657,1068.0657,1068.0657,1068.0657,1068.0657,302
303,968.179,1021.9667,1075.7544,1075.7544,1075.7544,1075.7544,1075.7544,303
304,975.1637,1029.3395,1083.5153,1083.5153,1083.5153,1083.5153,1083.5153,304
305,982.2138,1036.7812,1091.3486,1091.3486,1091.3486,1091.3486,1091.3486,305
306,989.3299,1044.2927,1099.2555,1099.2555,1099.2555,1099.2555,1099.2555,306
307,996.51263,1051.8744,1107.2362,1107.2362,1107.2362,1107.2362,1107.2362,307
308,1003.7626,1059.5272,1115.2917,1115.2917,1115.2917,1115.2917,1115.2917,308
309,1011.0804,1067.2516,1123.4226,1123.4226,1123.4226,1123.4226,1123.4226,309
310,1018.4667,1075.0482,1131.6296,1131.6296,1131.6296,1131.6296,1131.6296,310
311,1025.9221,1082.9178,1139.9136,1139.9136,1139.9136,1139.9136,1139.9136,311
312,1033.4474,1090.8612,1148.2749,1148.2749,1148.2749,1148.2749,1148.2749,312
313,1041.0431,1098.8789,1156.7146,1156.7146,1156.7146,1156.7146,1156.7146,313
314,1048.71,1106.9716,1165.2333,1165.2333,1165.2333,1165.2333,1165.2333,314
315,1056.4485,1115.1401,1173.8317,1173.8317,1173.8317,1173.8317,1173.8317,315
316,1064.2595,1123.385,1182.5105,1182.5105,1182.5105,1182.5105,1182.5105,316
317,1072.1437,1131.7072,1191.2708,1191.2708,1191.2708,1191.2708,1191.2708,317
318,1080.1016,1140.1072,1200.1128,1200.1128,1200.1128,1200.1128,1200.1128,318
319,1088.134,1148.5859,1209.0377,1209.0377,1209.0377,1209.0377,1209.0377,319
320,1096.2416,1157.1439,1218.0463,1218.0463,1218.0463,1218.0463,1218.0463,320
321,1104.4252,1165.7821,1227.139,1227.139,1227.139,1227.139,1227.139,321
322,1112.6852,1174.5011,1236.3169,1236.3169,1236.3169,1236.3169,1236.3169,322
323,1121.0227,1183.3018,1245.5808,1245.5808,1245.5808,1245.5808,1245.5808,323
324,1129.4382,1192.1847,1254.9313,1254.9313,1254.9313,1254.9313,1254.9313,324
325,1137.9325,1201.1509,1264.3694,1264.3694,1264.3694,1264.3694,1264.3694,325
326,1146.5062,1210.201,1273.8958,1273.8958,1273.8958,1273.8958,1273.8958,326
327,1155.1603,1219.3358,1283.5114,1283.5114,1283.5114,1283.5114,1283.5114,327
328,1163.8953,1228.5562,1293.217,1293.217,1293.217,1293.217,1293.217,328
329,1172.7122,1237.8628,1303.0134,1303.0134,1303.0134,1303.0134,1303.0134,329
330,1181.6115,1247.2566,1312.9016,1312.9016,1312.9016,1312.9016,1312.9016,330
331,1190.5941,1256.7383,1322.8824,1322.8824,1322.8824,1322.8824,1322.8824,331
332,1199.6609,1266.3087,1332.9565,1332.9565,1332.9565,1332.9565,1332.9565,332
333,1208.8125,1275.9688,1343.125,1343.125,1343.125,1343.125,1343.125,333
334,1218.0498,1285.7192,1353.3887,1353.3887,1353.3887,1353.3887,1353.3887,334
335,1227.3735,1295.561,1363.7484,1363.7484,1363.7484,1363.7484,1363.7484,335
336,1236.7847,1305.4949,1374.2051,1374.2051,1374.2051,1374.2051,1374.2051,336
337,1246.2837,1315.5217,1384.7598,1384.7598,1384.7598,1384.7598,1384.7598,337
338,1255.8718,1325.6425,1395.4131,1395.4131,1395.4131,1395.4131,1395.4131,338
339,1265.5496,1335.8579,1406.1663,1406.1663,1406.1663,1406.1663,1406.1663,339
340,1275.318,1346.1691,1417.02,1417.02,1417.02,1417.02,1417.02,340
341,1285.1779,1356.5767,1427.9755,1427.9755,1427.9755,1427.9755,1427.9755,341
342,1295.13,1367.0817,1439.0333,1439.0333,1439.0333,1439.0333,1439.0333,342
343,1305.1753,1377.685,1450.1948,1450.1948,1450.1948,1450.1948,1450.1948,343
344,1315.3147,1388.3877,1461.4607,1461.4607,1461.4607,1461.4607,1461.4607,344
345,1325.549,1399.1906,1472.8322,1472.8322,1472.8322,1472.8322,1472.8322,345
346,1335.879,1410.0945,1484.3099,1484.3099,1484.3099,1484.3099,1484.3099,346
347,1346.3058,1421.1005,1495.8953,1495.8953,1495.8953,1495.8953,1495.8953,347
348,1356.8301,1432.2096,1507.589,1507.589,1507.589,1507.589,1507.589,348
349,1367.453,1443.4226,1519.3922,1519.3922,1519.3922,1519.3922,1519.3922,349
350,1378.1753,1454.7406,1531.3059,1531.3059,1531.3059,1531.3059,1531.3059,350
351,1388.998,1466.1646,1543.3312,1543.3312,1543.3312,1543.3312,1543.3312,351
352,1399.922,1477.6954,1555.4689,1555.4689,1555.4689,1555.4689,1555.4689,352
353,1410.9482,1489.3344,1567.7203,1567.7203,1567.7203,1567.7203,1567.7203,353
354,1422.0778,1501.0822,1580.0864,1580.0864,1580.0864,1580.0864,1580.0864,354
355,1433.3114,1512.9398,1592.5682,1592.5682,1592.5682,1592.5682,1592.5682,355
356,1444.6503,1524.9086,1605.167,1605.167,1605.167,1605.167,1605.167,356
357,1456.0952,1536.9894,1617.8835,1617.8835,1617.8835,1617.8835,1617.8835,357
358,1467.6473,1549.1833,1630.7192,1630.7192,1630.7192,1630.7192,1630.7192,358
359,1479.3076,1561.4913,1643.675,1643.675,1643.675,1643.675,1643.675,359
360,1491.077,1573.9146,1656.7522,1656.7522,1656.7522,1656.7522,1656.7522,360
361,1502.9565,1586.4541,1669.9518,1669.9518,1669.9518,1669.9518,1669.9518,361
362,1514.9474,1599.1111,1683.2748,1683.2748,1683.2748,1683.2748,1683.2748,362
363,1527.0503,1611.8865,1696.7227,1696.7227,1696.7227,1696.7227,1696.7227,363
364,1539.2667,1624.7815,1710.2963,1710.2963,1710.2963,1710.2963,1710.2963,364
365,1551.5973,1637.7972,1723.9971,1723.9971,1723.9971,1723.9971,1723.9971,365
366,1564.0435,1650.9347,1737.826,1737.826,1737.826,1737.826,1737.826,366
367,1576.6061,1664.1953,1751.7845,1751.7845,1751.7845,1751.7845,1751.7845,367
368,1589.2863,1677.58,1765.8737,1765.8737,1765.8737,1765.8737,1765.8737,368
369,1602.0852,1691.0898,1780.0946,1780.0946,1780.0946,1780.0946,1780.0946,369
370,1615.0039,1704.7263,1794.4487,1794.4487,1794.4487,1794.4487,1794.4487,370
371,1628.0436,1718.4904,1808.9373,1808.9373,1808.9373,1808.9373,1808.9373,371
372,1641.2052,1732.3833,1823.5614,1823.5614,1823.5614,1823.5614,1823.5614,372
373,1654.4901,1746.4062,1838.3224,1838.3224,1838.3224,1838.3224,1838.3224,373
374,1667.8994,1760.5605,1853.2216,1853.2216,1853.2216,1853.2216,1853.2216,374
375,1681.4342,1774.8473,1868.2603,1868.2603,1868.2603,1868.2603,1868.2603,375
376,1695.0957,1789.2677,1883.4397,1883.4397,1883.4397,1883.4397,1883.4397,376
377,1708.8851,1803.8232,1898.7612,1898.7612,1898.7612,1898.7612,1898.7612,377
378,1722.8036,1818.5149,1914.2262,1914.2262,1914.2262,1914.2262,1914.2262,378
379,1736.8524,1833.3442,1929.8359,1929.8359,1929.8359,1929.8359,1929.8359,379
380,1751.0327,1848.3123,1945.5918,1945.5918,1945.5918,1945.5918,1945.5918,380
381,1765.3457,1863.4204,1961.4952,1961.4952,1961.4952,1961.4952,1961.4952,381
382,1779.7927,1878.67,1977.5474,1977.5474,1977.5474,1977.5474,1977.5474,382
383,1794.3749,1894.0624,1993.7499,1993.7499,1993.7499,1993.7499,1993.7499,383
384,1809.0936,1909.5989,2010.1041,2010.1041,2010.1041,2010.1041,2010.1041,384
385,1823.9502,1925.2808,2026.6113,2026.6113,2026.6113,2026.6113,2026.6113,385
386,1838.9458,1941.1094,2043.2731,2043.2731,2043.2731,2043.2731,2043.2731,386
387,1854.0818,1957.0863,2060.0908,2060.0908,2060.0908,2060.0908,2060.0908,387
388,1869.3594,1973.2128,2077.066,2077.066,2077.066,2077.066,2077.066,388
389,1884.78,1989.4901,2094.2002,2094.2002,2094.2002,2094.2002,2094.2002,389
390,1900.3451,2005.9198,2111.4946,2111.4946,2111.4946,2111.4946,2111.4946,390
391,1916.0558,2022.5034,2128.951,2128.951,2128.951,2128.951,2128.951,391
392,1931.9137,2039.2422,2146.5708,2146.5708,2146.5708,2146.5708,2146.5708,392
393,1947.9199,2056.1377,2164.3555,2164.3555,2164.3555,2164.3555,2164.3555,393
394,1964.0759,2073.1914,2182.3066,2182.3066,2182.3066,2182.3066,2182.3066,394
395,1980.3833,2090.4045,2200.4258,2200.4258,2200.4258,2200.4258,2200.4258,395
396,1996.8433,2107.779,2218.7146,2218.7146,2218.7146,2218.7146,2218.7146,396
397,2013.4573,2125.316,2237.1748,2237.1748,2237.1748,2237.1748,2237.1748,397
398,2030.2269,2143.0173,2255.8076,2255.8076,2255.8076,2255.8076,2255.8076,398
399,2047.1534,2160.8843,2274.615,2274.615,2274.615,2274.615,2274.615,399
400,2064.2385,2178.9185,2293.5981,2293.5981,2293.5981,2293.5981,2293.5981,400
401,2081.4834,2197.1213,2312.7593,2312.7593,2312.7593,2312.7593,2312.7593,401
402,2098.8896,2215.4946,2332.0996,2332.0996,2332.0996,2332.0996,2332.0996,402
403,2116.459,2234.04,2351.621,2351.621,2351.621,2351.621,2351.621,403
404,2134.1929,2252.759,2371.3254,2371.3254,2371.3254,2371.3254,2371.3254,404
405,2152.0925,2271.6533,2391.214,2391.214,2391.214,2391.214,2391.214,405
406,2170.16,2290.7244,2411.2888,2411.2888,2411.2888,2411.2888,2411.2888,406
407,2188.3965,2309.9739,2431.5515,2431.5515,2431.5515,2431.5515,2431.5515,407
408,2206.8035,2329.4038,2452.004,2452.004,2452.004,2452.004,2452.004,408
409,2225.383,2349.0154,2472.648,2472.648,2472.648,2472.648,2472.648,409
410,2244.1365,2368.8108,2493.485,2493.485,2493.485,2493.485,2493.485,410
411,2263.0654,2388.7913,2514.517,2514.517,2514.517,2514.517,2514.517,411
412,2282.1716,2408.959,2535.7463,2535.7463,2535.7463,2535.7463,2535.7463,412
413,2301.4565,2429.3154,2557.174,2557.174,2557.174,2557.174,2557.174,413
414,2320.922,2449.8623,2578.8025,2578.8025,2578.8025,2578.8025,2578.8025,414
415,2340.5698,2470.6016,2600.6333,2600.6333,2600.6333,2600.6333,2600.6333,415
416,2360.4016,2491.535,2622.6685,2622.6685,2622.6685,2622.6685,2622.6685,416
417,2380.419,2512.6643,2644.91,2644.91,2644.91,2644.91,2644.91,417
418,2400.6235,2533.9917,2667.3596,2667.3596,2667.3596,2667.3596,2667.3596,418
419,2421.0176,2555.5183,2690.0193,2690.0193,2690.0193,2690.0193,2690.0193,419
420,2441.6023,2577.2468,2712.8914,2712.8914,2712.8914,2712.8914,2712.8914,420
421,2462.3796,2599.1785,2735.9773,2735.9773,2735.9773,2735.9773,2735.9773,421
422,2483.3516,2621.3157,2759.2795,2759.2795,2759.2795,2759.2795,2759.2795,422
423,2504.5198,2643.66,2782.7998,2782.7998,2782.7998,2782.7998,2782.7998,423
424,2525.8862,2666.2134,2806.5403,2806.5403,2806.5403,2806.5403,2806.5403,424
425,2547.4526,2688.9778,2830.503,2830.503,2830.503,2830.503,2830.503,425
426,2569.221,2711.9556,2854.69,2854.69,2854.69,2854.69,2854.69,426
427,2591.193,2735.1482,2879.1035,2879.1035,2879.1035,2879.1035,2879.1035,427
428,2613.3708,2758.558,2903.7454,2903.7454,2903.7454,2903.7454,2903.7454,428
429,2635.756,2782.187,2928.618,2928.618,2928.618,2928.618,2928.618,429
430,2658.351,2806.0374,2953.7234,2953.7234,2953.7234,2953.7234,2953.7234,430
431,2681.1575,2830.1108,2979.064,2979.064,2979.064,2979.064,2979.064,431
432,2704.1775,2854.4097,3004.6416,3004.6416,3004.6416,3004.6416,3004.6416,432
433,2727.4128,2878.9358,3030.4587,3030.4587,3030.4587,3030.4587,3030.4587,433
434,2750.8657,2903.6917,3056.5176,3056.5176,3056.5176,3056.5176,3056.5176,434
435,2774.5383,2928.6792,3082.8203,3082.8203,3082.8203,3082.8203,3082.8203,435
436,2798.4324,2953.901,3109.3691,3109.3691,3109.3691,3109.3691,3109.3691,436
437,2822.55,2979.3584,3136.1667,3136.1667,3136.1667,3136.1667,3136.1667,437
438,2846.8936,3005.0542,3163.215,3163.215,3163.215,3163.215,3163.215,438
439,2871.4648,3030.9907,3190.5166,3190.5166,3190.5166,3190.5166,3190.5166,439
440,2896.2664,3057.17,3218.0737,3218.0737,3218.0737,3218.0737,3218.0737,440
441,2921.2998,3083.5942,3245.8887,3245.8887,3245.8887,3245.8887,3245.8887,441
442,2946.5679,3110.2659,3273.964,3273.964,3273.964,3273.964,3273.964,442
443,2972.0723,3137.1873,3302.3025,3302.3025,3302.3025,3302.3025,3302.3025,443
444,2997.8154,3164.3606,3330.906,3330.906,3330.906,3330.906,3330.906,444
445,3023.7996,3191.7883,3359.7773,3359.7773,3359.7773,3359.7773,3359.7773,445
446,3050.0269,3219.473,3388.9187,3388.9187,3388.9187,3388.9187,3388.9187,446
447,3076.4998,3247.4165,3418.333,3418.333,3418.333,3418.333,3418.333,447
448,3103.2205,3275.6216,3448.0227,3448.0227,3448.0227,3448.0227,3448.0227,448
449,3130.1914,3304.0908,3477.9905,3477.9905,3477.9905,3477.9905,3477.9905,449
450,3157.4148,3332.8267,3508.2385,3508.2385,3508.2385,3508.2385,3508.2385,450
451,3184.8928,3361.8313,3538.7698,3538.7698,3538.7698,3538.7698,3538.7698,451
452,3212.6282,3391.1077,3569.587,3569.587,3569.587,3569.587,3569.587,452
453,3240.6233,3420.658,3600.6926,3600.6926,3600.6926,3600.6926,3600.6926,453
454,3268.8804,3450.4849,3632.0894,3632.0894,3632.0894,3632.0894,3632.0894,454
455,3297.4019,3480.591,3663.78,3663.78,3663.78,3663.78,3663.78,455
456,3326.1907,3510.979,3695.7673,3695.7673,3695.7673,3695.7673,3695.7673,456
457,3355.2485,3541.6514,3728.054,3728.054,3728.054,3728.054,3728.054,457
458,3384.5786,3572.6108,3760.643,3760.643,3760.643,3760.643,3760.643,458
459,3414.1833,3603.8604,3793.537,3793.537,3793.537,3793.537,3793.537,459
460,3444.0652,3635.402,3826.739,3826.739,3826.739,3826.739,3826.739,460
461,3474.2266,3667.2393,3860.252,3860.252,3860.252,3860.252,3860.252,461
462,3504.6704,3699.3745,3894.0784,3894.0784,3894.0784,3894.0784,3894.0784,462
463,3535.3994,3731.8103,3928.2214,3928.2214,3928.2214,3928.2214,3928.2214,463
464,3566.4158,3764.55,3962.6843,3962.6843,3962.6843,3962.6843,3962.6843,464
465,3597.7227,3797.5962,3997.4695,3997.4695,3997.4695,3997.4695,3997.4695,465
466,3629.3225,3830.9517,4032.5806,4032.5806,4032.5806,4032.5806,4032.5806,466
467,3661.2183,3864.6191,4068.0203,4068.0203,4068.0203,4068.0203,4068.0203,467
468,3693.4126,3898.602,4103.7915,4103.7915,4103.7915,4103.7915,4103.7915,468
469,3725.9082,3932.903,4139.898,4139.898,4139.898,4139.898,4139.898,469
470,3758.708,3967.5251,4176.3423,4176.3423,4176.3423,4176.3423,4176.3423,470
471,3791.815,4002.4712,4213.1274,4213.1274,4213.1274,4213.1274,4213.1274,471
472,3825.2317,4037.7446,4250.2573,4250.2573,4250.2573,4250.2573,4250.2573,472
473,3858.9612,4073.348,4287.735,4287.735,4287.735,4287.735,4287.735,473
474,3893.0066,4109.2847,4325.563,4325.563,4325.563,4325.563,4325.563,474
475,3927.3706,4145.558,4363.745,4363.745,4363.745,4363.745,4363.745,475
476,3962.0564,4182.1704,4402.2847,4402.2847,4402.2847,4402.2847,4402.2847,476
477,3997.067,4219.126,4441.1855,4441.1855,4441.1855,4441.1855,4441.1855,477
478,4032.405,4256.4272,4480.4497,4480.4497,4480.4497,4480.4497,4480.4497,478
479,4068.074,4294.078,4520.082,4520.082,4520.082,4520.082,4520.082,479
480,4104.0767,4332.081,4560.0854,4560.0854,4560.0854,4560.0854,4560.0854,480
481,4140.4165,4370.44,4600.463,4600.463,4600.463,4600.463,4600.463,481
482,4177.0967,4409.1577,4641.2188,4641.2188,4641.2188,4641.2188,4641.2188,482
483,4214.12,4448.238,4682.3555,4682.3555,4682.3555,4682.3555,4682.3555,483
484,4251.49,4487.684,4723.878,4723.878,4723.878,4723.878,4723.878,484
485,4289.21,4527.4995,4765.7886,4765.7886,4765.7886,4765.7886,4765.7886,485
486,4327.2827,4567.6875,4808.092,4808.092,4808.092,4808.092,4808.092,486
487,4365.712,4608.2515,4850.791,4850.791,4850.791,4850.791,4850.791,487
488,4404.501,4649.196,4893.89,4893.89,4893.89,4893.89,4893.89,488
489,4443.6533,4690.523,4937.3926,4937.3926,4937.3926,4937.3926,4937.3926,489
490,4483.172,4732.2373,4981.3022,4981.3022,4981.3022,4981.3022,4981.3022,490
491,4523.0605,4774.342,5025.623,5025.623,5025.623,5025.623,5025.623,491
492,4563.3228,4816.8403,5070.3584,5070.3584,5070.3584,5070.3584,5070.3584,492
493,4603.9614,4859.737,5115.5127,5115.5127,5115.5127,5115.5127,5115.5127,493
494,4644.9805,4903.035,5161.09,5161.09,5161.09,5161.09,5161.09,494
495,4686.384,4946.739,5207.0933,5207.0933,5207.0933,5207.0933,5207.0933,495
496,4728.175,4990.851,5253.528,5253.528,5253.528,5253.528,5253.528,496
497,4770.357,5035.377,5300.3965,5300.3965,5300.3965,5300.3965,5300.3965,497
498,4812.9336,5080.319,5347.704,5347.704,5347.704,5347.704,5347.704,498
499,4855.909,5125.682,5395.4546,5395.4546,5395.4546,5395.4546,5395.4546,499
500,4899.287,5171.4697,5443.6523,5443.6523,5443.6523,5443.6523,5443.6523,500
501,4943.071,5217.686,5492.3013,5492.3013,5492.3013,5492.3013,5492.3013,501
502,4987.2646,5264.335,5541.4053,5541.4053,5541.4053,5541.4053,5541.4053,502
503,5031.872,5311.4204,5590.9688,5590.9688,5590.9688,5590.9688,5590.9688,503
504,5076.897,5358.947,5640.9966,5640.9966,5640.9966,5640.9966,5640.9966,504
505,5122.3433,5406.918,5691.4927,5691.4927,5691.4927,5691.4927,5691.4927,505
506,5168.2153,5455.3384,5742.4614,5742.4614,5742.4614,5742.4614,5742.4614,506
507,5214.5166,5504.212,5793.907,5793.907,5793.907,5793.907,5793.907,507
508,5261.2515,5553.543,5845.835,5845.835,5845.835,5845.835,5845.835,508
509,5308.4233,5603.336,5898.2485,5898.2485,5898.2485,5898.2485,5898.2485,509
510,5356.037,5653.5947,5951.1523,5951.1523,5951.1523,5951.1523,5951.1523,510
511,5404.0967,5704.324,6004.552,6004.552,6004.552,6004.552,6004.552,511
512,5452.606,5755.529,6058.451,6058.451,6058.451,6058.451,6058.451,512
513,5501.57,5807.2124,6112.855,6112.855,6112.855,6112.855,6112.855,513
514,5550.991,5859.38,6167.768,6167.768,6167.768,6167.768,6167.768,514
515,5600.876,5912.0356,6223.1953,6223.1953,6223.1953,6223.1953,6223.1953,515
516,5651.2275,5965.1846,6279.1416,6279.1416,6279.1416,6279.1416,6279.1416,516
517,5702.0503,6018.8306,6335.6113,6335.6113,6335.6113,6335.6113,6335.6113,517
518,5753.3486,6072.979,6392.6094,6392.6094,6392.6094,6392.6094,6392.6094,518
519,5805.1274,6127.6343,6450.1416,6450.1416,6450.1416,6450.1416,6450.1416,519
520,5857.3906,6182.8013,6508.212,6508.212,6508.212,6508.212,6508.212,520
521,5910.1436,6238.485,6566.826,6566.826,6566.826,6566.826,6566.826,521
522,5963.3896,6294.6895,6625.989,6625.989,6625.989,6625.989,6625.989,522
523,6017.135,6351.42,6685.705,6685.705,6685.705,6685.705,6685.705,523
524,6071.383,6408.6816,6745.981,6745.981,6745.981,6745.981,6745.981,524
525,6126.1387,6466.4795,6806.821,6806.821,6806.821,6806.821,6806.821,525
526,6181.407,6524.8184,6868.23,6868.23,6868.23,6868.23,6868.23,526
527,6237.193,6583.7036,6930.2144,6930.2144,6930.2144,6930.2144,6930.2144,527
528,6293.501,6643.1396,6992.779,6992.779,6992.779,6992.779,6992.779,528
529,6350.336,6703.1323,7055.9287,7055.9287,7055.9287,7055.9287,7055.9287,529
530,6407.703,6763.6865,7119.67,7119.67,7119.67,7119.67,7119.67,530
531,6465.607,6824.8076,7184.008,7184.008,7184.008,7184.008,7184.008,531
532,6524.053,6886.5005,7248.948,7248.948,7248.948,7248.948,7248.948,532
533,6583.0464,6948.7715,7314.496,7314.496,7314.496,7314.496,7314.496,533
534,6642.5923,7011.625,7380.6577,7380.6577,7380.6577,7380.6577,7380.6577,534
535,6702.695,7075.067,7447.439,7447.439,7447.439,7447.439,7447.439,535
536,6763.361,7139.103,7514.845,7514.845,7514.845,7514.845,7514.845,536
537,6824.594,7203.7383,7582.8823,7582.8823,7582.8823,7582.8823,7582.8823,537
538,6886.401,7268.9785,7651.556,7651.556,7651.556,7651.556,7651.556,538
539,6948.786,7334.8296,7720.873,7720.873,7720.873,7720.873,7720.873,539
540,7011.7554,7401.297,7790.839,7790.839,7790.839,7790.839,7790.839,540
541,7075.314,7468.3867,7861.46,7861.46,7861.46,7861.46,7861.46,541
542,7139.4673,7536.1045,7932.7417,7932.7417,7932.7417,7932.7417,7932.7417,542
543,7204.2217,7604.456,8004.691,8004.691,8004.691,8004.691,8004.691,543
544,7269.582,7673.4478,8077.3135,8077.3135,8077.3135,8077.3135,8077.3135,544
545,7335.554,7743.085,8150.6157,8150.6157,8150.6157,8150.6157,8150.6157,545
546,7402.144,7813.374,8224.6045,8224.6045,8224.6045,8224.6045,8224.6045,546
547,7469.357,7884.3213,8299.285,8299.285,8299.285,8299.285,8299.285,547
548,7537.199,7955.9326,8374.666,8374.666,8374.666,8374.666,8374.666,548
549,7605.677,8028.2144,8450.752,8450.752,8450.752,8450.752,8450.752,549
550,7674.795,8101.1724,8527.55,8527.55,8527.55,8527.55,8527.55,550
551,7744.5605,8174.814,8605.067,8605.067,8605.067,8605.067,8605.067,551
552,7814.979,8249.145,8683.31,8683.31,8683.31,8683.31,8683.31,552
553,7886.0566,8324.171,8762.285,8762.285,8762.285,8762.285,8762.285,553
554,7957.7993,8399.899,8841.999,8841.999,8841.999,8841.999,8841.999,554
555,8030.2144,8476.337,8922.46,8922.46,8922.46,8922.46,8922.46,555
556,8103.3066,8553.49,9003.674,9003.674,9003.674,9003.674,9003.674,556
557,8177.0835,8631.365,9085.648,9085.648,9085.648,9085.648,9085.648,557
558,8251.551,8709.97,9168.39,9168.39,9168.39,9168.39,9168.39,558
559,8326.715,8789.311,9251.905,9251.905,9251.905,9251.905,9251.905,559
560,8402.583,8869.394,9336.203,9336.203,9336.203,9336.203,9336.203,560
561,8479.161,8950.226,9421.29,9421.29,9421.29,9421.29,9421.29,561
562,8556.456,9031.815,9507.174,9507.174,9507.174,9507.174,9507.174,562
563,8634.475,9114.168,9593.861,9593.861,9593.861,9593.861,9593.861,563
564,8713.224,9197.292,9681.359,9681.359,9681.359,9681.359,9681.359,564
565,8792.71,9281.194,9769.678,9769.678,9769.678,9769.678,9769.678,565
566,8872.94,9365.881,9858.822,9858.822,9858.822,9858.822,9858.822,566
567,8953.922,9451.361,9948.802,9948.802,9948.802,9948.802,9948.802,567
568,9035.661,9537.642,10039.623,10039.623,10039.623,10039.623,10039.623,568
569,9118.165,9624.7295,10131.295,10131.295,10131.295,10131.295,10131.295,569
570,9201.442,9712.633,10223.824,10223.824,10223.824,10223.824,10223.824,570
571,9285.498,9801.359,10317.221,10317.221,10317.221,10317.221,10317.221,571
572,9370.342,9890.916,10411.49,10411.49,10411.49,10411.49,10411.49,572
573,9455.979,9981.312,10506.644,10506.644,10506.644,10506.644,10506.644,573
574,9542.418,10072.553,10602.687,10602.687,10602.687,10602.687,10602.687,574
575,9629.666,10164.647,10699.629,10699.629,10699.629,10699.629,10699.629,575
576,9717.731,10257.605,10797.479,10797.479,10797.479,10797.479,10797.479,576
577,9806.62,10351.433,10896.245,10896.245,10896.245,10896.245,10896.245,577
578,9896.342,10446.139,10995.936,10995.936,10995.936,10995.936,10995.936,578
579,9986.903,10541.731,11096.559,11096.559,11096.559,11096.559,11096.559,579
580,10078.313,10638.219,11198.125,11198.125,11198.125,11198.125,11198.125,580
581,10170.577,10735.609,11300.641,11300.641,11300.641,11300.641,11300.641,581
582,10263.705,10833.911,11404.117,11404.117,11404.117,11404.117,11404.117,582
583,10357.705,10933.134,11508.562,11508.562,11508.562,11508.562,11508.562,583
584,10452.586,11033.285,11613.984,11613.984,11613.984,11613.984,11613.984,584
585,10548.354,11134.374,11720.394,11720.394,11720.394,11720.394,11720.394,585
586,10645.019,11236.408,11827.799,11827.799,11827.799,11827.799,11827.799,586
587,10742.589,11339.398,11936.209,11936.209,11936.209,11936.209,11936.209,587
588,10841.071,11443.354,12045.635,12045.635,12045.635,12045.635,12045.635,588
589,10940.477,11548.28,12156.085,12156.085,12156.085,12156.085,12156.085,589
590,11040.812,11654.19,12267.568,12267.568,12267.568,12267.568,12267.568,590
591,11142.087,11761.092,12380.096,12380.096,12380.096,12380.096,12380.096,591
592,11244.31,11868.993,12493.677,12493.677,12493.677,12493.677,12493.677,592
593,11347.489,11977.905,12608.321,12608.321,12608.321,12608.321,12608.321,593
594,11451.635,12087.836,12724.038,12724.038,12724.038,12724.038,12724.038,594
595,11556.755,12198.797,12840.839,12840.839,12840.839,12840.839,12840.839,595
596,11662.859,12310.796,12958.732,12958.732,12958.732,12958.732,12958.732,596
597,11769.957,12423.844,13077.729,13077.729,13077.729,13077.729,13077.729,597
598,11878.057,12537.949,13197.841,13197.841,13197.841,13197.841,13197.841,598
599,11987.169,12653.123,13319.077,13319.077,13319.077,13319.077,13319.077,599
600,12097.303,12769.375,13441.447,13441.447,13441.447,13441.447,13441.447,600
601,12208.468,12886.716,13564.964,13564.964,13564.964,13564.964,13564.964,601
602,12320.673,13005.154,13689.636,13689.636,13689.636,13689.636,13689.636,602
603,12433.928,13124.701,13815.476,13815.476,13815.476,13815.476,13815.476,603
604,12548.243,13245.368,13942.493,13942.493,13942.493,13942.493,13942.493,604
605,12663.629,13367.164,14070.699,14070.699,14070.699,14070.699,14070.699,605
606,12780.095,13490.101,14200.105,14200.105,14200.105,14200.105,14200.105,606
607,12897.651,13614.188,14330.724,14330.724,14330.724,14330.724,14330.724,607
608,13016.308,13739.437,14462.564,14462.564,14462.564,14462.564,14462.564,608
609,13136.075,13865.857,14595.639,14595.639,14595.639,14595.639,14595.639,609
610,13256.964,13993.462,14729.96,14729.96,14729.96,14729.96,14729.96,610
611,13378.983,14122.261,14865.537,14865.537,14865.537,14865.537,14865.537,611
612,13502.146,14252.266,15002.385,15002.385,15002.385,15002.385,15002.385,612
613,13626.461,14383.487,15140.513,15140.513,15140.513,15140.513,15140.513,613
614,13751.94,14515.938,15279.934,15279.934,15279.934,15279.934,15279.934,614
615,13878.594,14649.627,15420.66,15420.66,15420.66,15420.66,15420.66,615
616,14006.434,14784.568,15562.703,15562.703,15562.703,15562.703,15562.703,616
617,14135.469,14920.772,15706.076,15706.076,15706.076,15706.076,15706.076,617
618,14265.713,15058.252,15850.792,15850.792,15850.792,15850.792,15850.792,618
619,14397.176,15197.019,15996.862,15996.862,15996.862,15996.862,15996.862,619
620,14529.869,15337.084,16144.3,16144.3,16144.3,16144.3,16144.3,620
621,14663.806,15478.461,16293.117,16293.117,16293.117,16293.117,16293.117,621
622,14798.995,15621.161,16443.328,16443.328,16443.328,16443.328,16443.328,622
623,14935.45,15765.197,16594.943,16594.943,16594.943,16594.943,16594.943,623
624,15073.183,15910.581,16747.98,16747.98,16747.98,16747.98,16747.98,624
625,15212.204,16057.326,16902.45,16902.45,16902.45,16902.45,16902.45,625
626,15352.527,16205.445,17058.363,17058.363,17058.363,17058.363,17058.363,626
627,15494.164,16354.95,17215.738,17215.738,17215.738,17215.738,17215.738,627
628,15637.126,16505.855,17374.584,17374.584,17374.584,17374.584,17374.584,628
629,15781.427,16658.174,17534.92,17534.92,17534.92,17534.92,17534.92,629
630,15927.079,16811.916,17696.754,17696.754,17696.754,17696.754,17696.754,630
631,16074.094,16967.1,17860.104,17860.104,17860.104,17860.104,17860.104,631
632,16222.485,17123.734,18024.984,18024.984,18024.984,18024.984,18024.984,632
633,16372.266,17281.836,18191.406,18191.406,18191.406,18191.406,18191.406,633
634,16523.447,17441.418,18359.387,18359.387,18359.387,18359.387,18359.387,634
635,16676.045,17602.492,18528.94,18528.94,18528.94,18528.94,18528.94,635
636,16830.072,17765.076,18700.08,18700.08,18700.08,18700.08,18700.08,636
637,16985.54,17929.182,18872.822,18872.822,18872.822,18872.822,18872.822,637
638,17142.463,18094.822,19047.182,19047.182,19047.182,19047.182,19047.182,638
639,17300.855,18262.014,19223.172,19223.172,19223.172,19223.172,19223.172,639
640,17460.73,18430.771,19400.81,19400.81,19400.81,19400.81,19400.81,640
641,17622.102,18601.107,19580.113,19580.113,19580.113,19580.113,19580.113,641
642,17784.984,18773.04,19761.094,19761.094,19761.094,19761.094,19761.094,642
643,17949.39,18946.58,19943.768,19943.768,19943.768,19943.768,19943.768,643
644,18115.336,19121.744,20128.152,20128.152,20128.152,20128.152,20128.152,644
645,18282.836,19298.549,20314.262,20314.262,20314.262,20314.262,20314.262,645
646,18451.904,19477.01,20502.115,20502.115,20502.115,20502.115,20502.115,646
647,18622.553,19657.14,20691.727,20691.727,20691.727,20691.727,20691.727,647
648,18794.8,19838.957,20883.111,20883.111,20883.111,20883.111,20883.111,648
649,18968.66,20022.475,21076.29,21076.29,21076.29,21076.29,21076.29,649
650,19144.148,20207.71,21271.275,21271.275,21271.275,21271.275,21271.275,650
651,19321.277,20394.682,21468.086,21468.086,21468.086,21468.086,21468.086,651
652,19500.066,20583.404,21666.74,21666.74,21666.74,21666.74,21666.74,652
653,19680.527,20773.89,21867.254,21867.254,21867.254,21867.254,21867.254,653
654,19862.68,20966.162,22069.645,22069.645,22069.645,22069.645,22069.645,654
655,20046.535,21160.232,22273.928,22273.928,22273.928,22273.928,22273.928,655
656,20232.113,21356.12,22480.125,22480.125,22480.125,22480.125,22480.125,656
657,20419.428,21553.84,22688.252,22688.252,22688.252,22688.252,22688.252,657
658,20608.496,21753.412,22898.328,22898.328,22898.328,22898.328,22898.328,658
659,20799.334,21954.852,23110.371,23110.371,23110.371,23110.371,23110.371,659
660,20991.957,22158.178,23324.396,23324.396,23324.396,23324.396,23324.396,660
661,21186.385,22363.406,23540.428,23540.428,23540.428,23540.428,23540.428,661
662,21382.633,22570.557,23758.48,23758.48,23758.48,23758.48,23758.48,662
663,21580.717,22779.646,23978.574,23978.574,23978.574,23978.574,23978.574,663
664,21780.656,22990.691,24200.729,24200.729,24200.729,24200.729,24200.729,664
665,21982.467,23203.715,24424.963,24424.963,24424.963,24424.963,24424.963,665
666,22186.166,23418.73,24651.295,24651.295,24651.295,24651.295,24651.295,666
667,22391.771,23635.76,24879.746,24879.746,24879.746,24879.746,24879.746,667
668,22599.303,23854.82,25110.336,25110.336,25110.336,25110.336,25110.336,668
669,22808.777,24075.932,25343.086,25343.086,25343.086,25343.086,25343.086,669
670,23020.21,24299.111,25578.014,25578.014,25578.014,25578.014,25578.014,670
671,23233.625,24524.383,25815.139,25815.139,25815.139,25815.139,25815.139,671
672,23449.037,24751.762,26054.486,26054.486,26054.486,26054.486,26054.486,672
673,23666.465,24981.27,26296.072,26296.072,26296.072,26296.072,26296.072,673
674,23885.93,25212.926,26539.922,26539.922,26539.922,26539.922,26539.922,674
675,24107.447,25446.75,26786.053,26786.053,26786.053,26786.053,26786.053,675
676,24331.04,25682.762,27034.486,27034.486,27034.486,27034.486,27034.486,676
677,24556.723,25920.984,27285.248,27285.248,27285.248,27285.248,27285.248,677
678,24784.52,26161.438,27538.355,27538.355,27538.355,27538.355,27538.355,678
679,25014.45,26404.14,27793.832,27793.832,27793.832,27793.832,27793.832,679
680,25246.531,26649.117,28051.701,28051.701,28051.701,28051.701,28051.701,680
681,25480.787,26896.385,28311.984,28311.984,28311.984,28311.984,28311.984,681
682,25717.234,27145.969,28574.703,28574.703,28574.703,28574.703,28574.703,682
683,25955.895,27397.889,28839.883,28839.883,28839.883,28839.883,28839.883,683
684,26196.79,27652.166,29107.543,29107.543,29107.543,29107.543,29107.543,684
685,26439.94,27908.824,29377.71,29377.71,29377.71,29377.71,29377.71,685
686,26685.365,28167.885,29650.406,29650.406,29650.406,29650.406,29650.406,686
687,26933.088,28429.371,29925.654,29925.654,29925.654,29925.654,29925.654,687
688,27183.13,28693.305,30203.479,30203.479,30203.479,30203.479,30203.479,688
689,27435.514,28959.709,30483.904,30483.904,30483.904,30483.904,30483.904,689
690,27690.26,29228.607,30766.955,30766.955,30766.955,30766.955,30766.955,690
691,27947.39,29500.023,31052.656,31052.656,31052.656,31052.656,31052.656,691
692,28206.928,29773.979,31341.03,31341.03,31341.03,31341.03,31341.03,692
693,28468.895,30050.498,31632.104,31632.104,31632.104,31632.104,31632.104,693
694,28733.312,30329.607,31925.902,31925.902,31925.902,31925.902,31925.902,694
695,29000.207,30611.33,32222.453,32222.453,32222.453,32222.453,32222.453,695
696,29269.6,30895.69,32521.777,32521.777,32521.777,32521.777,32521.777,696
697,29541.514,31182.709,32823.906,32823.906,32823.906,32823.906,32823.906,697
698,29815.975,31472.418,33128.86,33128.86,33128.86,33128.86,33128.86,698
699,30093.004,31764.836,33436.67,33436.67,33436.67,33436.67,33436.67,699
700,30372.625,32059.994,33747.363,33747.363,33747.363,33747.363,33747.363,700
701,30654.865,32357.914,34060.96,34060.96,34060.96,34060.96,34060.96,701
702,30939.748,32658.623,34377.496,34377.496,34377.496,34377.496,34377.496,702
703,31227.297,32962.145,34696.996,34696.996,34696.996,34696.996,34696.996,703
704,31517.537,33268.51,35019.484,35019.484,35019.484,35019.484,35019.484,704
705,31810.494,33577.742,35344.992,35344.992,35344.992,35344.992,35344.992,705
706,32106.193,33889.87,35673.547,35673.547,35673.547,35673.547,35673.547,706
707,32404.662,34204.92,36005.18,36005.18,36005.18,36005.18,36005.18,707
708,32705.924,34522.918,36339.914,36339.914,36339.914,36339.914,36339.914,708
709,33010.004,34843.895,36677.785,36677.785,36677.785,36677.785,36677.785,709
710,33316.934,35167.875,37018.816,37018.816,37018.816,37018.816,37018.816,710
711,33626.734,35494.887,37363.04,37363.04,37363.04,37363.04,37363.04,711
712,33939.438,35824.96,37710.484,37710.484,37710.484,37710.484,37710.484,712
713,34255.066,36158.125,38061.184,38061.184,38061.184,38061.184,38061.184,713
714,34573.65,36494.406,38415.168,38415.168,38415.168,38415.168,38415.168,714
715,34895.215,36833.84,38772.46,38772.46,38772.46,38772.46,38772.46,715
716,35219.793,37176.445,39133.1,39133.1,39133.1,39133.1,39133.1,716
717,35547.406,37522.26,39497.117,39497.117,39497.117,39497.117,39497.117,717
718,35878.086,37871.312,39864.54,39864.54,39864.54,39864.54,39864.54,718
719,36211.863,38223.633,40235.402,40235.402,40235.402,40235.402,40235.402,719
720,36548.766,38579.25,40609.74,40609.74,40609.74,40609.74,40609.74,720
721,36888.82,38938.2,40987.58,40987.58,40987.58,40987.58,40987.58,721
722,37232.06,39300.504,41368.953,41368.953,41368.953,41368.953,41368.953,722
723,37578.508,39666.203,41753.9,41753.9,41753.9,41753.9,41753.9,723
724,37928.203,40035.324,42142.445,42142.445,42142.445,42142.445,42142.445,724
725,38281.168,40407.902,42534.633,42534.633,42534.633,42534.633,42534.633,725
726,38637.44,40783.965,42930.492,42930.492,42930.492,42930.492,42930.492,726
727,38997.047,41163.55,43330.055,43330.055,43330.055,43330.055,43330.055,727
728,39360.023,41546.69,43733.355,43733.355,43733.355,43733.355,43733.355,728
729,39726.395,41933.414,44140.438,44140.438,44140.438,44140.438,44140.438,729
730,40096.19,42323.758,44551.324,44551.324,44551.324,44551.324,44551.324,730
731,40469.457,42717.758,44966.062,44966.062,44966.062,44966.062,44966.062,731
732,40846.21,43115.445,45384.68,45384.68,45384.68,45384.68,45384.68,732
733,41226.496,43516.855,45807.215,45807.215,45807.215,45807.215,45807.215,733
734,41610.34,43922.023,46233.71,46233.71,46233.71,46233.71,46233.71,734
735,41997.773,44330.984,46664.195,46664.195,46664.195,46664.195,46664.195,735
736,42388.836,44743.773,47098.707,47098.707,47098.707,47098.707,47098.707,736
737,42783.562,45160.426,47537.29,47537.29,47537.29,47537.29,47537.29,737
738,43181.98,45580.98,47979.977,47979.977,47979.977,47979.977,47979.977,738
739,43584.13,46005.47,48426.81,48426.81,48426.81,48426.81,48426.81,739
740,43990.04,46433.934,48877.824,48877.824,48877.824,48877.824,48877.824,740
741,44399.754,46866.406,49333.06,49333.06,49333.06,49333.06,49333.06,741
742,44813.3,47302.93,49792.56,49792.56,49792.56,49792.56,49792.56,742
743,45230.72,47743.54,50256.355,50256.355,50256.355,50256.355,50256.355,743
744,45652.047,48188.273,50724.496,50724.496,50724.496,50724.496,50724.496,744
745,46077.316,48637.168,51197.02,51197.02,51197.02,51197.02,51197.02,745
746,46506.57,49090.27,51673.965,51673.965,51673.965,51673.965,51673.965,746
747,46939.84,49547.61,52155.38,52155.38,52155.38,52155.38,52155.38,747
748,47377.164,50009.23,52641.293,52641.293,52641.293,52641.293,52641.293,748
749,47818.586,50475.17,53131.76,53131.76,53131.76,53131.76,53131.76,749
750,48264.137,50945.477,53626.816,53626.816,53626.816,53626.816,53626.816,750
751,48713.86,51420.184,54126.508,54126.508,54126.508,54126.508,54126.508,751
752,49167.79,51899.336,54630.88,54630.88,54630.88,54630.88,54630.88,752
753,49625.973,52382.973,55139.97,55139.97,55139.97,55139.97,55139.97,753
754,50088.44,52871.133,55653.824,55653.824,55653.824,55653.824,55653.824,754
755,50555.242,53363.867,56172.492,56172.492,56172.492,56172.492,56172.492,755
756,51026.414,53861.215,56696.01,56696.01,56696.01,56696.01,56696.01,756
757,51501.992,54363.215,57224.438,57224.438,57224.438,57224.438,57224.438,757
758,51982.023,54869.914,57757.805,57757.805,57757.805,57757.805,57757.805,758
759,52466.55,55381.36,58296.168,58296.168,58296.168,58296.168,58296.168,759
760,52955.61,55897.59,58839.566,58839.566,58839.566,58839.566,58839.566,760
761,53449.25,56418.652,59388.055,59388.055,59388.055,59388.055,59388.055,761
762,53947.51,56944.594,59941.68,59941.68,59941.68,59941.68,59941.68,762
763,54450.434,57475.46,60500.484,60500.484,60500.484,60500.484,60500.484,763
764,54958.066,58011.293,61064.52,61064.52,61064.52,61064.52,61064.52,764
765,55470.453,58552.145,61633.836,61633.836,61633.836,61633.836,61633.836,765
766,55987.633,59098.06,62208.48,62208.48,62208.48,62208.48,62208.48,766
767,56509.656,59649.082,62788.504,62788.504,62788.504,62788.504,62788.504,767
768,57036.562,60205.26,63373.96,63373.96,63373.96,63373.96,63373.96,768
769,57568.406,60766.65,63964.895,63964.895,63964.895,63964.895,63964.895,769
770,58105.227,61333.293,64561.36,64561.36,64561.36,64561.36,64561.36,770
771,58647.07,61905.242,65163.41,65163.41,65163.41,65163.41,65163.41,771
772,59193.99,62482.543,65771.09,65771.09,65771.09,65771.09,65771.09,772
773,59746.023,63065.246,66384.47,66384.47,66384.47,66384.47,66384.47,773
774,60303.227,63653.406,67003.586,67003.586,67003.586,67003.586,67003.586,774
775,60865.65,64247.074,67628.5,67628.5,67628.5,67628.5,67628.5,775
776,61433.332,64846.297,68259.26,68259.26,68259.26,68259.26,68259.26,776
777,62006.332,65451.13,68895.93,68895.93,68895.93,68895.93,68895.93,777
778,62584.695,66061.625,69538.555,69538.555,69538.555,69538.555,69538.555,778
779,63168.473,66677.836,70187.195,70187.195,70187.195,70187.195,70187.195,779
780,63757.715,67299.81,70841.91,70841.91,70841.91,70841.91,70841.91,780
781,64352.473,67927.61,71502.75,71502.75,71502.75,71502.75,71502.75,781
782,64952.8,68561.29,72169.77,72169.77,72169.77,72169.77,72169.77,782
783,65558.74,69200.9,72843.05,72843.05,72843.05,72843.05,72843.05,783
784,66170.36,69846.49,73522.625,73522.625,73522.625,73522.625,73522.625,784
785,66787.7,70498.13,74208.56,74208.56,74208.56,74208.56,74208.56,785
786,67410.83,71155.875,74900.914,74900.914,74900.914,74900.914,74900.914,786
787,68039.78,71819.766,75599.76,75599.76,75599.76,75599.76,75599.76,787
788,68674.625,72489.88,76305.14,76305.14,76305.14,76305.14,76305.14,788
789,69315.41,73166.266,77017.12,77017.12,77017.12,77017.12,77017.12,789
790,69962.195,73848.98,77735.766,77735.766,77735.766,77735.766,77735.766,790
791,70615.03,74538.086,78461.14,78461.14,78461.14,78461.14,78461.14,791
792,71273.98,75233.65,79193.31,79193.31,79193.31,79193.31,79193.31,792
793,71939.09,75935.71,79932.33,79932.33,79932.33,79932.33,79932.33,793
794,72610.44,76644.35,80678.266,80678.266,80678.266,80678.266,80678.266,794
795,73288.07,77359.625,81431.19,81431.19,81431.19,81431.19,81431.19,795
796,73972.04,78081.6,82191.16,82191.16,82191.16,82191.16,82191.16,796
797,74662.414,78810.33,82958.24,82958.24,82958.24,82958.24,82958.24,797
798,75359.25,79545.875,83732.5,83732.5,83732.5,83732.5,83732.5,798
799,76062.61,80288.31,84514.016,84514.016,84514.016,84514.016,84514.016,799
800,76772.555,81037.695,85302.836,85302.836,85302.836,85302.836,85302.836,800
801,77489.15,81794.1,86099.05,86099.05,86099.05,86099.05,86099.05,801
802,78212.445,82557.58,86902.72,86902.72,86902.72,86902.72,86902.72,802
803,78942.516,83328.21,87713.91,87713.91,87713.91,87713.91,87713.91,803
804,79679.414,84106.05,88532.68,88532.68,88532.68,88532.68,88532.68,804
805,80423.22,84891.17,89359.13,89359.13,89359.13,89359.13,89359.13,805
806,81173.98,85683.65,90193.31,90193.31,90193.31,90193.31,90193.31,806
807,81931.77,86483.54,91035.305,91035.305,91035.305,91035.305,91035.305,807
808,82696.66,87290.914,91885.17,91885.17,91885.17,91885.17,91885.17,808
809,83468.7,88105.85,92743,92743,92743,92743,92743,809
810,84247.98,88928.42,93608.86,93608.86,93608.86,93608.86,93608.86,810
811,85034.54,89758.68,94482.83,94482.83,94482.83,94482.83,94482.83,811
812,85828.48,90596.72,95364.97,95364.97,95364.97,95364.97,95364.97,812
813,86629.836,91442.6,96255.375,96255.375,96255.375,96255.375,96255.375,813
814,87438.695,92296.41,97154.11,97154.11,97154.11,97154.11,97154.11,814
815,88255.13,93158.195,98061.26,98061.26,98061.26,98061.26,98061.26,815
816,89079.21,94028.055,98976.91,98976.91,98976.91,98976.91,98976.91,816
817,89911.01,94906.06,99901.12,99901.12,99901.12,99901.12,99901.12,817
818,90750.586,95792.28,100833.98,100833.98,100833.98,100833.98,100833.98,818
819,91598.02,96686.805,101775.58,101775.58,101775.58,101775.58,101775.58,819
820,92453.39,97589.695,102725.99,102725.99,102725.99,102725.99,102725.99,820
821,93316.77,98501.04,103685.3,103685.3,103685.3,103685.3,103685.3,821
822,94188.234,99420.914,104653.59,104653.59,104653.59,104653.59,104653.59,822
823,95067.85,100349.4,105630.95,105630.95,105630.95,105630.95,105630.95,823
824,95955.7,101286.58,106617.45,106617.45,106617.45,106617.45,106617.45,824
825,96851.87,102232.52,107613.19,107613.19,107613.19,107613.19,107613.19,825
826,97756.42,103187.33,108618.24,108618.24,108618.24,108618.24,108618.24,826
827,98669.44,104151.08,109632.71,109632.71,109632.71,109632.71,109632.71,827
828,99591.01,105123.84,110656.67,110656.67,110656.67,110656.67,110656.67,828
829,100521.2,106105.71,111690.22,111690.22,111690.22,111690.22,111690.22,829
830,101460.1,107096.77,112733.45,112733.45,112733.45,112733.45,112733.45,830
831,102407.79,108097.11,113786.44,113786.44,113786.44,113786.44,113786.44,831
832,103364.35,109106.82,114849.28,114849.28,114849.28,114849.28,114849.28,832
833,104329.87,110125.97,115922.08,115922.08,115922.08,115922.08,115922.08,833
834,105304.42,111154.67,117004.91,117004.91,117004.91,117004.91,117004.91,834
835,106288.1,112192.99,118097.89,118097.89,118097.89,118097.89,118097.89,835
836,107280.98,113241.04,119201.09,119201.09,119201.09,119201.09,119201.09,836
837,108283.16,114298.9,120314.63,120314.63,120314.63,120314.63,120314.63,837
838,109294.73,115366.66,121438.59,121438.59,121438.59,121438.59,121438.59,838
839,110315.76,116444.41,122573.06,122573.06,122573.06,122573.06,122573.06,839
840,111346.34,117532.25,123718.16,123718.16,123718.16,123718.16,123718.16,840
841,112386.58,118630.27,124873.98,124873.98,124873.98,124873.98,124873.98,841
842,113436.55,119738.58,126040.61,126040.61,126040.61,126040.61,126040.61,842
843,114496.35,120857.26,127218.17,127218.17,127218.17,127218.17,127218.17,843
844,115566.08,121986.41,128406.75,128406.75,128406.75,128406.75,128406.75,844
845,116645.81,123126.13,129606.46,129606.46,129606.46,129606.46,129606.46,845
846,117735.66,124276.52,130817.4,130817.4,130817.4,130817.4,130817.4,846
847,118835.7,125437.69,132039.67,132039.67,132039.67,132039.67,132039.67,847
848,119946.05,126609.71,133273.38,133273.38,133273.38,133273.38,133273.38,848
849,121066.78,127792.71,134518.64,134518.64,134518.64,134518.64,134518.64,849
850,122198.01,128986.79,135775.56,135775.56,135775.56,135775.56,135775.56,850
851,123339.83,130192.04,137044.25,137044.25,137044.25,137044.25,137044.25,851
852,124492.34,131408.58,138324.81,138324.81,138324.81,138324.81,138324.81,852
853,125655.63,132636.5,139617.36,139617.36,139617.36,139617.36,139617.36,853
854,126829.81,133875.92,140922.02,140922.02,140922.02,140922.02,140922.02,854
855,128014.99,135126.94,142238.88,142238.88,142238.88,142238.88,142238.88,855
856,129211.26,136389.66,143568.06,143568.06,143568.06,143568.06,143568.06,856
857,130418.73,137664.22,144909.7,144909.7,144909.7,144909.7,144909.7,857
858,131637.5,138950.7,146263.89,146263.89,146263.89,146263.89,146263.89,858
859,132867.69,140249.22,147630.77,147630.77,147630.77,147630.77,147630.77,859
860,134109.38,141559.9,149010.42,149010.42,149010.42,149010.42,149010.42,860
861,135362.7,142882.84,150403,150403,150403,150403,150403,861
862,136627.75,144218.19,151808.61,151808.61,151808.61,151808.61,151808.61,862
863,137904.64,145566.02,153227.39,153227.39,153227.39,153227.39,153227.39,863
864,139193.5,146926.47,154659.44,154659.44,154659.44,154659.44,154659.44,864
865,140494.4,148299.66,156104.89,156104.89,156104.89,156104.89,156104.89,865
866,141807.5,149685.69,157563.89,157563.89,157563.89,157563.89,157563.89,866
867,143132.88,151084.7,159036.53,159036.53,159036.53,159036.53,159036.53,867
868,144470.67,152496.81,160522.97,160522.97,160522.97,160522.97,160522.97,868
869,145820.98,153922.14,162023.31,162023.31,162023.31,162023.31,162023.31,869
870,147183.94,155360.81,163537.7,163537.7,163537.7,163537.7,163537.7,870
871,148559.64,156812.95,165066.27,165066.27,165066.27,165066.27,165066.27,871
872,149948.23,158278.69,166609.16,166609.16,166609.16,166609.16,166609.16,872
873,151349.83,159758.14,168166.47,168166.47,168166.47,168166.47,168166.47,873
874,152764.53,161251.45,169738.38,169738.38,169738.38,169738.38,169738.38,874
875,154192.48,162758.73,171324.98,171324.98,171324.98,171324.98,171324.98,875
876,155633.8,164280.12,172926.44,172926.44,172926.44,172926.44,172926.44,876
877,157088.61,165815.75,174542.9,174542.9,174542.9,174542.9,174542.9,877
878,158557.05,167365.77,176174.48,176174.48,176174.48,176174.48,176174.48,878
879,160039.22,168930.28,177821.34,177821.34,177821.34,177821.34,177821.34,879
880,161535.27,170509.44,179483.62,179483.62,179483.62,179483.62,179483.62,880
881,163045.31,172103.39,181161.47,181161.47,181161.47,181161.47,181161.47,881
882,164569.5,173712.27,182855.02,182855.02,182855.02,182855.02,182855.02,882
883,166107.97,175336.19,184564.4,184564.4,184564.4,184564.4,184564.4,883
884,167660.83,176975.31,186289.81,186289.81,186289.81,186289.81,186289.81,884
885,169228.22,178629.78,188031.36,188031.36,188031.36,188031.36,188031.36,885
886,170810.28,180299.75,189789.2,189789.2,189789.2,189789.2,189789.2,886
887,172407.17,181985.34,191563.52,191563.52,191563.52,191563.52,191563.52,887
888,174018.98,183686.72,193354.44,193354.44,193354.44,193354.44,193354.44,888
889,175645.9,185404.02,195162.12,195162.12,195162.12,195162.12,195162.12,889
890,177288.05,187137.39,196986.72,196986.72,196986.72,196986.72,196986.72,890
891,178945.56,188886.98,198828.4,198828.4,198828.4,198828.4,198828.4,891
892,180618.6,190652.97,200687.33,200687.33,200687.33,200687.33,200687.33,892
893,182307.3,192435.47,202563.66,202563.66,202563.66,202563.66,202563.66,893
894,184011.8,194234.67,204457.55,204457.55,204457.55,204457.55,204457.55,894
895,185732.25,196050.7,206369.17,206369.17,206369.17,206369.17,206369.17,895
896,187468.81,197883.75,208298.67,208298.67,208298.67,208298.67,208298.67,896
897,189221.62,199733.94,210246.25,210246.25,210246.25,210246.25,210246.25,897
898,190990.86,201601.45,212212.06,212212.06,212212.06,212212.06,212212.06,898
899,192776.64,203486.45,214196.27,214196.27,214196.27,214196.27,214196.27,899
900,194579.16,205389.1,216199.05,216199.05,216199.05,216199.05,216199.05,900
901,196398.53,207309.56,218220.58,218220.58,218220.58,218220.58,218220.58,901
902,198234.94,209247.98,220261.05,220261.05,220261.05,220261.05,220261.05,902
903,200088.53,211204.56,222320.6,222320.6,222320.6,222320.6,222320.6,903
904,201959.48,213179.45,224399.44,224399.44,224399.44,224399.44,224399.44,904
905,203847.95,215172.84,226497.72,226497.72,226497.72,226497.72,226497.72,905
906,205754.1,217184.88,228615.66,228615.66,228615.66,228615.66,228615.66,906
907,207678.08,219215.75,230753.42,230753.42,230753.42,230753.42,230753.42,907
908,209620.08,221265.64,232911.2,232911.2,232911.2,232911.2,232911.2,908
909,211580.25,223334.72,235089.17,235089.17,235089.17,235089.17,235089.17,909
910,213558.78,225423.16,237287.53,237287.53,237287.53,237287.53,237287.53,910
911,215555.83,227531.16,239506.47,239506.47,239506.47,239506.47,239506.47,911
912,217571.56,229658.88,241746.19,241746.19,241746.19,241746.19,241746.19,912
913,219606.19,231806.52,244006.86,244006.86,244006.86,244006.86,244006.86,913
914,221659.84,233974.27,246288.7,246288.7,246288.7,246288.7,246288.7,914
915,223732.72,236162.31,248591.9,248591.9,248591.9,248591.9,248591.9,915
916,225825,238370.83,250916.67,250916.67,250916.67,250916.67,250916.67,916
917,227936.88,240600.03,253263.19,253263.19,253263.19,253263.19,253263.19,917
918,230068.52,242850.1,255631.69,255631.69,255631.69,255631.69,255631.69,918
919,232220.11,245121.22,258022.34,258022.34,258022.34,258022.34,258022.34,919
920,234391.84,247413.61,260435.38,260435.38,260435.38,260435.38,260435.38,920
921,236583.9,249727.45,262871,262871,262871,262871,262871,921
922,238796.48,252062.97,265329.44,265329.44,265329.44,265329.44,265329.44,922
923,241029.78,254420.33,267810.88,267810.88,267810.88,267810.88,267810.88,923
924,243283.98,256799.77,270315.53,270315.53,270315.53,270315.53,270315.53,924
925,245559.3,259201.48,272843.66,272843.66,272843.66,272843.66,272843.66,925
926,247855.9,261625.67,275395.44,275395.44,275395.44,275395.44,275395.44,926
927,250174,264072.56,277971.12,277971.12,277971.12,277971.12,277971.12,927
928,252513.8,266542.34,280570.9,280570.9,280570.9,280570.9,280570.9,928
929,254875.5,269035.25,283195,283195,283195,283195,283195,929
930,257259.31,271551.5,285843.7,285843.7,285843.7,285843.7,285843.7,930
931,259665.45,274091.3,288517.16,288517.16,288517.16,288517.16,288517.16,931
932,262094.1,276654.88,291215.66,291215.66,291215.66,291215.66,291215.66,932
933,264545.5,279242.47,293939.44,293939.44,293939.44,293939.44,293939.44,933
934,267019.8,281854.25,296688.7,296688.7,296688.7,296688.7,296688.7,934
935,269517.3,284490.5,299463.7,299463.7,299463.7,299463.7,299463.7,935
936,272038.2,287151.4,302264.66,302264.66,302264.66,302264.66,302264.66,936
937,274582.66,289837.25,305091.84,305091.84,305091.84,305091.84,305091.84,937
938,277150.94,292548.22,307945.5,307945.5,307945.5,307945.5,307945.5,938
939,279743.28,295284.6,310825.88,310825.88,310825.88,310825.88,310825.88,939
940,282359.88,298046.53,313733.22,313733.22,313733.22,313733.22,313733.22,940
941,285000.97,300834.38,316667.75,316667.75,316667.75,316667.75,316667.75,941
942,287666.78,303648.28,319629.78,319629.78,319629.78,319629.78,319629.78,942
943,290357.56,306488.53,322619.53,322619.53,322619.53,322619.53,322619.53,943
944,293073.53,309355.4,325637.25,325637.25,325637.25,325637.25,325637.25,944
945,295814.9,312249.06,328683.25,328683.25,328683.25,328683.25,328683.25,945
946,298581.97,315169.84,331757.72,331757.72,331757.72,331757.72,331757.72,946
947,301374.9,318117.97,334861,334861,334861,334861,334861,947
948,304194,321093.66,337993.34,337993.34,337993.34,337993.34,337993.34,948
949,307039.5,324097.25,341155,341155,341155,341155,341155,949
950,309911.6,327128.9,344346.22,344346.22,344346.22,344346.22,344346.22,950
951,312810.62,330188.97,347567.34,347567.34,347567.34,347567.34,347567.34,951
952,315736.75,333277.7,350818.62,350818.62,350818.62,350818.62,350818.62,952
953,318690.28,336395.3,354100.3,354100.3,354100.3,354100.3,354100.3,953
954,321671.47,339542.12,357412.75,357412.75,357412.75,357412.75,357412.75,954
955,324680.56,342718.38,360756.2,360756.2,360756.2,360756.2,360756.2,955
956,327717.8,345924.38,364130.9,364130.9,364130.9,364130.9,364130.9,956
957,330783.5,349160.38,367537.25,367537.25,367537.25,367537.25,367537.25,957
958,333877.9,352426.66,370975.44,370975.44,370975.44,370975.44,370975.44,958
959,337001.25,355723.53,374445.84,374445.84,374445.84,374445.84,374445.84,959
960,340153.84,359051.28,377948.72,377948.72,377948.72,377948.72,377948.72,960
961,343335.94,362410.16,381484.38,381484.38,381484.38,381484.38,381484.38,961
962,346547.84,365800.5,385053.16,385053.16,385053.16,385053.16,385053.16,962
963,349789.8,369222.56,388655.34,388655.34,388655.34,388655.34,388655.34,963
964,353062.1,372676.66,392291.22,392291.22,392291.22,392291.22,392291.22,964
965,356365.03,376163.1,395961.16,395961.16,395961.16,395961.16,395961.16,965
966,359698.9,379682.16,399665.44,399665.44,399665.44,399665.44,399665.44,966
967,363063.97,383234.2,403404.4,403404.4,403404.4,403404.4,403404.4,967
968,366460.53,386819.44,407178.38,407178.38,407178.38,407178.38,407178.38,968
969,369888.88,390438.28,410987.66,410987.66,410987.66,410987.66,410987.66,969
970,373349.34,394090.97,414832.6,414832.6,414832.6,414832.6,414832.6,970
971,376842.2,397777.88,418713.53,418713.53,418713.53,418713.53,418713.53,971
972,380367.72,401499.28,422630.8,422630.8,422630.8,422630.8,422630.8,972
973,383926.28,405255.53,426584.75,426584.75,426584.75,426584.75,426584.75,973
974,387518.12,409046.94,430575.72,430575.72,430575.72,430575.72,430575.72,974
975,391143.62,412873.8,434604.03,434604.03,434604.03,434604.03,434604.03,975
976,394803.03,416736.53,438670.03,438670.03,438670.03,438670.03,438670.03,976
977,398496.72,420635.4,442774.12,442774.12,442774.12,442774.12,442774.12,977
978,402224.97,424570.78,446916.62,446916.62,446916.62,446916.62,446916.62,978
979,405988.12,428543,451097.9,451097.9,451097.9,451097.9,451097.9,979
980,409786.5,432552.4,455318.3,455318.3,455318.3,455318.3,455318.3,980
981,413620.44,436599.34,459578.25,459578.25,459578.25,459578.25,459578.25,981
982,417490.25,440684.16,463878.06,463878.06,463878.06,463878.06,463878.06,982
983,421396.3,444807.22,468218.12,468218.12,468218.12,468218.12,468218.12,983
984,425338.9,448968.88,472598.8,472598.8,472598.8,472598.8,472598.8,984
985,429318.44,453169.47,477020.5,477020.5,477020.5,477020.5,477020.5,985
986,433335.22,457409.4,481483.56,481483.56,481483.56,481483.56,481483.56,986
987,437389.6,461689,485988.44,485988.44,485988.44,485988.44,485988.44,987
988,441481.9,466008.7,490535.47,490535.47,490535.47,490535.47,490535.47,988
989,445612.56,470368.8,495125.06,495125.06,495125.06,495125.06,495125.06,989
990,449781.84,474769.75,499757.62,499757.62,499757.62,499757.62,499757.62,990
991,453990.2,479211.88,504433.53,504433.53,504433.53,504433.53,504433.53,991
992,458237.9,483695.56,509153.25,509153.25,509153.25,509153.25,509153.25,992
993,462525.4,488221.25,513917.12,513917.12,513917.12,513917.12,513917.12,993
994,466853.03,492789.3,518725.6,518725.6,518725.6,518725.6,518725.6,994
995,471221.16,497400.12,523579.06,523579.06,523579.06,523579.06,523579.06,995
996,475630.2,502054.1,528478,528478,528478,528478,528478,996
997,480080.5,506751.62,533422.75,533422.75,533422.75,533422.75,533422.75,997
998,484572.44,511493.12,538413.8,538413.8,538413.8,538413.8,538413.8,998
999,489106.47,516279.03,543451.6,543451.6,543451.6,543451.6,543451.6,999
1000,493682.9,521109.72,548536.56,548536.56,548536.56,548536.56,548536.56,1000
1001,498302.2,525985.6,553669.1,553669.1,553669.1,553669.1,553669.1,1001
1002,502964.72,530907.2,558849.7,558849.7,558849.7,558849.7,558849.7,1002
1003,507670.9,535874.8,564078.75,564078.75,564078.75,564078.75,564078.75,1003
1004,512421.12,540889,569356.8,569356.8,569356.8,569356.8,569356.8,1004
1005,517215.84,545950.06,574684.25,574684.25,574684.25,574684.25,574684.25,1005
1006,522055.4,551058.5,580061.56,580061.56,580061.56,580061.56,580061.56,1006
1007,526940.3,556214.75,585489.25,585489.25,585489.25,585489.25,585489.25,1007
1008,531870.94,561419.3,590967.7,590967.7,590967.7,590967.7,590967.7,1008
1009,536847.7,566672.56,596497.44,596497.44,596497.44,596497.44,596497.44,1009
1010,541871.06,571975,602078.94,602078.94,602078.94,602078.94,602078.94,1010
1011,546941.44,577327.06,607712.7,607712.7,607712.7,607712.7,607712.7,1011
1012,552059.25,582729.2,613399.2,613399.2,613399.2,613399.2,613399.2,1012
1013,557225,588181.94,619138.9,619138.9,619138.9,619138.9,619138.9,1013
1014,562439.1,593685.75,624932.4,624932.4,624932.4,624932.4,624932.4,1014
1015,567702.06,599241.06,630780.06,630780.06,630780.06,630780.06,630780.06,1015
1016,573014.2,604848.3,636682.44,636682.44,636682.44,636682.44,636682.44,1016
1017,578376.1,610508.1,642640.1,642640.1,642640.1,642640.1,642640.1,1017
1018,583788.25,616220.94,648653.56,648653.56,648653.56,648653.56,648653.56,1018
1019,589251,621987.2,654723.3,654723.3,654723.3,654723.3,654723.3,1019
1020,594764.9,627807.4,660849.9,660849.9,660849.9,660849.9,660849.9,1020
1021,600330.44,633682.1,667033.8,667033.8,667033.8,667033.8,667033.8,1021
1022,605948.06,639611.8,673275.6,673275.6,673275.6,673275.6,673275.6,1022
1023,611618.25,645597.06,679575.8,679575.8,679575.8,679575.8,679575.8,1023
1024,617341.5,651638.25,685935,685935,685935,685935,685935,1024
1025,623118.4,657736.06,692353.75,692353.75,692353.75,692353.75,692353.75,1025
1026,628949.3,663890.94,698832.56,698832.56,698832.56,698832.56,698832.56,1026
1027,634834.8,670103.44,705372.06,705372.06,705372.06,705372.06,705372.06,1027
1028,640775.44,676374.06,711972.75,711972.75,711972.75,711972.75,711972.75,1028
1029,646771.7,682703.44,718635.2,718635.2,718635.2,718635.2,718635.2,1029
1030,652824.06,689092.06,725360.06,725360.06,725360.06,725360.06,725360.06,1030
1031,658933.06,695540.44,732147.8,732147.8,732147.8,732147.8,732147.8,1031
1032,665099.25,702049.2,738999.2,738999.2,738999.2,738999.2,738999.2,1032
1033,671323.2,708618.9,745914.6,745914.6,745914.6,745914.6,745914.6,1033
1034,677605.4,715250.06,752894.8,752894.8,752894.8,752894.8,752894.8,1034
1035,683946.3,721943.4,759940.4,759940.4,759940.4,759940.4,759940.4,1035
1036,690346.7,728699.25,767051.9,767051.9,767051.9,767051.9,767051.9,1036
1037,696806.94,735518.44,774229.94,774229.94,774229.94,774229.94,774229.94,1037
1038,703327.7,742401.44,781475.2,781475.2,781475.2,781475.2,781475.2,1038
1039,709909.44,749348.9,788788.25,788788.25,788788.25,788788.25,788788.25,1039
1040,716552.8,756361.3,796169.8,796169.8,796169.8,796169.8,796169.8,1040
1041,723258.44,763439.44,803620.44,803620.44,803620.44,803620.44,803620.44,1041
1042,730026.75,770583.8,811140.9,811140.9,811140.9,811140.9,811140.9,1042
1043,736858.5,777795.06,818731.6,818731.6,818731.6,818731.6,818731.6,1043
1044,743754.1,785073.8,826393.5,826393.5,826393.5,826393.5,826393.5,1044
1045,750714.3,792420.7,834127.06,834127.06,834127.06,834127.06,834127.06,1045
1046,757739.7,799836.4,841933,841933,841933,841933,841933,1046
1047,764830.8,807321.44,849812,849812,849812,849812,849812,1047
1048,771988.3,814876.56,857764.8,857764.8,857764.8,857764.8,857764.8,1048
1049,779212.8,822502.44,865792.06,865792.06,865792.06,865792.06,865792.06,1049
1050,786505,830199.7,873894.44,873894.44,873894.44,873894.44,873894.44,1050
1051,793865.4,837969,882072.6,882072.6,882072.6,882072.6,882072.6,1051
1052,801294.7,845811.06,890327.44,890327.44,890327.44,890327.44,890327.44,1052
1053,808793.5,853726.5,898659.5,898659.5,898659.5,898659.5,898659.5,1053
1054,816362.56,861716.06,907069.5,907069.5,907069.5,907069.5,907069.5,1054
1055,824002.44,869780.4,915558.3,915558.3,915558.3,915558.3,915558.3,1055
1056,831713.9,877920.2,924126.5,924126.5,924126.5,924126.5,924126.5,1056
1057,839497.5,886136.25,932775,932775,932775,932775,932775,1057
1058,847353.94,894429.1,941504.4,941504.4,941504.4,941504.4,941504.4,1058
1059,855283.94,902799.7,950315.5,950315.5,950315.5,950315.5,950315.5,1059
1060,863288.2,911248.6,959209.06,959209.06,959209.06,959209.06,959209.06,1060
1061,871367.4,919776.6,968185.94,968185.94,968185.94,968185.94,968185.94,1061
1062,879522.1,928384.5,977246.8,977246.8,977246.8,977246.8,977246.8,1062
1063,887753.25,937072.9,986392.56,986392.56,986392.56,986392.56,986392.56,1063
1064,896061.44,945842.6,995623.9,995623.9,995623.9,995623.9,995623.9,1064
1065,904447.44,954694.5,1004941.6,1004941.6,1004941.6,1004941.6,1004941.6,1065
1066,912911.9,963629.2,1014346.6,1014346.6,1014346.6,1014346.6,1014346.6,1066
1067,921455.56,972647.56,1023839.5,1023839.5,1023839.5,1023839.5,1023839.5,1067
1068,930079.25,981750.3,1033421.4,1033421.4,1033421.4,1033421.4,1033421.4,1068
1069,938783.6,990938.3,1043092.9,1043092.9,1043092.9,1043092.9,1043092.9,1069
1070,947569.5,1000212.3,1052855,1052855,1052855,1052855,1052855,1070
1071,956437.6,1009573.1,1062708.5,1062708.5,1062708.5,1062708.5,1062708.5,1071
1072,965388.8,1019021.5,1072654.2,1072654.2,1072654.2,1072654.2,1072654.2,1072
1073,974423.75,1028558.4,1082693,1082693,1082693,1082693,1082693,1073
1074,983543.25,1038184.5,1092825.8,1092825.8,1092825.8,1092825.8,1092825.8,1074
1075,992748.1,1047900.8,1103053.5,1103053.5,1103053.5,1103053.5,1103053.5,1075
1076,1002039.1,1057708,1113376.9,1113376.9,1113376.9,1113376.9,1113376.9,1076
1077,1011417.2,1067607,1123796.9,1123796.9,1123796.9,1123796.9,1123796.9,1077
1078,1020882.9,1077598.6,1134314.4,1134314.4,1134314.4,1134314.4,1134314.4,1078
1079,1030437.4,1087683.9,1144930.4,1144930.4,1144930.4,1144930.4,1144930.4,1079
1080,1040081.3,1097863.5,1155645.8,1155645.8,1155645.8,1155645.8,1155645.8,1080
1081,1049815.4,1108138.4,1166461.5,1166461.5,1166461.5,1166461.5,1166461.5,1081
1082,1059640.6,1118509.5,1177378.5,1177378.5,1177378.5,1177378.5,1177378.5,1082
1083,1069557.9,1128977.8,1188397.6,1188397.6,1188397.6,1188397.6,1188397.6,1083
1084,1079567.9,1139543.9,1199519.9,1199519.9,1199519.9,1199519.9,1199519.9,1084
1085,1089671.6,1150209,1210746.2,1210746.2,1210746.2,1210746.2,1210746.2,1085
1086,1099870,1160973.9,1222077.8,1222077.8,1222077.8,1222077.8,1222077.8,1086
1087,1110163.8,1171839.6,1233515.4,1233515.4,1233515.4,1233515.4,1233515.4,1087
1088,1120554,1182807,1245060,1245060,1245060,1245060,1245060,1088
1089,1131041.4,1193877,1256712.6,1256712.6,1256712.6,1256712.6,1256712.6,1089
1090,1141627,1205050.8,1268474.5,1268474.5,1268474.5,1268474.5,1268474.5,1090
1091,1152311.8,1216329,1280346.4,1280346.4,1280346.4,1280346.4,1280346.4,1091
1092,1163096.4,1227712.9,1292329.4,1292329.4,1292329.4,1292329.4,1292329.4,1092
1093,1173982.1,1239203.4,1304424.6,1304424.6,1304424.6,1304424.6,1304424.6,1093
1094,1184969.6,1250801.4,1316633,1316633,1316633,1316633,1316633,1094
1095,1196060.1,1262507.9,1328955.6,1328955.6,1328955.6,1328955.6,1328955.6,1095
1096,1207254.4,1274324,1341393.8,1341393.8,1341393.8,1341393.8,1341393.8,1096
1097,1218553.4,1286250.8,1353948.2,1353948.2,1353948.2,1353948.2,1353948.2,1097
1098,1229958.2,1298289.2,1366620.2,1366620.2,1366620.2,1366620.2,1366620.2,1098
1099,1241469.8,1310440.2,1379410.9,1379410.9,1379410.9,1379410.9,1379410.9,1099
1100,1253089.1,1322705.1,1392321.2,1392321.2,1392321.2,1392321.2,1392321.2,1100
1101,1264817.2,1335084.8,1405352.4,1405352.4,1405352.4,1405352.4,1405352.4,1101
1102,1276655.1,1347580.4,1418505.6,1418505.6,1418505.6,1418505.6,1418505.6,1102
1103,1288603.8,1360192.9,1431782,1431782,1431782,1431782,1431782,1103
1104,1300664.4,1372923.5,1445182.6,1445182.6,1445182.6,1445182.6,1445182.6,1104
1105,1312837.8,1385773.2,1458708.6,1458708.6,1458708.6,1458708.6,1458708.6,1105
1106,1325125.1,1398743.2,1472361.2,1472361.2,1472361.2,1472361.2,1472361.2,1106
1107,1337527.6,1411834.6,1486141.8,1486141.8,1486141.8,1486141.8,1486141.8,1107
1108,1350046.1,1425048.6,1500051.2,1500051.2,1500051.2,1500051.2,1500051.2,1108
1109,1362681.9,1438386.4,1514090.9,1514090.9,1514090.9,1514090.9,1514090.9,1109
1110,1375435.9,1451848.9,1528262,1528262,1528262,1528262,1528262,1110
1111,1388309.2,1465437.5,1542565.8,1542565.8,1542565.8,1542565.8,1542565.8,1111
1112,1401303.1,1479153.2,1557003.5,1557003.5,1557003.5,1557003.5,1557003.5,1112
1113,1414418.6,1492997.5,1571576.2,1571576.2,1571576.2,1571576.2,1571576.2,1113
1114,1427656.9,1506971.2,1586285.5,1586285.5,1586285.5,1586285.5,1586285.5,1114
1115,1441019.1,1521075.8,1601132.4,1601132.4,1601132.4,1601132.4,1601132.4,1115
1116,1454506.5,1535312.4,1616118.2,1616118.2,1616118.2,1616118.2,1616118.2,1116
1117,1468120,1549682.2,1631244.5,1631244.5,1631244.5,1631244.5,1631244.5,1117
1118,1481861,1564186.6,1646512.2,1646512.2,1646512.2,1646512.2,1646512.2,1118
1119,1495730.6,1578826.8,1661923,1661923,1661923,1661923,1661923,1119
1120,1509730.1,1593604,1677477.9,1677477.9,1677477.9,1677477.9,1677477.9,1120
1121,1523860.6,1608519.6,1693178.5,1693178.5,1693178.5,1693178.5,1693178.5,1121
1122,1538123.4,1623574.8,1709026,1709026,1709026,1709026,1709026,1122
1123,1552519.8,1638770.9,1725021.9,1725021.9,1725021.9,1725021.9,1725021.9,1123
1124,1567050.8,1654109.1,1741167.5,1741167.5,1741167.5,1741167.5,1741167.5,1124
1125,1581717.9,1669591.1,1757464.4,1757464.4,1757464.4,1757464.4,1757464.4,1125
1126,1596522.2,1685218,1773913.6,1773913.6,1773913.6,1773913.6,1773913.6,1126
1127,1611465.2,1700991.1,1790517,1790517,1790517,1790517,1790517,1127
1128,1626548.1,1716911.9,1807275.6,1807275.6,1807275.6,1807275.6,1807275.6,1128
1129,1641772.1,1732981.8,1824191.2,1824191.2,1824191.2,1824191.2,1824191.2,1129
1130,1657138.8,1749202,1841265.2,1841265.2,1841265.2,1841265.2,1841265.2,1130
1131,1672649.1,1765574.1,1858499,1858499,1858499,1858499,1858499,1131
1132,1688304.8,1782099.4,1875894.1,1875894.1,1875894.1,1875894.1,1875894.1,1132
1133,1704106.9,1798779.5,1893452.1,1893452.1,1893452.1,1893452.1,1893452.1,1133
1134,1720057,1815615.6,1911174.4,1911174.4,1911174.4,1911174.4,1911174.4,1134
1135,1736156.4,1832609.5,1929062.6,1929062.6,1929062.6,1929062.6,1929062.6,1135
1136,1752406.4,1849762.4,1947118.2,1947118.2,1947118.2,1947118.2,1947118.2,1136
1137,1768808.6,1867075.8,1965342.9,1965342.9,1965342.9,1965342.9,1965342.9,1137
1138,1785364.4,1884551.2,1983738.2,1983738.2,1983738.2,1983738.2,1983738.2,1138
1139,1802075.1,1902190.4,2002305.6,2002305.6,2002305.6,2002305.6,2002305.6,1139
1140,1818942.2,1919994.6,2021047,2021047,2021047,2021047,2021047,1140
1141,1835967.4,1937965.5,2039963.8,2039963.8,2039963.8,2039963.8,2039963.8,1141
1142,1853151.8,1956104.6,2059057.5,2059057.5,2059057.5,2059057.5,2059057.5,1142
1143,1870497,1974413.5,2078330,2078330,2078330,2078330,2078330,1143
1144,1888004.6,1992893.9,2097783,2097783,2097783,2097783,2097783,1144
1145,1905676.2,2011547.1,2117418,2117418,2117418,2117418,2117418,1145
1146,1923513.2,2030375,2137237,2137237,2137237,2137237,2137237,1146
1147,1941517.1,2049379.2,2157241.2,2157241.2,2157241.2,2157241.2,2157241.2,1147
1148,1959689.6,2068561.2,2177433,2177433,2177433,2177433,2177433,1148
1149,1978032.2,2087922.9,2197813.5,2197813.5,2197813.5,2197813.5,2197813.5,1149
1150,1996546.5,2107465.8,2218385,2218385,2218385,2218385,2218385,1150
1151,2015234.1,2127191.5,2239149,2239149,2239149,2239149,2239149,1151
1152,2034096.6,2147102,2260107.2,2260107.2,2260107.2,2260107.2,2260107.2,1152
1153,2053135.8,2167198.8,2281262,2281262,2281262,2281262,2281262,1153
1154,2072353.1,2187483.8,2302614.5,2302614.5,2302614.5,2302614.5,2302614.5,1154
1155,2091750.2,2207958.8,2324167,2324167,2324167,2324167,2324167,1155
1156,2111329,2228625.2,2345921.2,2345921.2,2345921.2,2345921.2,2345921.2,1156
1157,2131091.2,2249485.2,2367879,2367879,2367879,2367879,2367879,1157
1158,2151038.2,2270540.5,2390042.5,2390042.5,2390042.5,2390042.5,2390042.5,1158
1159,2171172,2291792.8,2412413.5,2412413.5,2412413.5,2412413.5,2412413.5,1159
1160,2191494.2,2313244,2434993.8,2434993.8,2434993.8,2434993.8,2434993.8,1160
1161,2212006.8,2334896.2,2457785.5,2457785.5,2457785.5,2457785.5,2457785.5,1161
1162,2232711.5,2356751,2480790.5,2480790.5,2480790.5,2480790.5,2480790.5,1162
1163,2253609.8,2378810.2,2504010.8,2504010.8,2504010.8,2504010.8,2504010.8,1163
1164,2274703.8,2401076.2,2527448.5,2527448.5,2527448.5,2527448.5,2527448.5,1164
1165,2295995.2,2423550.5,2551105.8,2551105.8,2551105.8,2551105.8,2551105.8,1165
1166,2317486,2446235,2574984.2,2574984.2,2574984.2,2574984.2,2574984.2,1166
1167,2339177.8,2469132.2,2599086.5,2599086.5,2599086.5,2599086.5,2599086.5,1167
1168,2361072.8,2492243.5,2623414.2,2623414.2,2623414.2,2623414.2,2623414.2,1168
1169,2383172.8,2515571.2,2647969.8,2647969.8,2647969.8,2647969.8,2647969.8,1169
1170,2405479.5,2539117.2,2672755,2672755,2672755,2672755,2672755,1170
1171,2427995.2,2562883.8,2697772.5,2697772.5,2697772.5,2697772.5,2697772.5,1171
1172,2450721.5,2586872.8,2723024,2723024,2723024,2723024,2723024,1172
1173,2473660.8,2611086.2,2748512,2748512,2748512,2748512,2748512,1173
1174,2496814.5,2635526.5,2774238.5,2774238.5,2774238.5,2774238.5,2774238.5,1174
1175,2520185.2,2660195.5,2800205.8,2800205.8,2800205.8,2800205.8,2800205.8,1175
1176,2543774.5,2685095.5,2826416.2,2826416.2,2826416.2,2826416.2,2826416.2,1176
1177,2567584.8,2710228.5,2852872,2852872,2852872,2852872,2852872,1177
1178,2591618,2735596.8,2879575.5,2879575.5,2879575.5,2879575.5,2879575.5,1178
1179,2615876,2761202.5,2906528.8,2906528.8,2906528.8,2906528.8,2906528.8,1179
1180,2640361,2787047.8,2933734.5,2933734.5,2933734.5,2933734.5,2933734.5,1180
1181,2665075.5,2813135.2,2961195,2961195,2961195,2961195,2961195,1181
1182,2690021.2,2839466.8,2988912.5,2988912.5,2988912.5,2988912.5,2988912.5,1182
1183,2715200.5,2866045,3016889.2,3016889.2,3016889.2,3016889.2,3016889.2,1183
1184,2740615.2,2892871.8,3045128.2,3045128.2,3045128.2,3045128.2,3045128.2,1184
1185,2766268.2,2919949.8,3073631.2,3073631.2,3073631.2,3073631.2,3073631.2,1185
1186,2792161.2,2947281.2,3102401.2,3102401.2,3102401.2,3102401.2,3102401.2,1186
1187,2818296.5,2974868.5,3131440.5,3131440.5,3131440.5,3131440.5,3131440.5,1187
1188,2844676.5,3002714,3160751.8,3160751.8,3160751.8,3160751.8,3160751.8,1188
1189,2871303.5,3030820.2,3190337.2,3190337.2,3190337.2,3190337.2,3190337.2,1189
1190,2898179.8,3059189.8,3220199.8,3220199.8,3220199.8,3220199.8,3220199.8,1190
1191,2925307.5,3087824.5,3250341.8,3250341.8,3250341.8,3250341.8,3250341.8,1191
1192,2952689.2,3116727.5,3280765.8,3280765.8,3280765.8,3280765.8,3280765.8,1192
1193,2980327.2,3145901,3311474.8,3311474.8,3311474.8,3311474.8,3311474.8,1193
1194,3008224,3175347.5,3342471.2,3342471.2,3342471.2,3342471.2,3342471.2,1194
1195,3036382,3205070,3373757.8,3373757.8,3373757.8,3373757.8,3373757.8,1195
1196,3064803.5,3235070.2,3405337.2,3405337.2,3405337.2,3405337.2,3405337.2,1196
1197,3093491,3265351.8,3437212.2,3437212.2,3437212.2,3437212.2,3437212.2,1197
1198,3122447.2,3295916.5,3469385.8,3469385.8,3469385.8,3469385.8,3469385.8,1198
1199,3151674.2,3326767.2,3501860.5,3501860.5,3501860.5,3501860.5,3501860.5,1199
1200,3181175,3357907,3534639,3534639,3534639,3534639,3534639,1200
1201,3210952,3389338.2,3567724.5,3567724.5,3567724.5,3567724.5,3567724.5,1201
1202,3241007.8,3421063.8,3601119.8,3601119.8,3601119.8,3601119.8,3601119.8,1202
1203,3271344.8,3453086,3634827.5,3634827.5,3634827.5,3634827.5,3634827.5,1203
1204,3301965.8,3485408.2,3668850.8,3668850.8,3668850.8,3668850.8,3668850.8,1204
1205,3332873.2,3518033,3703192.5,3703192.5,3703192.5,3703192.5,3703192.5,1205
1206,3364070.2,3550963,3737856,3737856,3737856,3737856,3737856,1206
1207,3395559.2,3584201.5,3772843.8,3772843.8,3772843.8,3772843.8,3772843.8,1207
1208,3427343,3617751,3808159,3808159,3808159,3808159,3808159,1208
1209,3459424.2,3651614.5,3843804.8,3843804.8,3843804.8,3843804.8,3843804.8,1209
1210,3491806,3685795.2,3879784.5,3879784.5,3879784.5,3879784.5,3879784.5,1210
1211,3524490.8,3720295.8,3916100.8,3916100.8,3916100.8,3916100.8,3916100.8,1211
1212,3557481.5,3755119.2,3952757.2,3952757.2,3952757.2,3952757.2,3952757.2,1212
1213,3590781,3790268.8,3989756.5,3989756.5,3989756.5,3989756.5,3989756.5,1213
1214,3624392.2,3825747.2,4027102.5,4027102.5,4027102.5,4027102.5,4027102.5,1214
1215,3658318,3861558,4064797.8,4064797.8,4064797.8,4064797.8,4064797.8,1215
1216,3692561.5,3897703.8,4102846.2,4102846.2,4102846.2,4102846.2,4102846.2,1216
1217,3727125.5,3934188,4141250.5,4141250.5,4141250.5,4141250.5,4141250.5,1217
1218,3762013,3971013.8,4180014.5,4180014.5,4180014.5,4180014.5,4180014.5,1218
1219,3797227.2,4008184.2,4219141.5,4219141.5,4219141.5,4219141.5,4219141.5,1219
1220,3832771,4045702.8,4258634.5,4258634.5,4258634.5,4258634.5,4258634.5,1220
1221,3868647.5,4083572.5,4298497.5,4298497.5,4298497.5,4298497.5,4298497.5,1221
1222,3904860,4121796.5,4338733,4338733,4338733,4338733,4338733,1222
1223,3941411.2,4160378.5,4379346,4379346,4379346,4379346,4379346,1223
1224,3978304.8,4199321.5,4420338.5,4420338.5,4420338.5,4420338.5,4420338.5,1224
1225,4015543.5,4238629.5,4461715,4461715,4461715,4461715,4461715,1225
1226,4053131,4278305,4503479,4503479,4503479,4503479,4503479,1226
1227,4091070.2,4318352,4545633.5,4545633.5,4545633.5,4545633.5,4545633.5,1227
1228,4129364.8,4358774,4588183,4588183,4588183,4588183,4588183,1228
1229,4168017.8,4399574,4631131,4631131,4631131,4631131,4631131,1229
1230,4207032.5,4440756.5,4674480.5,4674480.5,4674480.5,4674480.5,4674480.5,1230
1231,4246412.5,4482324,4718236,4718236,4718236,4718236,4718236,1231
1232,4286161,4524281,4762401,4762401,4762401,4762401,4762401,1232
1233,4326282,4566630.5,4806979.5,4806979.5,4806979.5,4806979.5,4806979.5,1233
1234,4366778,4609377,4851975.5,4851975.5,4851975.5,4851975.5,4851975.5,1234
1235,4407653.5,4652523,4897392.5,4897392.5,4897392.5,4897392.5,4897392.5,1235
1236,4448911.5,4696073,4943235,4943235,4943235,4943235,4943235,1236
1237,4490555.5,4740031,4989506,4989506,4989506,4989506,4989506,1237
1238,4532589.5,4784400,5036210.5,5036210.5,5036210.5,5036210.5,5036210.5,1238
1239,4575017,4829184.5,5083352.5,5083352.5,5083352.5,5083352.5,5083352.5,1239
1240,4617842,4874388.5,5130935.5,5130935.5,5130935.5,5130935.5,5130935.5,1240
1241,4661067.5,4920015.5,5178963.5,5178963.5,5178963.5,5178963.5,5178963.5,1241
1242,4704697.5,4966069.5,5227441.5,5227441.5,5227441.5,5227441.5,5227441.5,1242
1243,4748736,5012555,5276373.5,5276373.5,5276373.5,5276373.5,5276373.5,1243
1244,4793187,5059475,5325763.5,5325763.5,5325763.5,5325763.5,5325763.5,1244
1245,4838054,5106835,5375615.5,5375615.5,5375615.5,5375615.5,5375615.5,1245
1246,4883341,5154637.5,5425934.5,5425934.5,5425934.5,5425934.5,5425934.5,1246
1247,4929052,5202888,5476724.5,5476724.5,5476724.5,5476724.5,5476724.5,1247
1248,4975190.5,5251590,5527989.5,5527989.5,5527989.5,5527989.5,5527989.5,1248
1249,5021761.5,5300748,5579735,5579735,5579735,5579735,5579735,1249
1250,5068768,5350366.5,5631964.5,5631964.5,5631964.5,5631964.5,5631964.5,1250
1251,5116215,5400449,5684683,5684683,5684683,5684683,5684683,1251
1252,5164105.5,5451000.5,5737895,5737895,5737895,5737895,5737895,1252
1253,5212444.5,5502025,5791605.5,5791605.5,5791605.5,5791605.5,5791605.5,1253
1254,5261236.5,5553527.5,5845818,5845818,5845818,5845818,5845818,1254
1255,5310485,5605511.5,5900538.5,5900538.5,5900538.5,5900538.5,5900538.5,1255
1256,5360194,5657982.5,5955771.5,5955771.5,5955771.5,5955771.5,5955771.5,1256
1257,5410369,5710945,6011521,6011521,6011521,6011521,6011521,1257
1258,5461013.5,5764403,6067792.5,6067792.5,6067792.5,6067792.5,6067792.5,1258
1259,5512132,5818361.5,6124591,6124591,6124591,6124591,6124591,1259
1260,5563729,5872825,6181921,6181921,6181921,6181921,6181921,1260
1261,5615809,5927798,6239787.5,6239787.5,6239787.5,6239787.5,6239787.5,1261
1262,5668376.5,5983286,6298196,6298196,6298196,6298196,6298196,1262
1263,5721436,6039293.5,6357151,6357151,6357151,6357151,6357151,1263
1264,5774992.5,6095825,6416658,6416658,6416658,6416658,6416658,1264
1265,5829050,6152886,6476722,6476722,6476722,6476722,6476722,1265
1266,5883613.5,6210481,6537348.5,6537348.5,6537348.5,6537348.5,6537348.5,1266
1267,5938688,6268615.5,6598542.5,6598542.5,6598542.5,6598542.5,6598542.5,1267
1268,5994278,6327293.5,6660309,6660309,6660309,6660309,6660309,1268
1269,6050388.5,6386521,6722654,6722654,6722654,6722654,6722654,1269
1270,6107024,6446303.5,6785582.5,6785582.5,6785582.5,6785582.5,6785582.5,1270
1271,6164190,6506645,6849100,6849100,6849100,6849100,6849100,1271
1272,6221891,6567551.5,6913212,6913212,6913212,6913212,6913212,1272
1273,6280132,6629028,6977924.5,6977924.5,6977924.5,6977924.5,6977924.5,1273
1274,6338918.5,6691080.5,7043242.5,7043242.5,7043242.5,7043242.5,7043242.5,1274
1275,6398255,6753713.5,7109172,7109172,7109172,7109172,7109172,1275
1276,6458147,6816933,7175719,7175719,7175719,7175719,7175719,1276
1277,6518599.5,6880744,7242888.5,7242888.5,7242888.5,7242888.5,7242888.5,1277
1278,6579618,6945152.5,7310687,7310687,7310687,7310687,7310687,1278
1279,6641208,7010164,7379120,7379120,7379120,7379120,7379120,1279
1280,6703374,7075784,7448193.5,7448193.5,7448193.5,7448193.5,7448193.5,1280
1281,6766122.5,7142018,7517914,7517914,7517914,7517914,7517914,1281
1282,6829458,7208872.5,7588286.5,7588286.5,7588286.5,7588286.5,7588286.5,1282
1283,6893386.5,7276352.5,7659318.5,7659318.5,7659318.5,7659318.5,7659318.5,1283
1284,6957913.5,7344464.5,7731015,7731015,7731015,7731015,7731015,1284
1285,7023044.5,7413213.5,7803383,7803383,7803383,7803383,7803383,1285
1286,7088785,7482606.5,7876428,7876428,7876428,7876428,7876428,1286
1287,7155141.5,7552649,7950157,7950157,7950157,7950157,7950157,1287
1288,7222118.5,7623347.5,8024576,8024576,8024576,8024576,8024576,1288
1289,7289722.5,7694707.5,8099692,8099692,8099692,8099692,8099692,1289
1290,7357960,7766735.5,8175511,8175511,8175511,8175511,8175511,1290
1291,7426835.5,7839437.5,8252039.5,8252039.5,8252039.5,8252039.5,8252039.5,1291
1292,7496356,7912820.5,8329284.5,8329284.5,8329284.5,8329284.5,8329284.5,1292
1293,7566527.5,7986890,8407253,8407253,8407253,8407253,8407253,1293
1294,7637356,8061653.5,8485951,8485951,8485951,8485951,8485951,1294
1295,7708847,8137116.5,8565386,8565386,8565386,8565386,8565386,1295
1296,7781007.5,8213285.5,8645564,8645564,8645564,8645564,8645564,1296
1297,7853843.5,8290168,8726493,8726493,8726493,8726493,8726493,1297
1298,7927361.5,8367770,8808179,8808179,8808179,8808179,8808179,1298
1299,7964378,8406843,8849309,8849309,8849309,8849309,8849309,1299
1300,8001567,8446099,8890630,8890630,8890630,8890630,8890630,1300
