ID,TraitCondID,TraitNodeID
55,411,9936
56,415,9937
57,404,9938
58,407,9974
579,975,11017
580,976,11046
585,1004,11427
586,1006,11429
587,1016,11429
588,1017,11429
3543,4016,15531
3544,4018,15531
3545,4014,15564
3546,4015,15564
3704,4200,16133
3705,4201,16134
3706,4202,16135
3707,4203,16136
3708,4204,16137
3709,4205,16138
3710,4206,16139
3711,4207,16140
3712,4208,16141
3713,4209,16142
3714,4210,16143
3715,4211,16144
3716,4212,16145
3717,4213,16146
3718,4214,16147
3719,4215,16148
3720,4216,16149
3721,4217,16150
3722,4218,16151
3723,4219,16152
3724,4220,16153
3725,4221,16154
3726,4222,16155
3727,4223,16156
3728,4224,16157
3729,4225,16158
3730,4226,16159
3731,4227,16160
3732,4228,16161
3733,4229,16162
3734,4230,16163
3735,4231,16164
3736,4232,16165
3737,4233,16171
3738,4234,16172
3739,4235,16173
3740,4236,16174
3741,4237,16175
3742,4238,16176
3743,4239,16177
3744,4240,16178
3745,4241,16179
3746,4242,16180
3747,4243,16181
3748,4244,16182
3749,4245,16183
3750,4246,16184
3751,4247,16185
3752,4248,16186
3753,4249,16187
3754,4250,16188
3755,4251,16189
3756,4252,16190
3757,4253,16191
3758,4254,16192
3759,4255,16193
3760,4256,16194
3761,4257,16195
3762,4258,16196
3763,4259,16197
3764,4260,16198
3765,4261,16199
3766,4262,16200
3767,4263,16201
3768,4264,16202
3769,4265,16203
3770,4266,16204
3771,4267,16205
3772,4268,16206
3773,4269,16207
3774,4270,16208
3775,4271,16209
3776,4272,16210
3777,4273,16211
3778,4274,16212
3779,4275,16213
3780,4276,16214
3781,4277,16215
3782,4278,16216
3783,4279,16217
3784,4280,16218
3785,4281,16219
4023,4548,16872
4024,4551,16874
4025,4553,16875
4026,4554,16876
4027,4555,16877
4028,4552,16957
4033,4597,17394
4034,4591,17396
4035,4601,17396
4036,4608,17396
4337,4949,18244
4338,4950,18245
4339,4951,18246
4340,4952,18247
4341,4953,18248
4342,4954,18249
4343,4955,18250
4344,4956,18251
4345,4957,18252
4346,4958,18253
4347,4959,18254
4348,4960,18255
4349,4961,18256
4350,4962,18257
4351,4963,18258
4352,4964,18259
4353,4965,18260
4354,4966,18261
4355,4967,18262
4356,4968,18263
4357,4969,18264
4358,4970,18265
4359,4971,18266
4360,4972,18267
4361,4973,18268
4362,4974,18269
4363,4975,18270
4364,4976,18271
4365,4977,18272
4366,4978,18273
4367,4979,18274
4368,4980,18275
4369,4981,18276
4370,4982,18277
4371,4983,18278
4372,4984,18279
4373,4985,18280
4374,4986,18281
4413,5051,18577
4414,5052,18578
4415,5053,18579
4416,5054,18580
4417,5055,18581
4418,5056,18582
4419,5057,18583
4420,5058,18584
4421,5059,18585
4422,5060,18586
4423,5061,18587
4424,5062,18588
4425,5063,18589
4426,5064,18590
4427,5065,18591
4428,5066,18592
4429,5067,18593
4430,5068,18594
4431,5069,18595
4432,5070,18596
4433,5071,18597
4434,5072,18598
4435,5073,18599
4436,5074,18600
4437,5075,18601
4438,5076,18602
4439,5077,18603
4440,5078,18604
4441,5079,18605
4442,5080,18606
4443,5081,18607
4444,5082,18608
4445,5083,18609
4446,5084,18610
4447,5085,18611
4448,5086,18612
4449,5087,18613
4450,5088,18614
4453,5118,18913
4454,5119,18927
4493,5173,19211
4494,5174,19212
4495,5175,19213
4496,5176,19214
4497,5177,19215
4498,5178,19216
4499,5179,19217
4500,5180,19218
4501,5181,19219
4502,5182,19220
4503,5183,19221
4504,5184,19222
4505,5185,19223
4506,5186,19224
4507,5187,19225
4508,5188,19226
4509,5189,19227
4510,5190,19228
4511,5191,19229
4512,5192,19230
4513,5193,19231
4514,5194,19232
4515,5195,19233
4516,5196,19234
4517,5197,19235
4518,5198,19236
4519,5199,19237
4520,5200,19238
4521,5201,19239
4522,5202,19240
4523,5203,19241
4524,5204,19242
4525,5205,19243
4526,5206,19244
4527,5207,19245
4528,5208,19246
4529,5209,19247
4530,5210,19248
4531,5224,19379
4532,5225,19380
4533,5226,19381
4534,5227,19382
4535,5228,19383
4536,5229,19384
4537,5230,19385
4538,5231,19386
4539,5232,19387
4540,5233,19388
4541,5234,19389
4542,5235,19390
4543,5236,19391
4544,5237,19392
4545,5238,19393
4546,5239,19394
4547,5240,19395
4548,5241,19396
4549,5242,19397
4550,5243,19398
4551,5244,19399
4552,5245,19400
4553,5246,19401
4554,5247,19402
4555,5248,19403
4556,5249,19404
4557,5250,19405
4558,5251,19406
4559,5252,19407
4560,5253,19408
4561,5254,19409
4562,5255,19410
4563,5256,19411
4564,5257,19412
4565,5258,19413
4566,5259,19414
4567,5260,19415
4568,5261,19422
4569,5262,19423
4570,5263,19424
4571,5264,19425
4572,5265,19426
4573,5266,19427
4574,5267,19428
4575,5268,19429
4576,5269,19430
4577,5270,19431
4578,5271,19432
4579,5272,19433
4580,5273,19434
4581,5274,19435
4582,5275,19436
4583,5276,19437
4584,5277,19438
4585,5278,19439
4586,5279,19440
4587,5280,19441
4588,5281,19445
4589,5282,19446
4590,5283,19447
4591,5284,19448
4592,5285,19449
4593,5286,19450
4594,5287,19451
4595,5288,19452
4596,5289,19453
4597,5290,19454
4598,5291,19455
4599,5292,19456
4600,5293,19457
4601,5294,19458
4602,5295,19459
4603,5296,19460
4604,5297,19461
4605,5298,19462
4606,5299,19463
4607,5300,19464
4608,5301,19465
4609,5302,19466
4610,5303,19467
4611,5304,19468
4612,5305,19469
4613,5306,19470
4614,5307,19471
4615,5308,19472
4616,5309,19473
4617,5310,19474
4618,5311,19475
4619,5312,19476
4620,5313,19477
4621,5314,19478
4622,5315,19479
4623,5316,19480
4624,5317,19481
4625,5318,19488
4626,5319,19489
4627,5320,19490
4628,5321,19491
4629,5322,19492
4630,5323,19493
4631,5324,19494
4632,5325,19495
4633,5326,19496
4634,5327,19497
4635,5328,19498
4636,5329,19499
4637,5330,19500
4638,5331,19501
4639,5332,19502
4640,5333,19503
4641,5334,19504
4642,5335,19505
4643,5336,19506
4644,5337,19507
4645,5338,19508
4646,5339,19509
4647,5340,19510
4648,5341,19511
4649,5342,19512
4650,5343,19513
4651,5344,19514
4652,5345,19515
4653,5346,19516
4654,5347,19517
4655,5348,19518
4656,5349,19519
4657,5350,19520
4658,5351,19521
4659,5352,19522
4660,5353,19523
4661,5354,19524
4662,5355,19525
4663,5356,19526
4664,5357,19527
4665,5358,19528
4666,5359,19529
4667,5360,19530
4668,5361,19531
4669,5362,19532
4670,5363,19533
4671,5364,19540
4672,5365,19541
4673,5366,19542
4674,5367,19543
4675,5368,19544
4676,5369,19545
4677,5370,19546
4678,5371,19547
4679,5372,19548
4680,5373,19549
4681,5374,19550
4682,5375,19551
4683,5376,19552
4684,5377,19553
4685,5378,19554
4686,5379,19555
4687,5380,19556
4688,5381,19557
4689,5382,19558
4690,5383,19559
4691,5384,19560
4692,5385,19561
4693,5386,19562
4694,5387,19563
4695,5388,19564
4696,5389,19565
4697,5390,19566
4698,5391,19567
4699,5392,19568
4700,5393,19569
4701,5394,19570
4702,5395,19571
4703,5396,19572
4704,5397,19573
4705,5398,19574
4706,5399,19575
4707,5400,19576
4708,5401,19577
4709,5402,19578
4710,5403,19579
4711,5404,19580
4712,5405,19581
4713,5406,19582
4714,5407,19583
4715,5408,19584
4716,5409,19585
4717,5410,19586
4718,5411,19587
4719,5412,19588
4720,5413,19589
4721,5414,19590
4722,5415,19591
4723,5416,19592
4724,5417,19593
4725,5418,19594
4726,5419,19595
4727,5420,19596
4728,5421,19597
4729,5422,19598
4730,5423,19599
4731,5424,19600
4732,5425,19601
4733,5426,19602
4734,5427,19603
4735,5428,19604
4736,5429,19605
4737,5430,19606
4738,5431,19607
4739,5432,19608
4740,5433,19609
4741,5434,19610
4742,5435,19611
4743,5436,19612
4744,5437,19613
4745,5438,19614
4746,5439,19615
4747,5440,19616
4748,5441,19617
4749,5442,19618
4750,5443,19619
4751,5444,19620
4752,5445,19621
4753,5446,19622
4754,5447,19623
4755,5448,19624
4756,5449,19625
4757,5450,19626
4758,5451,19627
4759,5452,19628
4760,5453,19629
4761,5454,19630
4762,5455,19644
4763,5456,19645
4764,5457,19646
4765,5458,19647
4766,5459,19648
4767,5460,19649
4768,5461,19650
4769,5462,19651
4770,5463,19652
4771,5464,19653
4772,5465,19654
4773,5466,19655
4774,5467,19656
4775,5468,19657
4776,5469,19658
4777,5470,19659
4778,5471,19660
4779,5472,19661
4780,5473,19662
4781,5474,19663
4782,5475,19664
4783,5476,19668
4784,5477,19669
4785,5478,19670
4786,5479,19671
4787,5480,19672
4788,5481,19673
4789,5482,19674
4790,5483,19675
4791,5484,19676
4792,5485,19677
4793,5486,19678
4794,5487,19679
4795,5488,19680
4796,5489,19681
4797,5490,19682
4798,5491,19683
4799,5492,19684
4800,5493,19685
4801,5494,19686
4802,5495,19687
4803,5496,19688
4804,5497,19689
4805,5498,19690
4806,5499,19691
4807,5500,19692
4808,5501,19693
4809,5502,19694
4810,5503,19695
4811,5504,19696
4812,5505,19697
4813,5506,19698
4814,5507,19699
4815,5508,19700
4816,5509,19701
4817,5510,19702
4818,5511,19703
4819,5512,19704
4820,5513,19705
4821,5514,19706
4822,5515,19707
4823,5516,19708
4824,5517,19709
4825,5518,19710
4826,5519,19711
4827,5520,19712
4828,5521,19713
4829,5522,19714
4830,5523,19715
4831,5524,19716
4832,5525,19717
4833,5526,19718
4834,5527,19719
4835,5528,19720
4836,5529,19721
4837,5530,19722
4838,5531,19723
4839,5532,19724
4840,5533,19725
4841,5534,19726
4842,5535,19727
4843,5536,19728
4844,5537,19740
4845,5538,19741
4846,5539,19742
4847,5540,19743
4848,5541,19744
4849,5542,19745
4850,5543,19746
4851,5544,19747
4852,5545,19748
4853,5546,19749
4854,5547,19750
4855,5548,19751
4856,5549,19752
4857,5550,19753
4858,5551,19754
4859,5552,19755
4860,5553,19756
4861,5554,19757
4862,5555,19758
4863,5556,19759
4864,5557,19760
4865,5558,19761
4866,5559,19762
4867,5560,19763
4868,5561,19764
4869,5562,19765
4870,5563,19766
4871,5564,19767
4872,5565,19768
4873,5566,19769
4874,5567,19770
4875,5568,19771
4876,5569,19772
4877,5570,19773
4878,5571,19774
4879,5572,19775
4880,5573,19776
4881,5574,19777
4882,5575,19778
4883,5576,19779
4884,5577,19780
4885,5578,19781
4886,5579,19782
4887,5580,19783
4888,5581,19784
4889,5582,19785
4890,5583,19786
4891,5584,19787
4892,5585,19788
4893,5586,19789
4894,5587,19790
4895,5588,19791
4896,5589,19792
4897,5590,19793
4898,5591,19794
4899,5592,19795
4900,5593,19796
4901,5594,19797
4902,5595,19798
4903,5596,19799
4904,5597,19800
4942,5635,19855
4943,5636,19856
4944,5637,19857
4945,5638,19858
4946,5639,19859
4947,5640,19860
4948,5641,19861
4949,5642,19862
4950,5643,19863
4951,5644,19864
4952,5645,19865
4953,5646,19866
4954,5647,19867
4955,5648,19868
4956,5649,19869
4957,5650,19870
4958,5651,19871
4959,5652,19872
4960,5653,19873
4961,5654,19874
4962,5655,19875
4963,5656,19876
4964,5657,19877
4965,5658,19878
4966,5659,19879
4967,5660,19880
4968,5661,19881
4969,5662,19882
4970,5663,19883
4971,5664,19884
4972,5665,19885
4973,5666,19886
4974,5667,19887
4975,5668,19888
4976,5669,19889
4977,5670,19890
4978,5671,19891
4979,5672,19892
4980,5673,19893
4981,5674,19894
4982,5675,19895
4983,5676,19896
4984,5677,19897
4985,5678,19898
4986,5679,19899
4987,5680,19900
4988,5681,19901
4989,5682,19902
4990,5683,19903
4991,5684,19904
4992,5685,19905
4993,5686,19906
4994,5687,19907
4995,5688,19908
4996,5689,19909
4997,5690,19910
4998,5691,19911
4999,5692,19912
5000,5693,19913
5001,5694,19914
5002,5695,19915
5003,5696,19916
5004,5697,19917
5005,5698,19918
5006,5699,19919
5007,5700,19920
5008,5701,19921
5009,5702,19922
5010,5703,19923
5011,5704,19924
5012,5705,19925
5013,5706,19926
5014,5707,19927
5015,5708,19928
5016,5709,19929
5017,5710,19930
5018,5711,19931
5019,5712,19932
5020,5713,19933
5021,5714,19934
5022,5715,19935
5023,5716,19936
5024,5717,19937
5025,5718,19938
5026,5719,19939
5027,5720,19940
5028,5721,19941
5029,5722,19942
5030,5723,19943
5031,5724,19944
5032,5725,19945
5070,5763,20002
5071,5764,20003
5072,5765,20004
5073,5766,20005
5074,5767,20006
5075,5768,20007
5076,5769,20008
5077,5770,20009
5078,5771,20010
5079,5772,20011
5080,5773,20012
5081,5774,20013
5082,5775,20014
5083,5776,20015
5084,5777,20016
5085,5778,20017
5086,5779,20018
5087,5780,20019
5088,5781,20020
5089,5782,20021
5090,5783,20022
5091,5784,20023
5092,5785,20024
5093,5786,20025
5094,5787,20026
5095,5788,20027
5096,5789,20028
5097,5790,20029
5098,5791,20030
5099,5792,20031
5100,5793,20032
5101,5794,20033
5102,5795,20034
5103,5796,20035
5104,5797,20036
5105,5798,20037
5106,5799,20038
5107,5800,20039
5108,5801,20040
5109,5802,20041
5110,5803,20042
5111,5804,20043
5112,5805,20044
5113,5806,20045
5114,5807,20046
5115,5808,20047
5116,5809,20048
5117,5810,20049
5118,5811,20050
5119,5812,20051
5120,5813,20052
5121,5814,20053
5122,5815,20054
5123,5816,20055
5124,5817,20056
5125,5818,20057
5126,5819,20058
5127,5820,20059
5128,5821,20060
5129,5822,20061
5130,5823,20062
5131,5824,20063
5132,5825,20064
5133,5826,20065
5134,5827,20066
5135,5828,20067
5136,5829,20068
5137,5830,20069
5138,5831,20070
5139,5832,20071
5140,5833,20072
5141,5834,20073
5142,5835,20074
5143,5836,20075
5144,5837,20076
5145,5838,20077
5146,5839,20078
5147,5840,20079
5148,5841,20080
5149,5842,20081
5150,5843,20082
5151,5844,20083
5152,5845,20084
5153,5846,20085
5154,5847,20086
5155,5848,20087
5156,5849,20088
5157,5850,20089
5158,5851,20090
5159,5852,20091
5160,5853,20092
5823,6553,21123
5824,6549,21124
5825,6577,21125
5826,6560,21126
5827,6562,21127
5828,6564,21128
5829,6565,21129
5830,6555,21130
5831,6571,21131
5832,6578,21132
5833,6556,21133
5834,6572,21134
5835,6557,21135
5836,6573,21136
5837,6576,21137
5838,6574,21138
5839,6570,21139
5840,6558,21140
5841,6568,21141
5842,6543,21142
5843,6559,21143
5844,6575,21144
5845,6569,21145
5846,6566,21146
5847,6544,21147
5848,6545,21148
5849,6561,21149
5850,6546,21150
5851,6547,21151
5852,6563,21152
5853,6579,21153
5854,6548,21154
5855,6550,21155
5856,6551,21156
5857,6567,21157
5858,6552,21158
5859,6554,21159
5860,6580,21160
5898,6700,22398
5899,6701,22399
5900,6702,22400
5901,6703,22401
5902,6704,22402
5903,6705,22403
5904,6706,22404
5905,6707,22405
5906,6708,22406
5907,6709,22407
5908,6710,22408
5909,6711,22409
5910,6712,22410
5911,6713,22411
5912,6714,22412
5913,6715,22413
5914,6716,22414
5915,6717,22415
5916,6718,22416
5917,6719,22417
5918,6720,22418
5919,6721,22419
5920,6722,22420
5921,6723,22421
5922,6724,22422
5923,6725,22423
5924,6726,22424
5925,6727,22425
5926,6728,22426
5927,6729,22427
5928,6730,22428
5929,6731,22429
5930,6732,22430
5931,6733,22431
5932,6734,22432
5933,6735,22433
5934,6736,22434
5935,6737,22441
5936,6738,22442
5937,6739,22443
5938,6740,22444
5939,6741,22445
5940,6742,22446
5941,6743,22447
5942,6744,22448
5943,6745,22449
5944,6746,22450
5945,6747,22451
5946,6748,22452
5947,6749,22453
5948,6750,22454
5949,6751,22455
5950,6752,22456
5951,6753,22457
5952,6754,22458
5953,6755,22459
5954,6756,22460
5955,6757,22461
5956,6758,22462
5957,6759,22463
5958,6760,22464
5959,6761,22465
5960,6762,22466
5961,6763,22467
5962,6764,22468
5963,6765,22469
5964,6766,22470
5965,6767,22471
5966,6768,22472
5967,6769,22473
5968,6770,22474
5969,6771,22475
5970,6772,22476
5971,6773,22477
5972,6774,22484
5973,6775,22485
5974,6776,22486
5975,6777,22487
5976,6778,22488
5977,6779,22489
5978,6780,22490
5979,6781,22491
5980,6782,22492
5981,6783,22493
5982,6784,22494
5983,6785,22495
5984,6786,22496
5985,6787,22497
5986,6788,22498
5987,6789,22499
5988,6790,22500
5989,6791,22501
5990,6792,22502
5991,6793,22503
5992,6794,22504
5993,6795,22505
5994,6796,22506
5995,6797,22507
5996,6798,22508
5997,6799,22509
5998,6800,22510
5999,6801,22511
6000,6802,22512
6001,6803,22513
6002,6804,22514
6003,6805,22515
6004,6806,22516
6005,6807,22517
6006,6808,22518
6007,6809,22519
6008,6810,22520
6009,6811,22527
6010,6812,22528
6011,6813,22529
6012,6814,22530
6013,6815,22531
6014,6816,22532
6015,6817,22533
6016,6818,22534
6017,6819,22535
6018,6820,22536
6019,6821,22537
6020,6822,22538
6021,6823,22539
6022,6824,22540
6023,6825,22541
6024,6826,22542
6025,6827,22543
6026,6828,22544
6027,6829,22545
6028,6830,22546
6029,6831,22547
6030,6832,22548
6031,6833,22549
6032,6834,22550
6033,6835,22551
6034,6836,22552
6035,6837,22553
6036,6838,22554
6037,6839,22555
6038,6840,22556
6039,6841,22557
6040,6842,22558
6041,6843,22559
6042,6844,22560
6043,6845,22561
6044,6846,22562
6045,6847,22563
6046,6848,22570
6047,6849,22571
6048,6850,22572
6049,6851,22573
6050,6852,22574
6051,6853,22575
6052,6854,22576
6053,6855,22577
6054,6856,22578
6055,6857,22579
6056,6858,22580
6057,6859,22581
6058,6860,22582
6059,6861,22583
6060,6862,22584
6061,6863,22585
6062,6864,22586
6063,6865,22587
6064,6866,22588
6065,6867,22589
6066,6868,22590
6067,6869,22591
6068,6870,22592
6069,6871,22593
6070,6872,22594
6071,6873,22595
6072,6874,22596
6073,6875,22597
6074,6876,22598
6075,6877,22599
6076,6878,22600
6077,6879,22601
6078,6880,22602
6079,6881,22603
6080,6882,22604
6081,6883,22605
6082,6884,22606
6083,6885,22613
6084,6886,22614
6085,6887,22615
6086,6888,22616
6087,6889,22617
6088,6890,22618
6089,6891,22619
6090,6892,22620
6091,6893,22621
6092,6894,22622
6093,6895,22623
6094,6896,22624
6095,6897,22625
6096,6898,22626
6097,6899,22627
6098,6900,22628
6099,6901,22629
6100,6902,22630
6101,6903,22631
6102,6904,22632
6103,6905,22633
6104,6906,22634
6105,6907,22635
6106,6908,22636
6107,6909,22637
6108,6910,22638
6109,6911,22639
6110,6912,22640
6111,6913,22641
6112,6914,22642
6113,6915,22643
6114,6916,22644
6115,6917,22645
6116,6918,22646
6117,6919,22647
6118,6920,22648
6119,6921,22649
6120,6922,22650
6121,6923,22651
6122,6924,22652
6123,6925,22653
6124,6926,22654
6125,6927,22655
6126,6928,22656
6127,6929,22657
6128,6930,22658
6129,6931,22665
6130,6932,22666
6131,6933,22667
6132,6934,22668
6133,6935,22669
6134,6936,22670
6135,6937,22671
6136,6938,22672
6137,6939,22673
6138,6940,22674
6139,6941,22675
6140,6942,22676
6141,6943,22677
6142,6944,22678
6143,6945,22679
6144,6946,22680
6145,6947,22681
6146,6948,22682
6147,6949,22683
6148,6950,22684
6149,6951,22685
6150,6952,22686
6151,6953,22687
6152,6954,22688
6153,6955,22689
6154,6956,22690
6155,6957,22691
6156,6958,22692
6157,6959,22693
6158,6960,22694
6159,6961,22695
6160,6962,22696
6161,6963,22697
6162,6964,22698
6163,6965,22699
6164,6966,22700
6165,6967,22701
6166,6968,22702
6167,6969,22703
6168,6970,22704
6169,6971,22705
6170,6972,22706
6171,6973,22707
6172,6974,22708
6173,6975,22709
6174,6976,22710
6179,7006,22975
6180,7010,22977
6181,7014,22977
6182,7016,22977
6690,7526,23672
6691,7527,23673
6692,7528,23674
6693,7529,23675
6694,7530,23676
6695,7531,23677
6696,7532,23678
6697,7533,23679
6698,7534,23680
6699,7535,23681
6700,7536,23682
6701,7537,23683
6702,7538,23684
6703,7539,23685
6704,7540,23686
6705,7541,23687
6706,7542,23688
6707,7543,23689
6708,7544,23690
6709,7545,23691
6710,7546,23692
6711,7547,23693
6712,7548,23694
6713,7549,23695
6714,7550,23696
6715,7551,23697
6716,7552,23698
6717,7553,23699
6718,7554,23700
6719,7555,23701
6720,7556,23702
6721,7557,23703
6722,7558,23704
6723,7559,23705
6724,7560,23706
6725,7561,23707
6726,7562,23708
6727,7563,23709
6728,7564,23710
6729,7565,23711
6730,7566,23712
6731,7567,23713
6732,7568,23714
6733,7569,23715
6734,7570,23716
6735,7571,23717
6736,7572,23718
6737,7573,23719
6738,7574,23720
6739,7575,23728
6740,7576,23729
6741,7577,23730
6742,7578,23731
6743,7579,23732
6744,7580,23733
6745,7581,23734
6746,7582,23735
6747,7583,23736
6748,7584,23737
6749,7585,23738
6750,7586,23739
6751,7587,23740
6752,7588,23741
6753,7589,23742
6754,7590,23743
6755,7591,23744
6756,7592,23745
6757,7593,23746
6758,7594,23747
6759,7595,23748
6760,7596,23749
6761,7597,23750
6762,7598,23751
6763,7599,23752
6764,7600,23753
6765,7601,23754
6766,7602,23755
6767,7603,23756
6768,7604,23757
6769,7605,23758
6770,7606,23759
6771,7607,23760
6809,7645,23809
6810,7646,23810
6811,7647,23811
6812,7648,23812
6813,7649,23813
6814,7650,23814
6815,7651,23815
6816,7652,23816
6817,7653,23817
6818,7654,23818
6819,7655,23819
6820,7656,23820
6821,7657,23821
6822,7658,23822
6823,7659,23823
6824,7660,23824
6825,7661,23825
6826,7662,23826
6827,7663,23827
6828,7664,23828
6829,7665,23829
6830,7666,23830
6831,7667,23831
6832,7668,23832
6833,7669,23833
6834,7670,23834
6835,7671,23835
6836,7672,23836
6837,7673,23837
6838,7674,23838
6839,7675,23839
6840,7676,23840
6841,7677,23841
6842,7678,23842
6843,7679,23843
6844,7680,23844
6845,7681,23845
6846,7682,23846
6847,7683,23847
6848,7684,23848
6849,7685,23849
6850,7686,23850
6851,7687,23851
6852,7688,23852
6853,7689,23853
6854,7690,23854
6855,7691,23855
6856,7692,23856
6857,7693,23857
6858,7694,23858
6859,7695,23859
6860,7696,23860
6861,7697,23861
6862,7698,23862
6863,7699,23863
6864,7700,23864
6865,7701,23865
6866,7702,23866
6867,7703,23867
6868,7704,23868
6869,7705,23869
6870,7706,23870
6871,7707,23871
6872,7708,23872
6873,7709,23873
6874,7710,23874
6875,7711,23875
6876,7712,23876
6877,7713,23877
6878,7714,23878
6879,7715,23879
6880,7716,23880
6881,7717,23881
6882,7718,23882
6883,7719,23883
6884,7720,23884
6885,7721,23885
6886,7722,23886
6887,7723,23887
6888,7724,23888
6889,7725,23889
6890,7726,23890
6891,7727,23891
6892,7728,23892
6893,7729,23893
6894,7730,23894
6895,7731,23895
6896,7732,23896
6897,7733,23897
6898,7734,23898
6899,7735,23899
6900,7736,23913
6901,7737,23914
6902,7738,23915
6903,7739,23916
6904,7740,23917
6905,7741,23918
6906,7742,23919
6907,7743,23920
6908,7744,23921
6909,7745,23922
6910,7746,23923
6911,7747,23924
6912,7748,23925
6913,7749,23926
6914,7750,23927
6915,7751,23928
6916,7752,23929
6917,7753,23930
6918,7754,23931
6919,7755,23932
7035,7891,24405
7036,7892,24553
7046,7943,25085
7047,7942,25086
7048,7944,25233
7052,7969,25425
7053,7968,25426
7054,7970,25573
7079,8058,26181
7080,8061,26183
7081,8063,26184
7082,8064,26185
7083,8065,26186
7084,8062,26264
7402,8686,27571
7403,8687,27572
7404,8688,27573
7405,8689,27574
7406,8690,27575
7407,8691,27576
7408,8692,27577
7409,8693,27578
7410,8694,27579
7411,8695,27580
7412,8696,27581
7413,8697,27582
7414,8698,27583
7415,8699,27584
7416,8700,27585
7417,8701,27586
7418,8702,27587
7419,8703,27588
7420,8704,27589
7421,8705,27590
7422,8706,27591
7423,8707,27592
7424,8708,27593
7425,8709,27594
7426,8710,27595
7427,8711,27596
7428,8712,27597
7429,8713,27598
7430,8714,27599
7431,8715,27600
7432,8716,27601
7433,8717,27602
7434,8718,27603
7435,8719,27604
7436,8720,27605
7437,8721,27606
7438,8722,27607
7439,8723,27608
7440,8724,27609
7441,8725,27610
7442,8726,27611
7443,8727,27612
7444,8728,27613
7445,8729,27614
7446,8730,27615
7447,8731,27616
7448,8732,27617
7449,8733,27618
7450,8734,27619
7451,8756,28005
7452,8757,28006
7453,8758,28007
7454,8759,28008
7455,8760,28009
7456,8761,28010
7457,8762,28011
7458,8763,28012
7459,8764,28013
7460,8765,28014
7461,8766,28015
7462,8767,28016
7463,8768,28017
7464,8769,28018
7465,8770,28019
7466,8771,28020
7467,8772,28021
7468,8773,28022
7469,8774,28023
7470,8775,28024
7471,8776,28025
7472,8777,28026
7473,8778,28027
7474,8779,28028
7475,8780,28029
7476,8781,28030
7477,8782,28035
7478,8783,28036
7479,8784,28037
7480,8785,28038
7481,8786,28039
7482,8787,28040
7483,8788,28041
7484,8789,28042
7485,8790,28043
7486,8791,28044
7487,8792,28045
7488,8793,28046
7489,8794,28047
7490,8795,28048
7491,8796,28049
7492,8797,28050
7493,8798,28051
7494,8799,28052
7495,8800,28053
7496,8801,28054
7497,8802,28055
7498,8803,28056
7499,8804,28057
7500,8805,28058
7501,8806,28059
7502,8807,28060
7503,8808,28061
7504,8809,28062
7505,8810,28063
7506,8811,28064
7507,8812,28065
7508,8813,28071
7509,8814,28072
7510,8815,28073
7511,8816,28074
7512,8817,28075
7513,8818,28076
7514,8819,28077
7515,8820,28078
7516,8821,28079
7517,8822,28080
7518,8823,28081
7519,8824,28082
7520,8825,28083
7521,8826,28084
7522,8827,28085
7523,8828,28086
7524,8829,28087
7525,8830,28088
7526,8831,28089
7527,8832,28090
7528,8833,28091
7529,8834,28092
7530,8835,28093
7531,8836,28094
7532,8837,28095
7533,8838,28096
7534,8839,28097
7535,8840,28098
7536,8841,28099
7537,8842,28100
7538,8843,28101
7539,8844,28102
7540,8845,28103
7541,8846,28104
7542,8847,28105
7543,8848,28106
7544,8849,28107
7545,8850,28108
7546,8851,28109
7547,8852,28110
7548,8853,28111
7549,8854,28112
7550,8855,28113
7551,8856,28114
7552,8857,28115
7553,8858,28116
7554,8859,28117
7555,8860,28118
7556,8861,28119
7557,8862,28120
7558,8863,28121
7559,8864,28122
7560,8865,28123
7561,8866,28124
7562,8867,28125
7563,8868,28126
7564,8869,28127
7565,8870,28128
7566,8871,28129
7567,8872,28130
7568,8873,28131
7569,8874,28143
7570,8875,28144
7571,8876,28145
7572,8877,28146
7573,8878,28147
7574,8879,28148
7575,8880,28149
7576,8881,28150
7577,8882,28151
7578,8883,28152
7579,8884,28153
7580,8885,28154
7581,8886,28155
7582,8887,28156
7583,8888,28157
7584,8889,28158
7585,8890,28159
7586,8891,28160
7587,8892,28161
7588,8893,28162
7589,8894,28163
7590,8895,28164
7591,8896,28165
7592,8897,28166
7593,8898,28167
7594,8899,28168
7595,8900,28169
7596,8901,28170
7597,8902,28171
7598,8903,28172
7599,8904,28173
7600,8905,28174
7601,8906,28175
7602,8907,28176
7603,8908,28177
7604,8909,28178
7605,8910,28179
7606,8911,28180
7607,8912,28181
7608,8913,28182
7609,8914,28183
7610,8915,28184
7611,8916,28185
7612,8917,28186
7613,8918,28187
7614,8919,28188
7615,8920,28189
7616,8921,28190
7617,8922,28191
7618,8923,28192
7619,8924,28193
7620,8925,28194
7621,8926,28195
7622,8927,28196
7623,8928,28197
7624,8929,28198
7625,8930,28199
7626,8931,28200
7627,8932,28201
7628,8933,28202
7629,8934,28203
7630,8935,28215
7631,8936,28216
7632,8937,28217
7633,8938,28218
7634,8939,28219
7635,8940,28220
7636,8941,28221
7637,8942,28222
7638,8943,28223
7639,8944,28224
7640,8945,28225
7641,8946,28226
7642,8947,28227
7643,8948,28228
7644,8949,28229
7645,8950,28230
7646,8951,28231
7647,8952,28232
7648,8953,28233
7649,8954,28234
7650,8955,28235
7651,8956,28236
7652,8957,28237
7653,8958,28238
7654,8959,28239
7655,8960,28240
7656,8961,28241
7657,8962,28242
7658,8963,28243
7659,8964,28244
7660,8965,28249
7661,8966,28250
7662,8967,28251
7663,8968,28252
7664,8969,28253
7665,8970,28254
7666,8971,28255
7667,8972,28256
7668,8973,28257
7669,8974,28258
7670,8975,28259
7671,8976,28260
7672,8977,28261
7673,8978,28262
7674,8979,28263
7675,8980,28264
7676,8981,28265
7677,8982,28266
7678,8983,28267
7679,8984,28268
7680,8985,28269
7681,8986,28270
7682,8987,28271
7683,8988,28272
7684,8989,28273
7685,8990,28274
7686,8991,28275
7687,8992,28276
7688,8993,28277
7689,8994,28278
7690,8995,28279
7691,8996,28280
7692,8997,28281
7693,8998,28282
7694,8999,28283
7695,9000,28284
7696,9001,28285
7697,9002,28286
7698,9003,28287
7699,9004,28288
7700,9005,28289
7701,9006,28290
7702,9007,28291
7703,9008,28292
7704,9009,28293
7705,9010,28299
7706,9011,28300
7707,9012,28301
7708,9013,28302
7709,9014,28303
7710,9015,28304
7711,9016,28305
7712,9017,28306
7713,9018,28307
7714,9019,28308
7715,9020,28309
7716,9021,28311
7717,9022,28312
7718,9023,28313
7719,9024,28314
7720,9025,28315
7721,9026,28316
7722,9027,28317
7723,9028,28318
7724,9029,28319
7725,9030,28320
7726,9031,28321
7727,9032,28322
7728,9033,28323
7729,9034,28324
7730,9035,28325
7731,9036,28326
7732,9037,28327
7733,9038,28328
7734,9039,28329
7735,9040,28330
7736,9041,28331
7737,9042,28332
7738,9043,28333
7739,9044,28334
7740,9045,28335
7741,9046,28336
7742,9047,28337
7743,9048,28338
7744,9049,28339
7745,9050,28340
7746,9051,28341
7747,9052,28342
7748,9053,28343
7749,9054,28344
7750,9055,28345
7751,9056,28346
7752,9057,28347
7753,9058,28348
7754,9059,28349
7755,9060,28350
7756,9061,28351
7757,9062,28352
7758,9063,28353
7759,9064,28354
7760,9065,28355
7761,9066,28356
7762,9067,28357
7763,9068,28358
7764,9069,28359
7765,9070,28367
7766,9071,28368
7767,9072,28369
7768,9073,28370
7769,9074,28371
7770,9075,28372
7771,9076,28373
7772,9077,28374
7773,9078,28375
7774,9079,28376
7775,9080,28377
7776,9081,28378
7777,9082,28379
7778,9083,28380
7779,9084,28381
7780,9085,28382
7781,9086,28383
7782,9087,28384
7783,9088,28385
7784,9089,28386
7785,9090,28387
7786,9091,28388
7787,9092,28389
7788,9093,28390
7789,9094,28391
7790,9095,28392
7791,9096,28393
7792,9097,28394
7793,9098,28395
7794,9099,28396
7795,9100,28397
7796,9101,28398
7797,9102,28399
7798,9103,28400
7799,9104,28401
7800,9105,28402
7801,9106,28403
7802,9107,28404
7803,9108,28405
7804,9109,28406
7805,9110,28407
7806,9111,28408
7807,9112,28409
7808,9113,28410
7809,9114,28411
7810,9115,28412
7811,9116,28413
7812,9117,28414
7813,9118,28415
7814,9119,28416
7815,9120,28417
7816,9121,28418
7817,9122,28419
7818,9123,28420
7819,9124,28421
7820,9125,28422
7821,9126,28423
7822,9127,28424
7823,9128,28425
7824,9129,28426
7825,9130,28427
7826,9131,28439
7827,9132,28440
7828,9133,28441
7829,9134,28442
7830,9135,28443
7831,9136,28444
7832,9137,28445
7833,9138,28446
7834,9139,28447
7835,9140,28448
7836,9141,28449
7837,9142,28450
7838,9143,28451
7839,9144,28452
7840,9145,28453
7841,9146,28454
7842,9147,28455
7843,9148,28456
7844,9149,28457
7845,9150,28458
7846,9151,28459
7847,9152,28460
7848,9153,28461
7849,9154,28462
7850,9155,28463
7851,9156,28464
7852,9157,28465
7853,9158,28466
7854,9159,28467
7855,9160,28468
7856,9161,28469
7857,9162,28475
7858,9163,28476
7859,9164,28477
7860,9165,28478
7861,9166,28479
7862,9167,28480
7863,9168,28481
7864,9169,28482
7865,9170,28483
7866,9171,28484
7867,9172,28485
7868,9173,28486
7869,9174,28487
7870,9175,28488
7871,9176,28489
7872,9177,28490
7873,9178,28491
7874,9179,28492
7875,9180,28493
7876,9181,28494
7877,9182,28495
7878,9183,28496
7879,9184,28497
7880,9185,28498
7881,9186,28499
7882,9187,28500
7883,9188,28501
7884,9189,28502
7885,9190,28503
7886,9191,28504
7887,9192,28505
7888,9193,28506
7889,9194,28507
7890,9195,28508
7891,9196,28509
7892,9197,28510
7893,9198,28511
7894,9199,28512
7895,9200,28513
7896,9201,28514
7897,9202,28515
7898,9203,28516
7899,9204,28517
7900,9205,28518
7901,9206,28519
7902,9207,28520
7903,9208,28521
7904,9209,28522
7905,9210,28523
7906,9211,28524
7907,9212,28525
7908,9213,28526
7909,9214,28527
7910,9215,28528
7911,9216,28529
7912,9217,28530
7913,9218,28531
7914,9219,28532
7915,9220,28533
7916,9221,28534
7917,9222,28535
7918,9223,28547
7919,9224,28548
7920,9225,28549
7921,9226,28550
7922,9227,28551
7923,9228,28552
7924,9229,28553
7925,9230,28554
7926,9231,28555
7927,9232,28556
7928,9233,28557
7929,9234,28558
7930,9235,28559
7931,9236,28560
7932,9237,28561
7933,9238,28562
7934,9239,28563
7935,9240,28564
7936,9241,28565
7937,9242,28566
7938,9243,28567
7939,9244,28568
7940,9245,28569
7941,9246,28570
7942,9247,28571
7943,9248,28572
7944,9249,28577
7945,9250,28578
7946,9251,28579
7947,9252,28580
7948,9253,28581
7949,9254,28582
7950,9255,28583
7951,9256,28584
7952,9257,28585
7953,9258,28586
7954,9259,28587
7955,9260,28588
7956,9261,28589
7957,9262,28590
7958,9263,28591
7959,9264,28592
7960,9265,28593
7961,9266,28594
7962,9267,28595
7963,9268,28596
7964,9269,28597
7965,9270,28598
7966,9271,28599
7967,9272,28600
7968,9273,28601
7969,9274,28602
7970,9275,28603
7971,9276,28604
7972,9277,28605
7973,9278,28606
7974,9279,28611
7975,9280,28612
7976,9281,28613
7977,9282,28614
7978,9283,28615
7979,9284,28616
7980,9285,28617
7981,9286,28618
7982,9287,28619
7983,9288,28620
7984,9289,28621
7985,9290,28622
7986,9291,28623
7987,9292,28624
7988,9293,28625
7989,9294,28626
7990,9295,28627
7991,9296,28628
7992,9297,28629
7993,9298,28630
7994,9299,28631
7995,9300,28632
7996,9301,28633
7997,9302,28634
7998,9303,28635
7999,9304,28636
8000,9305,28637
8001,9306,28638
8002,9307,28639
8003,9308,28640
8004,9309,28641
8005,9310,28642
8006,9311,28643
8007,9312,28644
8008,9313,28645
8009,9314,28646
8010,9315,28647
8011,9316,28648
8012,9317,28649
8013,9318,28650
8014,9319,28651
8015,9320,28652
8016,9321,28653
8017,9322,28654
8018,9323,28655
8019,9324,28661
8020,9325,28662
8021,9326,28663
8022,9327,28664
8023,9328,28665
8024,9329,28666
8025,9330,28667
8026,9331,28668
8027,9332,28669
8028,9333,28670
8029,9334,28671
8030,9335,28673
8031,9336,28674
8032,9337,28675
8033,9338,28676
8034,9339,28677
8035,9340,28678
8036,9341,28679
8037,9342,28680
8038,9343,28681
8039,9344,28682
8040,9345,28683
8041,9346,28684
8042,9347,28685
8043,9348,28686
8044,9349,28687
8045,9350,28688
8046,9351,28689
8047,9352,28690
8048,9353,28691
8049,9354,28692
8050,9355,28693
8051,9356,28694
8052,9357,28695
8053,9358,28696
8054,9359,28697
8055,9360,28698
8056,9361,28699
8057,9362,28700
8058,9363,28701
8059,9364,28702
8060,9365,28703
8061,9366,28704
8062,9367,28705
8063,9368,28706
8064,9369,28707
8065,9370,28708
8066,9371,28709
8067,9372,28710
8068,9373,28711
8069,9374,28712
8070,9375,28713
8071,9376,28714
8072,9377,28715
8073,9378,28716
8074,9379,28717
8075,9380,28718
8076,9381,28719
8077,9382,28720
8078,9383,28721
8086,9404,28988
8087,9398,29025
8088,9409,29025
8089,9399,29027
8090,9410,29027
8091,9400,29029
8092,9403,29029
8145,9478,29261
8146,9479,29262
8147,9480,29263
8148,9481,29264
8149,9482,29265
8150,9483,29266
8151,9484,29267
8152,9485,29268
8153,9486,29269
8154,9487,29270
8155,9488,29271
8156,9489,29272
8157,9490,29273
8158,9491,29274
8159,9492,29275
8160,9493,29276
8161,9494,29277
8162,9495,29278
8163,9496,29279
8164,9497,29280
8165,9498,29281
8166,9499,29282
8167,9500,29283
8168,9501,29284
8169,9502,29285
8170,9503,29286
8171,9504,29287
8172,9505,29288
8173,9506,29289
8174,9507,29290
8175,9508,29291
8176,9509,29292
8177,9510,29293
8178,9511,29294
8179,9512,29295
8180,9513,29296
8181,9514,29297
8182,9515,29298
8183,9516,29299
8184,9517,29300
8185,9518,29301
8186,9519,29302
8187,9520,29303
8188,9521,29304
8189,9522,29305
8190,9523,29306
8191,9524,29307
8192,9525,29308
8193,9526,29309
8194,9527,29310
8195,9528,29311
8196,9529,29312
8246,9606,29802
8247,9615,29803
8248,9607,29810
8301,9682,29999
8302,9683,30000
8303,9684,30001
8304,9685,30002
8305,9686,30003
8306,9687,30004
8307,9688,30005
8308,9689,30006
8309,9690,30007
8310,9691,30008
8311,9692,30009
8312,9693,30010
8313,9694,30011
8314,9695,30012
8315,9696,30013
8316,9697,30014
8317,9698,30015
8318,9699,30016
8319,9700,30017
8320,9701,30018
8321,9702,30019
8322,9703,30020
8323,9704,30021
8324,9705,30022
8325,9706,30023
8326,9707,30024
8327,9708,30025
8328,9709,30026
8329,9710,30027
8330,9711,30028
8331,9712,30029
8332,9713,30030
8333,9714,30031
8334,9715,30032
8335,9716,30033
8336,9717,30034
8337,9718,30035
8338,9719,30036
8339,9720,30037
8340,9721,30038
8341,9722,30039
8342,9723,30040
8343,9724,30041
8344,9725,30042
8345,9726,30043
8346,9727,30044
8347,9728,30045
8348,9729,30046
8349,9730,30047
8350,9731,30048
8351,9732,30049
8352,9733,30050
8353,9748,30171
8354,9749,30172
8355,9750,30173
8356,9751,30174
8357,9752,30175
8358,9753,30176
8359,9754,30177
8360,9755,30178
8361,9756,30179
8362,9757,30180
8363,9758,30181
8364,9759,30182
8365,9760,30183
8366,9761,30184
8367,9762,30185
8368,9763,30186
8369,9764,30187
8370,9765,30188
8371,9766,30189
8372,9767,30190
8373,9768,30191
8374,9769,30192
8375,9770,30193
8376,9771,30194
8377,9772,30195
8378,9773,30196
8382,9806,30754
8383,9815,30755
8384,9807,30762
8388,9832,31094
8389,9841,31095
8390,9833,31102
8391,9842,31117
8392,9843,31118
8393,9844,31119
8394,9845,31120
8395,9846,31121
8396,9847,31122
8397,9848,31123
8398,9849,31124
8399,9850,31125
8400,9851,31126
8401,9852,31127
8402,9853,31128
8403,9854,31129
8404,9855,31130
8405,9856,31131
8406,9857,31132
8407,9858,31133
8408,9859,31134
8409,9860,31135
8410,9861,31136
8411,9862,31137
8412,9863,31138
8413,9864,31139
8414,9865,31140
8415,9866,31141
8416,9867,31142
8417,9868,31147
8418,9869,31148
8419,9870,31149
8420,9871,31150
8421,9872,31151
8422,9873,31152
8423,9874,31153
8424,9875,31154
8425,9876,31155
8426,9877,31156
8427,9878,31157
8428,9879,31158
8429,9880,31159
8430,9881,31160
8431,9882,31161
8432,9883,31162
8433,9884,31163
8434,9885,31164
8435,9886,31165
8436,9887,31166
8437,9888,31167
8438,9889,31168
8439,9890,31169
8440,9891,31170
8441,9892,31171
8442,9893,31172
8443,9894,31173
8444,9895,31174
8445,9896,31175
8446,9897,31176
8447,9898,31177
8448,9899,31178
8449,9900,31179
8456,9941,31687
8457,9944,31689
8458,9946,31690
8459,9947,31691
8460,9948,31692
8461,9945,31768
8465,9976,32146
8466,9984,32147
8467,9977,32154
8471,10002,32486
8472,10010,32487
8473,10003,32494
8474,10011,32509
8475,10012,32510
8476,10013,32511
8477,10014,32512
8478,10015,32513
8479,10016,32514
8480,10017,32515
8481,10018,32516
8482,10019,32517
8483,10020,32518
8484,10021,32519
8485,10022,32520
8486,10023,32521
8487,10024,32522
8488,10025,32523
8489,10026,32524
8490,10027,32525
8491,10028,32526
8492,10029,32527
8493,10030,32528
8494,10031,32529
8495,10032,32530
8496,10033,32531
8497,10034,32532
8498,10035,32533
8499,10036,32534
8500,10037,32535
8501,10038,32536
8502,10039,32537
8503,10040,32538
8504,10041,32539
8505,10042,32540
8510,10063,32770
8511,10072,32770
8512,10080,32770
8513,10074,32772
8514,10083,32922
8515,10084,32923
8516,10085,32924
8517,10086,32925
8518,10087,32926
8519,10088,32927
8520,10089,32928
8521,10090,32929
8522,10091,32930
8523,10092,32931
8524,10093,32932
8525,10094,32933
8526,10095,32934
8527,10096,32935
8528,10097,32936
8529,10098,32937
8530,10099,32938
8531,10100,32939
8532,10101,32940
8533,10102,32941
8534,10103,32942
8535,10104,32943
8536,10105,32944
8537,10106,32945
8538,10107,32946
8539,10108,32947
8540,10109,32948
8541,10110,32949
8542,10111,32950
8543,10112,32951
8544,10113,32952
8545,10114,32953
8549,10132,33274
8550,10140,33275
8551,10133,33282
8552,10157,33535
8553,10158,33536
8554,10159,33537
8555,10160,33538
8556,10161,33539
8557,10162,33540
8558,10163,33541
8559,10164,33542
8560,10165,33543
8561,10166,33544
8562,10167,33545
8563,10168,33546
8564,10169,33547
8565,10170,33548
8566,10171,33549
8567,10172,33550
8568,10173,33551
8569,10174,33552
8570,10175,33553
8571,10176,33554
8572,10177,33555
8573,10178,33556
8574,10179,33557
8575,10180,33558
8576,10181,33559
8577,10182,33560
8578,10183,33561
8579,10184,33562
8580,10185,33563
8581,10186,33564
8582,10187,33565
8583,10188,33566
8584,10189,33567
8585,10190,33568
8586,10191,33569
8587,10192,33570
8588,10193,33571
8589,10194,33572
8590,10195,33573
8591,10196,33574
8592,10197,33575
8593,10198,33576
8594,10199,33577
8595,10200,33578
8596,10201,33579
8597,10202,33580
8598,10203,33581
8599,10204,33582
8600,10205,33583
8601,10206,33584
8602,10207,33585
8603,10208,33586
8604,10209,33587
8605,10210,33588
8606,10211,33589
8607,10212,33590
8608,10213,33591
8609,10214,33592
8610,10215,33593
8611,10216,33594
8612,10217,33595
8613,10218,33596
8614,10219,33597
8615,10220,33598
8616,10221,33599
8617,10222,33600
8618,10223,33601
8619,10224,33602
8620,10225,33603
8621,10226,33604
8622,10227,33605
8623,10228,33606
8624,10229,33607
8625,10230,33608
8626,10231,33609
8627,10232,33610
8628,10233,33611
8629,10234,33612
8630,10235,33627
8631,10236,33628
8632,10237,33629
8633,10238,33630
8634,10239,33631
8635,10240,33632
8636,10241,33633
8637,10242,33634
8638,10243,33635
8639,10244,33636
8640,10245,33637
8641,10246,33638
8642,10247,33639
8643,10248,33640
8644,10249,33641
8645,10250,33642
8646,10251,33643
8647,10252,33644
8648,10253,33645
8649,10254,33646
8650,10255,33647
8651,10256,33648
8652,10257,33649
8653,10258,33650
8654,10259,33651
8655,10260,33652
8656,10261,33653
8657,10262,33654
8658,10263,33655
8659,10264,33656
8660,10265,33657
8661,10266,33658
8662,10267,33659
8663,10268,33660
8664,10269,33661
8665,10270,33662
8666,10271,33663
8667,10272,33664
8668,10273,33665
8669,10274,33666
8670,10275,33667
8671,10276,33668
8672,10277,33669
8673,10278,33670
8674,10279,33671
8675,10280,33672
8676,10281,33673
8677,10282,33674
8678,10283,33675
8679,10284,33684
8680,10285,33685
8681,10286,33686
8682,10287,33687
8683,10288,33688
8684,10289,33689
8685,10290,33690
8686,10291,33691
8687,10292,33692
8688,10293,33693
8689,10294,33694
8690,10295,33695
8691,10296,33696
8692,10297,33697
8693,10298,33698
8694,10299,33699
8695,10300,33700
8696,10301,33701
8697,10302,33702
8698,10303,33703
8699,10304,33704
8700,10305,33705
8701,10306,33706
8702,10307,33707
8703,10308,33708
8704,10309,33709
8705,10310,33710
8706,10311,33711
8707,10312,33712
8708,10313,33713
8709,10314,33714
8710,10315,33715
8711,10316,33716
8712,10317,33717
8713,10318,33718
8714,10319,33719
8715,10320,33720
8716,10321,33721
8717,10322,33722
8718,10323,33723
8719,10324,33724
8720,10325,33725
8721,10326,33726
8722,10327,33727
8723,10328,33728
8724,10329,33729
8725,10330,33730
8726,10331,33731
8727,10332,33732
8728,10333,33733
8729,10334,33734
8730,10335,33735
8731,10336,33736
8732,10337,33737
8733,10338,33738
8734,10339,33739
8735,10340,33740
8736,10341,33741
8737,10342,33742
8738,10343,33743
8739,10344,33744
8740,10345,33745
8741,10346,33746
8742,10347,33747
8743,10348,33748
8744,10349,33749
8745,10350,33750
8746,10351,33751
8747,10352,33752
8748,10353,33753
8749,10354,33754
8750,10355,33755
8751,10356,33756
8752,10357,33757
8753,10358,33758
8754,10359,33759
8755,10360,33760
8756,10361,33761
8757,10362,33762
8758,10363,33763
8759,10364,33764
8760,10365,33780
8761,10366,33781
8762,10367,33782
8763,10368,33783
8764,10369,33784
8765,10370,33785
8766,10371,33786
8767,10372,33787
8768,10373,33788
8769,10374,33789
8770,10375,33790
8771,10376,33791
8772,10377,33792
8773,10378,33793
8774,10379,33794
8775,10380,33795
8776,10381,33796
8777,10382,33797
8778,10383,33798
8779,10384,33799
8780,10385,33800
8781,10386,33801
8782,10387,33802
8783,10388,33803
8784,10389,33804
8785,10390,33805
8786,10391,33806
8787,10392,33807
8788,10393,33808
8789,10394,33809
8790,10395,33810
8791,10396,33811
8792,10397,33812
8793,10398,33813
8794,10399,33814
8795,10400,33815
8796,10401,33816
8797,10402,33817
8798,10403,33818
8799,10404,33819
8800,10405,33820
8801,10406,33821
8802,10407,33822
8803,10408,33823
8804,10409,33824
8805,10410,33825
8806,10411,33826
8807,10412,33827
8808,10413,33828
8809,10414,33829
8810,10415,33830
8811,10416,33831
8812,10417,33832
8813,10418,33833
8814,10419,33834
8815,10420,33835
8816,10421,33836
8817,10422,33837
8818,10423,33838
8819,10424,33839
8820,10425,33840
8821,10426,33841
8822,10427,33842
8823,10428,33843
8824,10429,33844
8825,10430,33845
8826,10431,33846
8827,10432,33847
8828,10433,33848
8829,10434,33849
8830,10435,33850
8831,10436,33851
8832,10437,33852
8833,10438,33853
8834,10439,33854
8835,10440,33855
8836,10441,33856
8837,10442,33857
8838,10443,33858
8839,10444,33859
8840,10445,33860
8841,10446,33876
8842,10447,33877
8843,10448,33878
8844,10449,33879
8845,10450,33880
8846,10451,33881
8847,10452,33882
8848,10453,33883
8849,10454,33884
8850,10455,33885
8851,10456,33886
8852,10457,33887
8853,10458,33888
8854,10459,33889
8855,10460,33890
8856,10461,33891
8857,10462,33892
8858,10463,33893
8859,10464,33894
8860,10465,33895
8861,10466,33896
8862,10467,33897
8863,10468,33898
8864,10469,33899
8865,10470,33900
8866,10471,33901
8867,10472,33902
8868,10473,33903
8869,10474,33904
8870,10475,33905
8871,10476,33906
8872,10477,33907
8873,10478,33908
8874,10479,33909
8875,10480,33910
8876,10481,33911
8877,10482,33912
8878,10483,33913
8879,10484,33914
8880,10485,33915
8881,10486,33916
8882,10487,33917
8883,10488,33918
8884,10489,33919
8885,10490,33920
8886,10491,33921
8887,10492,33922
8888,10493,33923
8889,10494,33924
8890,10495,33925
8891,10496,33926
8892,10497,33927
8893,10498,33928
8894,10499,33929
8895,10500,33930
8896,10501,33931
8897,10502,33932
8898,10503,33933
8899,10504,33934
8900,10505,33935
8901,10506,33936
8902,10507,33937
8903,10508,33938
8904,10509,33939
8905,10510,33940
8906,10511,33941
8907,10512,33942
8908,10513,33943
8909,10514,33944
8910,10515,33945
8911,10516,33946
8912,10517,33947
8913,10518,33948
8914,10519,33949
8915,10520,33950
8916,10521,33951
8917,10522,33952
8918,10523,33953
8919,10524,33954
8920,10525,33955
8921,10526,33956
8925,10545,34182
8926,10544,34184
8927,10543,34186
8931,10567,34526
8932,10566,34528
8933,10565,34530
8934,10571,34660
8935,10572,34661
8936,10573,34662
8937,10574,34663
8938,10575,34664
8939,10576,34665
8940,10577,34666
8941,10578,34667
8942,10579,34668
8943,10580,34669
8944,10581,34670
8945,10582,34671
8946,10583,34672
8947,10584,34673
8948,10585,34674
8949,10586,34675
8950,10587,34676
8951,10588,34677
8952,10589,34678
8953,10590,34679
8954,10591,34680
8955,10592,34681
8956,10593,34682
8957,10594,34683
8958,10595,34684
8959,10596,34685
8960,10597,34686
8961,10598,34690
8962,10599,34691
8963,10600,34692
8964,10601,34693
8965,10602,34694
8966,10603,34695
8967,10604,34696
8968,10605,34697
8969,10606,34698
8970,10607,34699
8971,10608,34700
8972,10609,34701
8973,10610,34702
8974,10611,34703
8975,10612,34704
8976,10613,34705
8977,10614,34706
8978,10615,34707
8979,10616,34708
8980,10617,34709
8981,10618,34710
8982,10619,34711
8983,10620,34712
8984,10621,34713
8985,10622,34714
8986,10623,34715
8987,10624,34716
8988,10625,34717
8989,10626,34718
8990,10627,34719
8991,10628,34720
8992,10629,34721
8993,10630,34722
8994,10631,34723
8995,10632,34724
8996,10633,34725
8997,10634,34730
8998,10635,34731
8999,10636,34732
9000,10637,34733
9001,10638,34734
9002,10639,34735
9003,10640,34736
9004,10641,34737
9005,10642,34738
9006,10643,34739
9007,10644,34740
9008,10645,34741
9009,10646,34742
9010,10647,34743
9011,10648,34744
9012,10649,34745
9013,10650,34746
9014,10651,34747
9015,10652,34748
9016,10653,34749
9017,10654,34750
9018,10655,34751
9019,10656,34752
9020,10657,34753
9021,10658,34754
9022,10659,34755
9023,10660,34756
9024,10661,34760
9025,10662,34761
9026,10663,34762
9027,10664,34763
9028,10665,34764
9029,10666,34765
9030,10667,34766
9031,10668,34767
9032,10669,34768
9033,10670,34769
9034,10671,34770
9035,10672,34771
9036,10673,34772
9037,10674,34773
9038,10675,34774
9039,10676,34775
9040,10677,34776
9041,10678,34777
9042,10679,34778
9043,10680,34779
9044,10681,34780
9045,10682,34781
9046,10683,34782
9047,10684,34783
9048,10685,34784
9049,10686,34785
9050,10687,34786
9051,10688,34787
9052,10689,34788
9053,10690,34789
9054,10691,34790
9055,10692,34791
9056,10693,34792
9057,10694,34798
9058,10695,34799
9059,10696,34800
9060,10697,34801
9061,10698,34802
9062,10699,34803
9063,10700,34804
9064,10701,34805
9065,10702,34806
9066,10703,34807
9067,10704,34808
9068,10705,34809
9069,10706,34810
9070,10707,34811
9071,10708,34812
9072,10709,34813
9073,10710,34814
9074,10711,34815
9075,10712,34816
9076,10713,34817
9077,10714,34818
9078,10715,34819
9079,10716,34820
9080,10717,34821
9081,10718,34822
9082,10719,34823
9083,10720,34824
9084,10721,34825
9085,10722,34826
9086,10723,34827
9087,10724,34828
9088,10725,34829
9089,10726,34830
9090,10727,34836
9091,10728,34837
9092,10729,34838
9093,10730,34839
9094,10731,34840
9095,10732,34841
9096,10733,34842
9097,10734,34843
9098,10735,34844
9099,10736,34845
9100,10737,34846
9101,10738,34847
9102,10739,34848
9103,10740,34849
9104,10741,34850
9105,10742,34851
9106,10743,34852
9107,10744,34853
9108,10745,34854
9109,10746,34855
9110,10747,34856
9111,10748,34857
9112,10749,34858
9113,10750,34859
9114,10751,34860
9115,10752,34861
9116,10753,34862
9117,10754,34863
9118,10755,34864
9119,10756,34865
9120,10757,34866
9121,10758,34867
9122,10759,34868
9123,10760,34869
9124,10761,34870
9125,10762,34871
9126,10763,34872
9127,10764,34873
9128,10765,34874
9129,10766,34875
9130,10767,34876
9131,10768,34877
9132,10769,34878
9133,10770,34879
9134,10771,34880
9135,10772,34881
9136,10773,34882
9137,10774,34883
9138,10775,34884
9139,10776,34885
9143,10795,35105
9144,10794,35107
9145,10793,35109
9149,10816,35553
9150,10824,35554
9151,10817,35561
9415,11188,36309
9416,11196,36310
9417,11189,36317
9577,11412,36755
9578,11420,36756
9579,11413,36763
10308,12347,37418
10309,12345,37419
10310,12346,37420
10311,12348,37421
10312,12349,37422
10313,12350,37423
10314,12351,37424
10315,12352,37425
10316,12353,37426
10317,12354,37427
10318,12355,37428
10319,12356,37429
10320,12357,37430
10321,12358,37431
10322,12359,37432
10323,12360,37433
10324,12361,37434
10325,12362,37435
10326,12363,37436
10327,12364,37437
10328,12365,37438
10329,12366,37439
10330,12367,37440
10331,12368,37441
10332,12369,37442
10333,12370,37443
10334,12371,37444
10335,12372,37445
10336,12373,37446
10337,12374,37447
10338,12375,37448
10339,12376,37449
10340,12377,37450
10341,12378,37451
10342,12379,37452
10343,12380,37453
10344,12381,37454
10345,12382,37455
10346,12383,37456
10347,12384,37457
10348,12385,37458
10349,12386,37459
10350,12387,37460
10351,12388,37461
10352,12389,37462
10353,12390,37463
10354,12391,37464
10355,12392,37465
10356,12393,37466
10357,12394,37467
10358,12395,37468
10359,12396,37469
10412,12479,37762
10413,12477,37763
10414,12478,37764
10415,12480,37765
10416,12481,37766
10417,12482,37767
10418,12483,37768
10419,12484,37769
10420,12485,37770
10421,12486,37771
10422,12487,37772
10423,12488,37773
10424,12489,37774
10425,12490,37775
10426,12491,37776
10427,12492,37777
10428,12493,37778
10429,12494,37779
10430,12495,37780
10431,12496,37781
10432,12497,37782
10433,12498,37783
10434,12499,37784
10435,12500,37785
10436,12501,37786
10437,12502,37787
10438,12503,37788
10439,12504,37789
10440,12505,37790
10441,12506,37791
10442,12507,37792
10443,12508,37793
10444,12509,37794
10445,12510,37795
10446,12511,37796
10447,12512,37797
10448,12513,37798
10449,12514,37799
10450,12515,37800
10451,12516,37801
10452,12517,37802
10453,12518,37803
10454,12519,37804
10455,12520,37805
10456,12521,37806
10457,12522,37807
10458,12523,37808
10459,12524,37809
10460,12525,37810
10461,12526,37811
10462,12527,37812
10463,12528,37813
10470,12563,38095
10471,12566,38097
10472,12568,38098
10473,12569,38099
10474,12570,38100
10475,12567,38176
10479,12599,38445
10480,12598,38447
10481,12597,38449
10485,12623,38790
10486,12622,38792
10487,12621,38794
10548,12687,38988
10549,12688,38989
10550,12689,38990
10551,12690,38991
10552,12691,38992
10553,12692,38993
10554,12693,38994
10555,12694,38995
10556,12695,38996
10557,12696,38997
10558,12697,38998
10559,12698,38999
10560,12699,39000
10561,12700,39001
10562,12701,39002
10563,12702,39003
10564,12703,39004
10565,12704,39005
10566,12705,39006
10567,12706,39007
10568,12707,39008
10569,12708,39009
10570,12709,39010
10571,12710,39011
10572,12711,39012
10573,12712,39013
10574,12713,39014
10575,12714,39015
10576,12715,39016
10577,12716,39017
10578,12717,39022
10579,12718,39023
10580,12719,39024
10581,12720,39025
10582,12721,39026
10583,12722,39027
10584,12723,39028
10585,12724,39029
10586,12725,39030
10587,12726,39031
10588,12727,39032
10589,12728,39033
10590,12729,39034
10591,12730,39035
10592,12731,39036
10593,12732,39037
10594,12733,39038
10595,12734,39039
10596,12735,39040
10597,12736,39041
10598,12737,39042
10599,12738,39043
10600,12739,39044
10601,12740,39045
10602,12741,39046
10603,12742,39047
10604,12743,39048
10605,12744,39049
10606,12745,39050
10607,12746,39051
10608,12747,39052
10609,12748,39057
10610,12749,39058
10611,12750,39059
10612,12751,39060
10613,12752,39061
10614,12753,39062
10615,12754,39063
10616,12755,39064
10617,12756,39065
10618,12757,39066
10619,12758,39067
10620,12759,39068
10621,12760,39069
10622,12761,39070
10623,12762,39071
10624,12763,39072
10625,12764,39073
10626,12765,39074
10627,12766,39075
10628,12767,39076
10629,12768,39077
10630,12769,39078
10631,12770,39079
10632,12771,39080
10633,12772,39084
10634,12773,39085
10635,12774,39086
10636,12775,39087
10637,12776,39088
10638,12777,39089
10639,12778,39090
10640,12779,39091
10641,12780,39092
10642,12781,39093
10643,12782,39094
10644,12783,39095
10645,12784,39096
10646,12785,39097
10647,12786,39098
10648,12787,39099
10649,12788,39100
10650,12789,39101
10651,12790,39102
10652,12791,39103
10653,12792,39104
10654,12793,39105
10655,12794,39106
10656,12795,39107
10657,12796,39108
10658,12797,39109
10659,12798,39110
10660,12799,39111
10661,12800,39112
10662,12801,39113
10663,12802,39114
10664,12803,39115
10665,12804,39116
10666,12805,39117
10670,12822,39309
10671,12820,39349
10672,12821,39351
10673,12828,39464
10674,12829,39465
10675,12830,39466
10676,12831,39467
10677,12832,39468
10678,12833,39469
10679,12834,39470
10680,12835,39471
10681,12836,39472
10682,12837,39473
10683,12838,39474
10684,12839,39475
10685,12840,39476
10686,12841,39477
10687,12842,39478
10688,12843,39479
10689,12844,39480
10690,12845,39481
10691,12846,39482
10692,12847,39483
10693,12848,39484
10694,12849,39485
10695,12850,39486
10696,12851,39487
10697,12852,39488
10698,12853,39489
10699,12854,39490
10700,12855,39491
10701,12856,39492
10702,12857,39493
10706,12874,39669
10707,12872,39705
10708,12873,39707
10709,12880,39840
10710,12881,39841
10711,12882,39842
10712,12883,39843
10713,12884,39844
10714,12885,39845
10715,12886,39846
10716,12887,39847
10717,12888,39848
10718,12889,39849
10719,12890,39850
10720,12891,39851
10721,12892,39852
10722,12893,39853
10723,12894,39854
10724,12895,39855
10725,12896,39856
10726,12897,39857
10727,12898,39858
10728,12899,39859
10729,12900,39860
10730,12901,39861
10731,12902,39862
10732,12903,39863
10733,12904,39864
10734,12905,39865
10735,12906,39866
10736,12907,39867
10737,12908,39868
10738,12909,39869
10739,12910,39870
10740,12911,39875
10741,12912,39876
10742,12913,39877
10743,12914,39878
10744,12915,39879
10745,12916,39880
10746,12917,39881
10747,12918,39882
10748,12919,39883
10749,12920,39884
10750,12921,39885
10751,12922,39886
10752,12923,39887
10753,12924,39888
10754,12925,39889
10755,12926,39890
10756,12927,39891
10757,12928,39892
10758,12929,39893
10759,12930,39894
10760,12931,39895
10761,12932,39896
10762,12933,39897
10763,12934,39898
10764,12935,39902
10765,12936,39903
10766,12937,39904
10767,12938,39905
10768,12939,39906
10769,12940,39907
10770,12941,39908
10771,12942,39909
10772,12943,39910
10773,12944,39911
10774,12945,39912
10775,12946,39913
10776,12947,39914
10777,12948,39915
10778,12949,39916
10779,12950,39917
10780,12951,39918
10781,12952,39919
10782,12953,39920
10783,12954,39921
10784,12955,39922
10785,12956,39923
10786,12957,39924
10787,12958,39925
10788,12959,39926
10789,12960,39927
10790,12961,39928
10791,12962,39929
10792,12963,39930
10793,12964,39931
10794,12965,39932
10795,12966,39933
10796,12967,39934
10797,12968,39939
10798,12969,39940
10799,12970,39941
10800,12971,39942
10801,12972,39943
10802,12973,39944
10803,12974,39945
10804,12975,39946
10805,12976,39947
10806,12977,39948
10807,12978,39949
10808,12979,39950
10809,12980,39951
10810,12981,39952
10811,12982,39953
10812,12983,39954
10813,12984,39955
10814,12985,39956
10815,12986,39957
10816,12987,39958
10817,12988,39959
10818,12989,39960
10819,12990,39961
10820,12991,39962
10821,12992,39963
10822,12993,39964
10823,12994,39965
10824,12995,39966
10825,12996,39967
10826,12997,39968
10827,12998,39969
10828,12999,39974
10829,13000,39975
10830,13001,39976
10831,13002,39977
10832,13003,39978
10833,13004,39979
10834,13005,39980
10835,13006,39981
10836,13007,39982
10837,13008,39983
10838,13009,39984
10839,13010,39985
10840,13011,39986
10841,13012,39987
10842,13013,39988
10843,13014,39989
10844,13015,39990
10845,13016,39991
10846,13017,39992
10847,13018,39993
10848,13019,39994
10849,13020,39995
10850,13021,39996
10851,13022,39997
10852,13023,39998
10853,13024,39999
10854,13025,40000
10855,13026,40001
10856,13027,40002
10857,13028,40003
10858,13029,40004
10859,13030,40009
10860,13031,40010
10861,13032,40011
10862,13033,40012
10863,13034,40013
10864,13035,40014
10865,13036,40015
10866,13037,40016
10867,13038,40017
10868,13039,40018
10869,13040,40019
10870,13041,40020
10871,13042,40021
10872,13043,40022
10873,13044,40023
10874,13045,40024
10875,13046,40025
10876,13047,40026
10877,13048,40027
10878,13049,40028
10879,13050,40029
10880,13051,40030
10881,13052,40031
10882,13053,40032
10883,13054,40033
10884,13055,40034
10885,13056,40039
10886,13057,40040
10887,13058,40041
10888,13059,40042
10889,13060,40043
10890,13061,40044
10891,13062,40045
10892,13063,40046
10893,13064,40047
10894,13065,40048
10895,13066,40049
10896,13067,40050
10897,13068,40051
10898,13069,40052
10899,13070,40053
10900,13071,40054
10901,13072,40055
10902,13073,40056
10903,13074,40057
10904,13075,40058
10905,13076,40059
10906,13077,40060
10907,13078,40061
10908,13079,40062
10909,13080,40063
10910,13081,40064
10911,13082,40065
10912,13083,40066
10913,13084,40067
10914,13085,40068
10915,13086,40069
10916,13087,40075
10917,13088,40076
10918,13089,40077
10919,13090,40078
10920,13091,40079
10921,13092,40080
10922,13093,40081
10923,13094,40082
10924,13095,40083
10925,13096,40084
10926,13097,40085
10927,13098,40086
10928,13099,40087
10929,13100,40088
10930,13101,40089
10931,13102,40090
10932,13103,40091
10933,13104,40092
10934,13105,40093
10935,13106,40094
10936,13107,40095
10937,13108,40096
10938,13109,40097
10939,13110,40098
10940,13111,40099
10941,13112,40100
10942,13113,40101
10943,13114,40102
10944,13115,40103
10945,13116,40104
10946,13117,40105
10947,13118,40106
10948,13119,40107
10949,13120,40108
10950,13121,40109
10951,13122,40110
10952,13123,40111
10953,13124,40112
10954,13125,40113
10955,13126,40114
10956,13127,40115
10957,13128,40116
10958,13129,40117
10959,13130,40118
10960,13131,40119
10961,13132,40120
10962,13133,40121
10963,13134,40122
10964,13135,40123
10965,13136,40124
10966,13137,40125
10967,13138,40126
10968,13139,40127
10969,13140,40128
10970,13141,40129
10971,13142,40130
10972,13143,40131
10973,13144,40132
10974,13145,40133
10975,13146,40134
10976,13147,40135
10977,13148,40136
10978,13149,40137
10979,13150,40151
10980,13151,40152
10981,13152,40153
10982,13153,40154
10983,13154,40155
10984,13155,40156
10985,13156,40157
10986,13157,40158
10987,13158,40159
10988,13159,40160
10989,13160,40161
10990,13161,40162
10991,13162,40163
10992,13163,40164
10993,13164,40165
10994,13165,40166
10995,13166,40167
10996,13167,40168
10997,13168,40169
10998,13169,40170
10999,13170,40171
11000,13171,40172
11001,13172,40173
11002,13173,40174
11003,13174,40175
11004,13175,40176
11005,13176,40177
11006,13177,40178
11007,13178,40179
11008,13179,40180
11009,13180,40181
11010,13181,40182
11011,13182,40183
11012,13183,40184
11013,13184,40185
11014,13185,40186
11015,13186,40187
11016,13187,40188
11017,13188,40189
11018,13189,40190
11019,13190,40191
11020,13191,40192
11021,13192,40193
11022,13193,40194
11023,13194,40195
11024,13195,40196
11025,13196,40197
11026,13197,40198
11027,13198,40199
11028,13199,40200
11029,13200,40201
11030,13201,40202
11031,13202,40203
11032,13203,40204
11033,13204,40205
11034,13205,40206
11035,13206,40207
11036,13207,40208
11037,13208,40209
11038,13209,40210
11039,13210,40211
11040,13211,40212
11041,13212,40213
11042,13229,40471
11043,13230,40472
11044,13231,40473
11045,13232,40474
11046,13233,40475
11047,13234,40476
11048,13235,40477
11049,13236,40478
11050,13237,40479
11051,13238,40480
11052,13239,40481
11053,13240,40482
11054,13241,40483
11055,13242,40484
11056,13243,40485
11057,13244,40486
11058,13245,40487
11059,13246,40488
11060,13247,40489
11061,13248,40490
11062,13249,40491
11063,13250,40492
11064,13251,40493
11065,13252,40494
11066,13253,40495
11067,13254,40496
11068,13255,40497
11069,13256,40498
11070,13257,40499
11071,13258,40500
11072,13259,40501
11073,13260,40502
11074,13261,40503
11075,13262,40508
11076,13263,40509
11077,13264,40510
11078,13265,40511
11079,13266,40512
11080,13267,40513
11081,13268,40514
11082,13269,40515
11083,13270,40516
11084,13271,40517
11085,13272,40518
11086,13273,40519
11087,13274,40520
11088,13275,40521
11089,13276,40522
11090,13277,40523
11091,13278,40524
11092,13279,40525
11093,13280,40526
11094,13281,40527
11095,13282,40528
11096,13283,40529
11097,13284,40530
11098,13285,40531
11099,13286,40532
11100,13287,40533
11101,13288,40534
11102,13289,40535
11103,13290,40536
11104,13291,40537
11105,13292,40542
11106,13293,40543
11107,13294,40544
11108,13295,40545
11109,13296,40546
11110,13297,40547
11111,13298,40548
11112,13299,40549
11113,13300,40550
11114,13301,40551
11115,13302,40552
11116,13303,40553
11117,13304,40554
11118,13305,40555
11119,13306,40556
11120,13307,40557
11121,13308,40558
11122,13309,40559
11123,13310,40560
11124,13311,40561
11125,13312,40562
11126,13313,40563
11127,13314,40564
11128,13315,40565
11129,13316,40566
11130,13317,40567
11131,13318,40568
11132,13319,40569
11133,13320,40570
11134,13321,40571
11135,13322,40572
11136,13323,40577
11137,13324,40578
11138,13325,40579
11139,13326,40580
11140,13327,40581
11141,13328,40582
11142,13329,40583
11143,13330,40584
11144,13331,40585
11145,13332,40586
11146,13333,40587
11147,13334,40588
11148,13335,40589
11149,13336,40590
11150,13337,40591
11151,13338,40592
11152,13339,40593
11153,13340,40594
11154,13341,40595
11155,13342,40596
11156,13343,40597
11157,13344,40598
11158,13345,40599
11159,13346,40600
11161,13361,40794
11163,13409,41428
11170,13432,41721
11171,13435,41723
11172,13437,41724
11173,13438,41725
11174,13439,41726
11175,13436,41800
11182,13470,42025
11183,13473,42027
11184,13475,42028
11185,13476,42029
11186,13477,42030
11187,13474,42104
11191,13498,42367
11192,13500,42373
11193,13499,42381
11200,13530,42669
11201,13533,42671
11202,13535,42672
11203,13536,42673
11204,13537,42674
11205,13534,42748
11206,13547,42806
11207,13548,42807
11208,13549,42808
11209,13550,42809
11210,13551,42810
11211,13552,42811
11212,13553,42812
11213,13554,42813
11214,13555,42814
11215,13556,42815
11216,13557,42816
11217,13558,42817
11218,13559,42818
11219,13560,42819
11220,13561,42820
11221,13562,42821
11222,13563,42822
11223,13564,42823
11224,13565,42824
11225,13566,42825
