ID,TraitDefinitionID,EffectIndex,OperationType,CurveID
850,12963,0,0,35982
851,12967,0,0,35983
852,12970,1,0,35984
853,12970,0,0,35985
854,12973,0,0,35986
855,12976,0,0,35987
856,12977,0,0,35988
857,12978,0,0,35989
858,12979,0,0,35990
859,12981,0,0,35991
860,12982,0,0,35992
861,12984,2,0,35993
862,12984,1,0,35994
863,12984,0,0,35995
864,12988,0,0,35996
865,12990,0,0,35997
866,12991,0,0,35998
867,12993,0,0,35999
868,12996,0,0,36000
869,12997,0,0,36001
870,13001,0,0,36002
871,13005,0,0,36003
872,13009,2,0,36004
873,13011,1,0,36005
874,13011,0,0,36006
875,13015,0,0,36007
876,13016,0,0,36008
877,13019,1,0,36009
878,13028,0,0,36010
879,13031,0,0,36011
880,13032,0,0,36012
881,13033,1,0,36013
882,13033,0,0,36014
883,13034,0,0,36015
884,13039,0,0,36016
885,13040,0,0,36017
886,13041,0,0,36018
887,13044,1,0,36019
888,13045,1,0,36020
889,13047,0,0,36021
890,13048,0,0,36022
891,13050,0,0,36023
892,13053,1,0,36024
893,13054,0,0,36025
894,13055,0,0,36026
895,13056,0,0,36027
896,13059,0,0,36028
897,13060,1,0,36029
898,13060,0,0,36030
899,13061,0,0,36031
900,13062,3,0,36032
901,13062,2,0,36033
902,13062,1,0,36034
903,13062,0,0,36035
904,13066,0,0,36036
905,13068,0,0,36037
906,13070,0,0,36038
907,13073,0,0,36039
908,13078,0,0,36040
909,13079,1,0,36041
910,13079,0,0,36042
911,13081,1,0,36043
912,13081,0,0,36044
913,13082,0,0,36045
914,13084,0,0,36046
915,13094,1,0,36047
916,13096,1,0,36048
917,13096,0,0,36049
918,13097,0,0,36050
919,13101,0,0,36051
920,13105,0,0,36052
921,13107,2,0,36053
922,13107,1,0,36054
923,13108,1,0,36055
924,13108,0,0,36056
1025,14098,0,0,36429
1026,14099,2,0,36430
1027,14101,0,0,36431
1028,14104,0,0,36432
1029,14110,0,0,36433
1030,14111,1,0,36434
1031,14111,0,0,36435
1032,14112,0,0,36436
1033,14119,5,0,36437
1034,14119,4,0,36438
1035,14119,3,0,36439
1036,14119,2,0,36440
1037,14119,1,0,36441
1038,14119,0,0,36442
1039,14121,0,0,36443
1040,14133,0,0,36444
1041,14134,0,0,36445
1042,14135,0,0,36446
1043,14138,2,0,36447
1044,14138,1,0,36448
1045,14138,0,0,36449
1046,14142,0,0,36450
1047,14145,0,0,36451
1048,14146,0,0,36452
1049,14159,0,0,36453
1050,14160,2,0,36454
1051,14160,1,0,36455
1052,14160,0,0,36456
1053,14166,0,0,36457
1054,14177,1,0,36458
1055,14177,0,0,36459
1056,14178,0,0,36460
1057,14184,0,0,36461
1058,14191,0,0,36462
1059,14199,2,0,36463
1060,14199,1,0,36464
1061,14199,0,0,36465
1062,14201,0,0,36466
1063,14204,0,0,36467
1064,14216,0,0,36468
1065,14219,0,0,36469
1066,14224,0,0,36470
1067,14226,3,0,36471
1068,14226,0,0,36472
1069,14226,1,0,36473
1070,14229,0,0,36474
1071,14234,0,0,36475
1072,14240,1,0,36476
1073,14240,0,0,36477
1074,14247,2,0,36478
1075,14247,1,0,36479
1076,14247,0,0,36480
1093,14470,3,0,36497
1094,14470,1,0,36498
1095,14470,4,0,36499
1096,14470,2,0,36500
1097,14470,0,0,36501
1098,14471,1,0,36502
1099,14471,0,0,36503
1100,14639,0,0,36504
1101,14644,0,0,36505
1102,14648,0,0,36506
1103,14653,1,0,36507
1104,14653,0,0,36508
1105,14656,2,0,36509
1106,14656,0,0,36510
1107,14656,1,0,36511
1108,14659,0,0,36512
1109,12960,0,0,36556
1110,13014,1,0,36557
1262,20234,0,0,36757
1263,20241,0,0,36758
1264,20242,0,0,36759
1265,20244,1,0,36760
1266,20244,0,0,36761
1267,20254,0,0,36762
1268,20256,0,0,36763
1269,20258,0,0,36764
1270,20262,0,0,36765
1271,20276,0,0,36766
1272,20281,0,0,36767
1273,20284,0,0,36768
1274,20287,0,0,36769
1275,20288,0,0,36770
1276,20298,0,0,36771
1277,20299,2,0,36772
1278,20299,1,0,36773
1279,20299,0,0,36774
1280,20302,0,0,36775
1281,20303,1,0,36776
1282,20303,0,0,36777
1283,20305,0,0,36778
1284,20308,0,0,36779
1285,20312,0,0,36780
1286,20313,0,0,36781
1287,20325,0,0,36782
1288,20328,0,0,36783
1289,20329,1,0,36784
1290,20329,0,0,36785
1291,20332,0,0,36786
1292,20336,0,0,36787
1293,20337,0,0,36788
1294,20352,0,0,36789
1295,20359,0,0,36790
1296,20362,1,0,36791
1297,20362,0,0,36792
1298,20374,0,0,36793
1299,20377,0,0,36794
1300,20380,0,0,36795
1301,20382,3,0,36796
1302,20382,2,0,36797
1303,20382,1,0,36798
1304,20382,0,0,36799
1305,20391,1,0,36800
1306,20391,0,0,36801
1307,20397,0,0,36802
1308,20399,0,0,36803
1344,20636,0,0,36893
1345,20643,0,0,36894
1346,20644,0,0,36895
1347,20650,0,0,36896
1348,20659,0,0,36897
1349,20660,0,0,36898
1350,20663,0,0,36899
1351,20667,0,0,36900
1352,20669,0,0,36901
1353,20671,2,0,36902
1354,20671,1,0,36903
1355,20671,0,0,36904
1356,20682,0,0,36905
1357,20683,0,0,36906
1358,20684,0,0,36907
1359,20687,0,0,36908
1360,20691,0,0,36909
1361,20699,0,0,36910
1362,20707,0,0,36911
1363,20708,0,1,36912
1364,20714,0,0,36913
1365,20715,0,0,36914
1366,20736,0,0,36915
1367,20743,0,0,36916
1368,20744,0,0,36917
1369,20746,0,0,36918
1370,20751,0,0,36919
1371,20752,1,0,36920
1372,20752,0,0,36921
1373,20754,0,0,36922
1374,20759,0,0,36923
1375,20789,0,0,36924
1376,20791,0,0,36925
1377,20795,0,0,36926
1378,20803,0,0,36927
1405,21353,0,0,36963
1406,21355,0,0,36964
1407,21367,0,0,36965
1408,21369,0,0,36966
1410,21372,0,0,36968
1411,21375,0,0,36969
1412,21388,0,0,36970
1413,21390,0,0,36971
1414,21399,0,0,36972
1415,21402,0,0,36973
1416,21407,0,0,36974
1417,21409,0,0,36975
1418,21414,0,0,36976
1419,21415,0,0,36977
1420,21419,0,0,36978
1421,21421,0,0,36979
1422,21427,0,0,36980
1423,21433,0,0,36981
1424,21434,0,0,36982
1425,21448,0,0,36983
1426,21449,0,0,36984
1427,21452,0,0,36985
1428,21455,0,0,36986
1429,21460,0,0,36987
1430,21462,0,0,36988
1508,21778,0,0,37343
1509,21780,0,0,37353
1510,21781,1,0,37346
1511,21781,0,0,37347
1512,21785,0,0,37352
1513,21786,0,0,37350
1514,21787,1,0,37348
1515,21787,0,0,37349
1516,21788,0,0,37341
1517,21790,0,0,37340
1518,21791,0,0,37339
1519,21792,0,0,37336
1520,21793,0,0,37342
1521,21795,0,0,37345
1522,21797,0,0,37351
1523,21805,0,0,37344
1524,21806,0,0,37337
1525,21807,0,0,37338
1526,21812,1,0,37362
1527,21815,1,0,37366
1528,21816,1,0,37371
1529,21816,0,0,37372
1530,21818,2,0,37367
1531,21820,0,0,37359
1532,21827,0,0,37354
1533,21828,0,0,37368
1534,21829,0,0,37361
1535,21831,0,0,37360
1536,21833,2,0,37363
1537,21833,1,0,37364
1538,21833,0,0,37365
1539,21834,1,0,37355
1540,21834,0,0,37356
1541,21835,0,0,37373
1542,21836,0,0,37369
1543,21840,0,0,37357
1544,21841,0,0,37370
1545,21842,0,0,37358
1546,21852,0,0,37334
1547,21855,0,0,37384
1548,21862,0,0,37375
1549,21869,0,0,37382
1550,21870,0,0,37385
1551,21871,0,0,37374
1552,21872,0,0,37335
1553,21873,0,0,37376
1554,21874,0,0,37381
1555,21876,0,0,37386
1556,21877,0,0,37380
1557,21880,1,0,37377
1558,21880,0,0,37378
1559,21882,1,0,37387
1560,21883,0,0,37379
1561,21884,0,0,37383
1562,21888,0,0,37388
1563,21892,0,0,37408
1564,21894,1,0,37393
1565,21895,0,0,37403
1566,21897,3,0,37389
1567,21897,2,0,37390
1568,21897,1,0,37391
1569,21897,0,0,37392
1570,21898,1,0,37405
1571,21898,0,0,37406
1572,21902,0,0,37409
1573,21906,2,0,37394
1574,21906,1,0,37395
1575,21907,0,0,37404
1576,21911,0,0,37410
1577,21912,1,0,37398
1578,21912,0,0,37399
1579,21915,0,0,37396
1580,21918,1,0,37400
1581,21918,0,0,37401
1582,21920,1,0,37407
1583,21921,0,0,37402
1584,21922,0,0,37397
1621,22141,0,0,37458
1622,22146,2,0,37463
1623,22146,0,0,37464
1624,22146,1,0,37465
1625,22149,0,0,37466
1626,22152,0,1,37449
1627,22181,0,1,37451
1628,22186,0,1,37454
1629,22188,0,1,37456
1630,22194,0,0,37467
1631,22207,0,0,37461
1632,22216,0,0,37468
1633,22217,0,0,37462
1634,22223,0,0,37469
1635,22224,1,1,37459
1636,22224,0,1,37460
1637,22227,0,0,37470
1638,22234,0,0,37471
1639,22280,0,1,37452
1640,22288,0,0,37457
1641,22294,0,1,37455
1642,22295,0,1,37453
1643,22303,0,1,37448
1644,22312,1,0,37450
1645,22317,0,0,37472
1646,22322,0,0,37473
1647,22328,1,0,37474
1648,22328,0,0,37475
1649,22339,1,0,37476
1650,22339,0,0,37477
1651,22343,0,0,37478
1652,22347,3,0,37479
1653,22347,1,0,37480
1654,22347,4,0,37481
1655,22347,2,0,37482
1656,22347,0,0,37483
1763,23047,0,0,37652
1764,23049,2,1,37655
1765,23049,1,1,37656
1766,23049,0,1,37657
1767,23061,0,1,37654
1768,23062,0,1,37653
1769,23063,2,0,37649
1770,23063,1,1,37650
1771,23063,0,1,37651
1772,23064,4,1,37644
1773,23064,3,1,37645
1774,23064,2,1,37646
1775,23064,1,1,37647
1776,23064,0,0,37648
1777,23065,2,1,37614
1778,23065,1,0,37664
1779,23068,1,1,37642
1780,23068,0,1,37643
1781,23072,0,1,37659
1782,23073,3,1,37612
1783,23073,2,1,37613
1784,23073,1,1,37658
1785,23088,1,0,37624
1786,23091,3,0,37637
1787,23091,2,1,37638
1788,23091,1,1,37639
1789,23091,0,0,37640
1790,23095,1,1,37621
1791,23095,0,1,37622
1792,23097,1,0,37619
1793,23097,0,1,37620
1794,23099,0,0,37618
1795,23102,0,1,37636
1796,23104,0,0,37635
1797,23105,1,1,37615
1798,23107,1,1,37623
1799,23113,1,0,37626
1800,23113,0,1,37627
1801,23115,0,1,37632
1802,23117,0,1,37630
1803,23122,0,1,37641
1804,23138,0,1,37631
1805,23139,0,1,37629
1806,23140,0,0,37628
1807,23144,1,1,37660
1808,23147,1,1,37625
1809,23147,0,1,37634
1810,23148,1,0,37633
1811,23163,2,0,37661
1812,23163,1,1,37662
1813,23163,0,1,37663
1814,23165,4,0,37616
1815,23165,3,0,37617
1869,23465,0,0,37772
1870,23467,2,1,37775
1871,23467,1,1,37776
1872,23467,0,1,37777
1873,23479,0,1,37774
1874,23480,0,1,37773
1875,23481,2,0,37769
1876,23481,1,1,37770
1877,23481,0,1,37771
1878,23482,4,1,37764
1879,23482,3,1,37765
1880,23482,2,1,37766
1881,23482,1,1,37767
1882,23482,0,0,37768
1883,23483,2,1,37734
1884,23483,1,0,37784
1885,23486,1,1,37762
1886,23486,0,1,37763
1887,23490,0,1,37779
1888,23491,3,1,37732
1889,23491,2,1,37733
1890,23491,1,1,37778
1891,23506,1,0,37744
1892,23509,3,0,37757
1893,23509,2,1,37758
1894,23509,1,1,37759
1895,23509,0,0,37760
1896,23513,1,1,37741
1897,23513,0,1,37742
1898,23515,1,0,37739
1899,23515,0,1,37740
1900,23517,0,0,37738
1901,23520,0,1,37756
1902,23522,0,0,37755
1903,23523,1,1,37735
1904,23525,1,1,37743
1905,23531,1,0,37746
1906,23531,0,1,37747
1907,23533,0,1,37752
1908,23535,0,1,37750
1909,23540,0,1,37761
1910,23556,0,1,37751
1911,23557,0,1,37749
1912,23558,0,0,37748
1913,23562,1,1,37780
1914,23565,1,1,37745
1915,23565,0,1,37754
1916,23566,1,0,37753
1917,23581,2,0,37781
1918,23581,1,1,37782
1919,23581,0,1,37783
1920,23583,4,0,37736
1921,23583,3,0,37737
1977,23887,0,0,37884
1978,23889,2,0,37887
1979,23889,1,0,37888
1980,23889,0,0,37889
1981,23901,0,0,37886
1982,23902,0,0,37885
1983,23903,2,0,37881
1984,23903,1,0,37882
1985,23903,0,0,37883
1986,23904,4,0,37876
1987,23904,3,0,37877
1988,23904,2,0,37878
1989,23904,1,0,37879
1990,23904,0,0,37880
1991,23905,2,0,37846
1992,23905,1,0,37896
1993,23908,1,0,37874
1994,23908,0,0,37875
1995,23912,0,0,37891
1996,23913,3,0,37844
1997,23913,2,0,37845
1998,23913,1,0,37890
1999,23928,1,0,37856
2000,23931,3,0,37869
2001,23931,2,0,37870
2002,23931,1,0,37871
2003,23931,0,0,37872
2004,23935,1,1,37853
2005,23935,0,0,37854
2006,23937,1,0,37851
2007,23937,0,0,37852
2008,23939,0,0,37850
2009,23942,0,0,37868
2010,23944,0,0,37867
2011,23945,1,0,37847
2012,23947,1,0,37855
2013,23954,1,0,37858
2014,23954,0,0,37859
2015,23956,0,0,37864
2016,23958,0,0,37862
2017,23963,0,0,37873
2018,23980,0,0,37863
2019,23981,1,0,37842
2020,23981,0,0,37861
2021,23983,0,0,37860
2022,23988,1,0,37892
2023,23991,1,0,37857
2024,23991,0,0,37866
2025,23992,0,0,37843
2026,23992,1,0,37865
2027,24007,2,0,37893
2028,24007,1,0,37894
2029,24007,0,0,37895
2030,24009,4,0,37848
2031,24009,3,0,37849
2085,24171,0,0,37950
2086,24177,3,0,37951
2087,24177,1,0,37952
2088,24177,0,0,37953
2089,24193,0,0,37954
2090,24197,0,0,37955
2091,24208,0,0,37956
2092,24212,2,0,37957
2093,24212,1,0,37958
2094,24212,0,0,37959
2095,24217,0,0,37960
2096,24221,0,0,37961
2097,24226,0,0,37962
2098,24229,0,0,37963
2099,24231,5,0,37964
2100,24231,4,0,37965
2101,24231,3,0,37966
2102,24231,2,0,37967
2103,24231,1,0,37968
2104,24231,0,0,37969
2105,24235,0,0,37970
2106,24237,1,0,37971
2107,24237,0,0,37972
2108,24242,0,0,37973
2109,24246,0,0,37974
2110,24254,0,0,37975
2111,24258,2,0,37976
2112,24260,1,0,37977
2113,24263,0,0,37978
2114,24267,0,0,37979
2115,24270,2,0,37980
2116,24270,1,0,37981
2117,24270,0,0,37982
2118,24275,0,0,37983
2119,24278,0,0,37984
2120,24282,2,0,37985
2121,24282,1,0,37986
2122,24282,0,0,37987
2123,24283,0,0,37988
2124,24285,1,0,37989
2125,24287,0,0,37990
2126,24290,1,0,37991
2127,24290,0,0,37992
2128,24294,0,0,37993
2129,24300,2,0,37994
2130,24300,1,0,37995
2131,24300,0,0,37996
2132,24308,0,0,37997
2133,24316,0,0,37998
2134,24319,0,0,37999
2135,24321,1,0,38000
2136,24321,0,0,38001
2137,24327,0,0,38002
2193,24635,0,0,38100
2194,24637,2,0,38103
2195,24637,1,0,38104
2196,24637,0,0,38105
2197,24649,0,0,38102
2198,24650,0,0,38101
2199,24651,2,0,38097
2200,24651,1,0,38098
2201,24651,0,0,38099
2202,24652,4,0,38092
2203,24652,3,0,38093
2204,24652,2,0,38094
2205,24652,1,0,38095
2206,24652,0,0,38096
2207,24653,2,0,38062
2208,24653,1,0,38112
2209,24656,1,0,38090
2210,24656,0,0,38091
2211,24660,0,0,38107
2212,24661,3,0,38060
2213,24661,2,0,38061
2214,24661,1,0,38106
2215,24676,1,0,38072
2216,24679,3,0,38085
2217,24679,2,0,38086
2218,24679,1,0,38087
2219,24679,0,0,38088
2220,24683,1,1,38069
2221,24683,0,0,38070
2222,24685,1,0,38067
2223,24685,0,0,38068
2224,24687,0,0,38066
2225,24690,0,0,38084
2226,24692,0,0,38083
2227,24693,1,0,38063
2228,24695,1,0,38071
2229,24702,1,0,38074
2230,24702,0,0,38075
2231,24704,0,0,38080
2232,24706,0,0,38078
2233,24711,0,0,38089
2234,24728,0,0,38079
2235,24729,1,0,38058
2236,24729,0,0,38077
2237,24731,0,0,38076
2238,24736,1,0,38108
2239,24739,1,0,38073
2240,24739,0,0,38082
2241,24740,0,0,38059
2242,24740,1,0,38081
2243,24755,2,0,38109
2244,24755,1,0,38110
2245,24755,0,0,38111
2246,24757,4,0,38064
2247,24757,3,0,38065
2354,26894,0,0,38250
2355,26896,0,0,38251
2356,26900,0,0,38252
2357,26900,1,0,38253
2358,26903,3,0,38254
2359,26903,4,0,38255
2360,26905,0,0,38256
2361,26907,0,0,38257
2362,26914,1,0,38258
2363,26914,0,0,38259
2364,26916,1,0,38260
2365,26916,0,0,38261
2366,26918,0,0,38262
2367,26920,0,0,38263
2368,26926,0,0,38264
2369,26929,1,0,38265
2370,26937,1,0,38266
2371,26943,1,0,38267
2372,26943,0,0,38268
2373,26944,0,0,38269
2374,26944,1,0,38270
2375,26954,1,0,38271
2376,26957,1,0,38272
2377,26957,0,0,38273
2378,26960,1,0,38274
2379,26960,0,0,38275
2380,26963,0,0,38276
2381,26984,0,0,38277
2382,26984,2,0,38278
2383,26984,1,0,38279
2384,26995,0,0,38280
2385,26996,2,0,38281
2386,26996,1,0,38282
2387,26996,0,0,38283
2388,27000,1,0,38284
2389,27000,0,0,38285
2390,27002,0,0,38286
2391,27003,1,0,38287
2392,27003,2,0,38288
2393,27006,1,0,38289
2394,27006,0,0,38290
2395,27006,4,0,38291
2396,27006,3,0,38292
2397,27006,2,0,38293
2398,27008,1,0,38294
2399,27018,0,0,38295
2400,27020,0,0,38296
2401,27023,2,0,38297
2402,27023,1,0,38298
2403,27023,0,0,38299
2404,27033,1,0,38300
2405,27033,3,0,38301
2406,27033,2,0,38302
2575,27560,0,0,38505
2576,27562,0,0,38506
2577,27568,0,0,38507
2578,27578,0,0,38508
2579,27580,0,0,38509
2580,27584,0,0,38510
2581,27584,1,0,38511
2582,27587,3,0,38512
2583,27587,4,0,38513
2584,27589,0,0,38514
2585,27591,0,0,38515
2586,27598,1,0,38516
2587,27598,0,0,38517
2588,27600,1,0,38518
2589,27600,0,0,38519
2590,27602,0,0,38520
2591,27604,0,0,38521
2592,27610,0,0,38522
2593,27613,1,0,38523
2594,27621,1,0,38524
2595,27627,1,0,38525
2596,27627,0,0,38526
2597,27628,0,0,38527
2598,27628,1,0,38528
2599,27638,1,0,38529
2600,27641,1,0,38530
2601,27641,0,0,38531
2602,27644,1,0,38532
2603,27644,0,0,38533
2604,27647,0,0,38534
2605,27668,0,0,38535
2606,27668,2,0,38536
2607,27668,1,0,38537
2608,27679,0,0,38538
2609,27680,2,0,38539
2610,27680,1,0,38540
2611,27680,0,0,38541
2612,27684,1,0,38542
2613,27684,0,0,38543
2614,27686,0,0,38544
2615,27687,1,0,38545
2616,27687,2,0,38546
2617,27690,1,0,38547
2618,27690,0,0,38548
2619,27690,4,0,38549
2620,27690,3,0,38550
2621,27690,2,0,38551
2622,27692,1,0,38552
2623,27702,0,0,38553
2624,27704,0,0,38554
2625,27707,2,0,38555
2626,27707,1,0,38556
2627,27707,0,0,38557
2628,27717,1,0,38558
2629,27717,3,0,38559
2630,27717,2,0,38560
2757,28138,0,0,38699
2758,28140,0,0,38700
2759,28140,1,0,38701
2760,28154,0,0,38702
2761,28154,1,0,38703
2762,28160,0,0,38704
2763,28162,0,0,38705
2764,28171,0,0,38706
2765,28173,0,0,38707
2766,28176,0,0,38708
2767,28184,0,0,38709
2768,28188,0,0,38710
2769,28190,1,0,38711
2770,28190,0,0,38712
2771,28194,3,0,38713
2772,28194,4,0,38714
2773,28199,0,0,38715
2774,28202,1,0,38716
2775,28202,0,0,38717
2776,28205,1,0,38718
2777,28205,0,0,38719
2778,28208,0,0,38720
2779,28218,0,0,38721
2780,28218,2,0,38722
2781,28218,1,0,38723
2782,28234,1,0,38724
2783,28236,0,0,38725
2784,28243,0,0,38726
2785,28247,1,0,38727
2786,28247,0,0,38728
2787,28249,1,0,38729
2788,28249,0,0,38730
2789,28265,1,0,38731
2790,28270,0,0,38732
2791,28270,1,0,38733
2792,28271,0,0,38734
2793,28271,1,0,38735
2794,28276,1,0,38736
2795,28279,0,0,38737
2796,28282,0,0,38738
2797,28287,1,0,38739
2798,28287,0,0,38740
2799,28294,0,0,38741
2800,28299,2,0,38742
2801,28299,1,0,38743
2802,28299,0,0,38744
2803,28300,0,0,38745
2804,28301,1,0,38746
2805,28303,1,0,38747
2806,28303,0,0,38748
2807,28303,4,0,38749
2808,28303,3,0,38750
2809,28303,2,0,38751
2810,28306,1,0,38752
2811,28306,2,0,38753
2812,28307,0,0,38754
2813,28308,1,0,38755
2814,28308,3,0,38756
2815,28308,2,0,38757
2816,28322,0,0,38758
2817,28325,2,0,38759
2818,28325,1,0,38760
2819,28325,0,0,38761
2864,28966,0,0,38826
2865,28971,0,0,38827
2866,28977,0,0,38828
2867,28978,0,0,38829
2868,28985,0,0,38830
2869,28986,0,0,38831
2870,28992,0,0,38832
2871,28995,0,0,38833
2872,29013,0,1,38834
2873,29023,3,0,38835
2874,29023,1,0,38836
2875,29023,4,0,38837
2876,29023,2,0,38838
2877,29023,0,0,38839
2878,29026,0,0,38840
2879,29027,0,0,38841
2880,29029,2,0,38842
2881,29029,0,0,38843
2882,29029,1,0,38844
2883,29032,1,0,38845
2884,29032,0,0,38846
2885,29039,0,0,38847
2886,29041,1,0,38848
2887,29041,0,0,38849
2888,29064,0,0,38850
2889,29075,1,0,38851
2890,29093,0,1,38852
2891,29097,0,0,38853
2892,29110,0,0,38854
2893,29112,0,0,38855
2894,29113,0,0,38856
2895,29114,0,0,38857
2896,29117,0,0,38858
2897,29122,1,1,38859
2898,29122,0,1,38860
2899,29127,0,0,38861
2900,29132,0,0,38862
2901,29147,0,1,38863
2902,29159,0,1,38864
2903,29160,0,1,38865
2904,29165,0,1,38866
2905,29167,0,1,38867
2906,29171,0,1,38868
2907,29175,0,0,38869
3034,30747,0,0,39014
3035,30749,0,0,39015
3036,30749,1,0,39016
3037,30763,0,0,39017
3038,30763,1,0,39018
3039,30769,0,0,39019
3040,30771,0,0,39020
3041,30780,0,0,39021
3042,30782,0,0,39022
3043,30785,0,0,39023
3044,30793,0,0,39024
3045,30797,0,0,39025
3046,30799,1,0,39026
3047,30799,0,0,39027
3048,30803,3,0,39028
3049,30803,4,0,39029
3050,30808,0,0,39030
3051,30811,1,0,39031
3052,30811,0,0,39032
3053,30814,1,0,39033
3054,30814,0,0,39034
3055,30817,0,0,39035
3056,30827,0,0,39036
3057,30827,2,0,39037
3058,30827,1,0,39038
3059,30843,1,0,39039
3060,30845,0,0,39040
3061,30852,0,0,39041
3062,30856,1,0,39042
3063,30856,0,0,39043
3064,30858,1,0,39044
3065,30858,0,0,39045
3066,30874,1,0,39046
3067,30879,0,0,39047
3068,30879,1,0,39048
3069,30880,0,0,39049
3070,30880,1,0,39050
3071,30885,1,0,39051
3072,30888,0,0,39052
3073,30891,0,0,39053
3074,30896,1,0,39054
3075,30896,0,0,39055
3076,30903,0,0,39056
3077,30908,2,0,39057
3078,30908,1,0,39058
3079,30908,0,0,39059
3080,30909,0,0,39060
3081,30910,1,0,39061
3082,30912,1,0,39062
3083,30912,0,0,39063
3084,30912,4,0,39064
3085,30912,3,0,39065
3086,30912,2,0,39066
3087,30915,1,0,39067
3088,30915,2,0,39068
3089,30916,0,0,39069
3090,30917,1,0,39070
3091,30917,3,0,39071
3092,30917,2,0,39072
3093,30931,0,0,39073
3094,30934,2,0,39074
3095,30934,1,0,39075
3096,30934,0,0,39076
3430,32209,0,0,39414
3431,32211,0,0,39415
3432,32211,1,0,39416
3433,32225,0,0,39417
3434,32225,1,0,39418
3435,32231,0,0,39419
3436,32233,0,0,39420
3437,32242,0,0,39421
3438,32244,0,0,39422
3439,32247,0,0,39423
3440,32255,0,0,39424
3441,32259,0,0,39425
3442,32261,1,0,39426
3443,32261,0,0,39427
3444,32265,3,0,39428
3445,32265,4,0,39429
3446,32270,0,0,39430
3447,32273,1,0,39431
3448,32273,0,0,39432
3449,32276,1,0,39433
3450,32276,0,0,39434
3451,32279,0,0,39435
3452,32289,0,0,39436
3453,32289,2,0,39437
3454,32289,1,0,39438
3455,32305,1,0,39439
3456,32307,0,0,39440
3457,32314,0,0,39441
3458,32318,1,0,39442
3459,32318,0,0,39443
3460,32320,1,0,39444
3461,32320,0,0,39445
3462,32336,1,0,39446
3463,32341,0,0,39447
3464,32341,1,0,39448
3465,32342,0,0,39449
3466,32342,1,0,39450
3467,32347,1,0,39451
3468,32350,0,0,39452
3469,32353,0,0,39453
3470,32358,1,0,39454
3471,32358,0,0,39455
3472,32365,0,0,39456
3473,32370,2,0,39457
3474,32370,1,0,39458
3475,32370,0,0,39459
3476,32371,0,0,39460
3477,32372,1,0,39461
3478,32374,1,0,39462
3479,32374,0,0,39463
3480,32374,4,0,39464
3481,32374,3,0,39465
3482,32374,2,0,39466
3483,32377,1,0,39467
3484,32377,2,0,39468
3485,32378,0,0,39469
3486,32379,1,0,39470
3487,32379,3,0,39471
3488,32379,2,0,39472
3489,32393,0,0,39473
3490,32396,2,0,39474
3491,32396,1,0,39475
3492,32396,0,0,39476
3556,32618,0,0,39560
3557,32620,0,0,39561
3558,32620,1,0,39562
3559,32634,0,0,39563
3560,32634,1,0,39564
3561,32640,0,0,39565
3562,32642,0,0,39566
3563,32651,0,0,39567
3564,32653,0,0,39568
3565,32656,0,0,39569
3566,32664,0,0,39570
3567,32668,0,0,39571
3568,32670,1,0,39572
3569,32670,0,0,39573
3570,32674,3,0,39574
3571,32674,4,0,39575
3572,32679,0,0,39576
3573,32682,1,0,39577
3574,32682,0,0,39578
3575,32685,1,0,39579
3576,32685,0,0,39580
3577,32688,0,0,39581
3578,32698,0,0,39582
3579,32698,2,0,39583
3580,32698,1,0,39584
3581,32713,1,0,39585
3582,32715,0,0,39586
3583,32722,0,0,39587
3584,32726,1,0,39588
3585,32726,0,0,39589
3586,32728,1,0,39590
3587,32728,0,0,39591
3588,32744,1,0,39592
3589,32749,0,0,39593
3590,32749,1,0,39594
3591,32750,0,0,39595
3592,32750,1,0,39596
3593,32755,1,0,39597
3594,32758,0,0,39598
3595,32761,0,0,39599
3596,32766,1,0,39600
3597,32766,0,0,39601
3598,32773,0,0,39602
3599,32778,2,0,39603
3600,32778,1,0,39604
3601,32778,0,0,39605
3602,32779,0,0,39606
3603,32780,1,0,39607
3604,32782,1,0,39608
3605,32782,0,0,39609
3606,32782,4,0,39610
3607,32782,3,0,39611
3608,32782,2,0,39612
3609,32785,1,0,39613
3610,32785,2,0,39614
3611,32786,0,0,39615
3612,32787,1,0,39616
3613,32787,3,0,39617
3614,32787,2,0,39618
3615,32801,0,0,39619
3616,32804,2,0,39620
3617,32804,1,0,39621
3618,32804,0,0,39622
3931,33455,0,0,39937
3932,33466,0,0,39948
3933,33468,0,0,39958
3934,33469,1,0,39951
3935,33469,0,0,39952
3936,33473,0,0,39957
3937,33474,0,0,39955
3938,33475,1,0,39953
3939,33475,0,0,39954
3940,33476,0,0,39946
3941,33478,0,0,39945
3942,33479,0,0,39944
3943,33480,0,0,39941
3944,33481,0,0,39947
3945,33483,0,0,39950
3946,33485,0,0,39956
3947,33493,0,0,39949
3948,33494,0,0,39942
3949,33495,0,0,39943
3950,33502,1,0,39970
3951,33503,1,0,39975
3952,33503,0,0,39976
3953,33505,2,0,39971
3954,33507,0,0,39964
3955,33513,0,0,39959
3956,33514,0,0,39972
3957,33515,0,0,39966
3958,33517,0,0,39965
3959,33519,2,0,39967
3960,33519,1,0,39968
3961,33519,0,0,39969
3962,33520,1,0,39960
3963,33520,0,0,39961
3964,33521,0,0,39977
3965,33522,0,0,39973
3966,33526,0,0,39962
3967,33527,0,0,39974
3968,33528,0,0,39963
3969,33538,0,0,39939
3970,33541,0,0,39988
3971,33548,0,0,39979
3972,33555,0,0,39986
3973,33556,0,0,39989
3974,33557,0,0,39978
3975,33558,0,0,39940
3976,33559,0,0,39980
3977,33560,0,0,39985
3978,33562,0,0,39990
3979,33563,0,0,39984
3980,33566,1,0,39981
3981,33566,0,0,39982
3982,33568,1,0,39991
3983,33569,0,0,39983
3984,33570,0,0,39987
3985,33574,1,0,39938
3986,33574,0,0,39992
3987,33578,0,0,40012
3988,33580,1,0,39997
3989,33581,0,0,40007
3990,33583,3,0,39993
3991,33583,2,0,39994
3992,33583,1,0,39995
3993,33583,0,0,39996
3994,33584,1,0,40009
3995,33584,0,0,40010
3996,33588,0,0,40013
3997,33592,2,0,39998
3998,33592,1,0,39999
3999,33593,0,0,40008
4000,33597,0,0,40014
4001,33598,1,0,40002
4002,33598,0,0,40003
4003,33601,0,0,40000
4004,33604,1,0,40004
4005,33604,0,0,40005
4006,33606,1,0,40011
4007,33607,0,0,40006
4008,33608,0,0,40001
4575,36854,0,0,40563
4576,36860,0,0,40564
4577,36873,1,0,40565
4578,36873,0,0,40566
4579,36876,0,0,40567
4580,36882,1,0,40568
4581,36889,0,0,40569
4582,36892,3,0,40555
4583,36892,1,0,40556
4584,36895,3,0,40552
4585,36895,2,0,40553
4586,36895,1,0,40554
4587,36899,2,0,40558
4588,36902,0,0,40516
4589,36905,0,0,40551
4590,36911,0,0,40517
4591,36913,0,0,40557
4592,36919,2,0,40559
4593,36922,1,0,40560
4594,36922,0,0,40561
4595,36926,0,0,40562
4596,36936,0,0,40539
4597,36938,0,0,40543
4598,36939,0,0,40540
4599,36944,0,0,40545
4600,36951,0,0,40550
4601,36953,1,0,40541
4602,36953,0,0,40542
4603,36954,1,0,40548
4604,36954,0,0,40549
4605,36958,0,0,40546
4606,36960,0,0,40544
4607,36971,1,0,40547
4608,36974,0,0,40538
4609,36978,0,0,40537
4610,36985,2,0,40525
4611,36985,1,0,40526
4612,36985,0,0,40527
4613,36986,1,0,40519
4614,36986,0,0,40520
4615,36987,1,0,40523
4616,36987,0,0,40524
4617,36988,0,0,40518
4618,36990,0,0,40530
4619,36993,0,0,40535
4620,36994,0,0,40534
4621,36996,0,0,40532
4622,36997,0,0,40528
4623,37000,0,0,40529
4624,37013,0,0,40536
4625,37015,0,0,40533
4626,37016,0,0,40531
4627,37018,1,0,40521
4628,37018,0,0,40522
4675,37556,0,0,40619
4676,37563,0,0,40620
4677,37568,0,0,40621
4678,37572,0,0,40622
4679,37575,0,0,40623
4680,37590,1,0,40624
4681,37612,0,0,40625
4682,37613,0,0,40626
4683,37620,0,0,40627
4684,37623,0,0,40628
4685,37624,0,0,40629
4686,37627,0,0,40630
4687,37632,0,0,40631
4688,37636,0,0,40632
4689,37639,0,0,40633
4690,37642,0,0,40634
4691,37652,0,0,40635
4692,37662,0,0,40636
4693,37667,0,0,40637
4694,37668,0,0,40638
4695,37682,0,0,40639
4696,37684,0,0,40640
4697,37687,0,0,40641
5153,39195,0,0,41121
5154,39197,0,0,41122
5155,39199,0,0,41123
5156,39200,0,0,41124
5157,39205,0,0,41125
5158,39205,1,0,41126
5159,39213,0,0,41127
5160,39223,0,0,41128
5161,39226,0,0,41129
5162,39226,1,0,41130
5163,39237,0,0,41131
5164,39241,0,0,41132
5165,39243,1,0,41133
5166,39243,0,0,41134
5167,39244,0,0,41135
5168,39249,3,0,41136
5169,39249,4,0,41137
5170,39255,0,0,41138
5171,39258,1,0,41139
5172,39258,0,0,41140
5173,39261,1,0,41141
5174,39261,0,0,41142
5175,39263,0,0,41143
5176,39264,1,0,41144
5177,39265,0,0,41145
5178,39288,0,0,41146
5179,39288,2,0,41147
5180,39288,1,0,41148
5181,39290,0,0,41149
5182,39297,0,0,41150
5183,39301,1,0,41151
5184,39301,0,0,41152
5185,39303,1,0,41153
5186,39303,0,0,41154
5187,39319,1,0,41155
5188,39324,0,0,41156
5189,39324,1,0,41157
5190,39325,0,0,41158
5191,39325,1,0,41159
5192,39330,1,0,41160
5193,39333,0,0,41161
5194,39336,0,0,41162
5195,39341,1,0,41163
5196,39341,0,0,41164
5197,39349,2,0,41165
5198,39349,1,0,41166
5199,39349,0,0,41167
5200,39355,0,0,41168
5201,39358,2,0,41169
5202,39358,1,0,41170
5203,39358,0,0,41171
5204,39363,0,0,41172
5205,39364,0,0,41173
5206,39365,1,0,41174
5207,39367,1,0,41175
5208,39367,0,0,41176
5209,39367,4,0,41177
5210,39367,3,0,41178
5211,39367,2,0,41179
5212,39370,1,0,41180
5213,39370,2,0,41181
5214,39371,0,0,41182
5215,39375,1,0,41183
5216,39375,3,0,41184
5217,39375,2,0,41185
5243,39674,0,0,41214
5244,39681,0,0,41215
5245,39686,0,0,41216
5246,39690,0,0,41217
5247,39693,0,0,41218
5248,39708,1,0,41219
5249,39730,0,0,41220
5250,39731,0,0,41221
5251,39738,0,0,41222
5252,39741,0,0,41223
5253,39742,0,0,41224
5254,39745,0,0,41225
5255,39746,0,0,41213
5256,39747,0,0,41212
5257,39750,0,0,41226
5258,39754,1,0,41227
5259,39757,0,0,41228
5260,39760,0,0,41229
5261,39770,0,0,41230
5262,39780,0,0,41231
5263,39785,0,0,41232
5264,39786,1,0,41233
5265,39800,0,0,41234
5266,39802,0,0,41235
5267,39805,0,0,41236
5293,39981,0,0,41263
5294,39993,0,0,41264
5295,39996,0,0,41265
5296,39997,0,0,41266
5297,40002,0,0,41267
5298,40007,0,0,41268
5299,40024,0,0,41269
5300,40027,0,0,41270
5301,40028,0,0,41271
5302,40030,0,0,41272
5303,40039,0,0,41273
5304,40041,0,0,41274
5305,40047,0,0,41275
5306,40052,0,0,41276
5307,40054,0,0,41277
5308,40058,0,0,41278
5309,40060,0,0,41279
5310,40063,0,0,41280
5311,40079,0,0,41281
5312,40080,0,0,41282
5313,40081,0,0,41283
5314,40086,0,0,41284
5315,40090,0,0,41285
5316,40092,0,0,41286
5317,40097,0,0,41287
5382,40310,0,0,41352
5383,40312,0,0,41353
5384,40314,0,0,41354
5385,40315,0,0,41355
5386,40320,0,0,41356
5387,40320,1,0,41357
5388,40328,0,0,41358
5389,40338,0,0,41359
5390,40341,0,0,41360
5391,40341,1,0,41361
5392,40352,0,0,41362
5393,40356,0,0,41363
5394,40358,1,0,41364
5395,40358,0,0,41365
5396,40359,0,0,41366
5397,40364,3,0,41367
5398,40364,4,0,41368
5399,40370,0,0,41369
5400,40373,1,0,41370
5401,40373,0,0,41371
5402,40376,1,0,41372
5403,40376,0,0,41373
5404,40378,0,0,41374
5405,40379,1,0,41375
5406,40402,0,0,41376
5407,40402,2,0,41377
5408,40402,1,0,41378
5409,40404,0,0,41379
5410,40411,0,0,41380
5411,40415,1,0,41381
5412,40415,0,0,41382
5413,40417,1,0,41383
5414,40417,0,0,41384
5415,40433,1,0,41385
5416,40438,0,0,41386
5417,40438,1,0,41387
5418,40439,0,0,41388
5419,40439,1,0,41389
5420,40444,1,0,41390
5421,40447,0,0,41391
5422,40450,0,0,41392
5423,40455,1,0,41393
5424,40455,0,0,41394
5425,40463,2,0,41395
5426,40463,1,0,41396
5427,40463,0,0,41397
5428,40469,0,0,41398
5429,40472,2,0,41399
5430,40472,1,0,41400
5431,40472,0,0,41401
5432,40477,0,0,41402
5433,40478,0,0,41403
5434,40479,1,0,41404
5435,40481,1,0,41405
5436,40481,0,0,41406
5437,40481,4,0,41407
5438,40481,3,0,41408
5439,40481,2,0,41409
5440,40484,1,0,41410
5441,40484,2,0,41411
5442,40485,0,0,41412
5443,40489,1,0,41413
5444,40489,3,0,41414
5445,40489,2,0,41415
5509,40723,0,0,41479
5510,40725,0,0,41480
5511,40727,0,0,41481
5512,40728,0,0,41482
5513,40733,0,0,41483
5514,40733,1,0,41484
5515,40741,0,0,41485
5516,40751,0,0,41486
5517,40754,0,0,41487
5518,40754,1,0,41488
5519,40765,0,0,41489
5520,40769,0,0,41490
5521,40771,1,0,41491
5522,40771,0,0,41492
5523,40772,0,0,41493
5524,40777,3,0,41494
5525,40777,4,0,41495
5526,40783,0,0,41496
5527,40786,1,0,41497
5528,40786,0,0,41498
5529,40789,1,0,41499
5530,40789,0,0,41500
5531,40791,1,0,41501
5532,40814,0,0,41502
5533,40814,2,0,41503
5534,40814,1,0,41504
5535,40816,0,0,41505
5536,40823,0,0,41506
5537,40827,1,0,41507
5538,40827,0,0,41508
5539,40829,1,0,41509
5540,40829,0,0,41510
5541,40845,1,0,41511
5542,40850,0,0,41512
5543,40850,1,0,41513
5544,40851,0,0,41514
5545,40851,1,0,41515
5546,40856,1,0,41516
5547,40859,0,0,41517
5548,40862,0,0,41518
5549,40867,1,0,41519
5550,40867,0,0,41520
5551,40875,2,0,41521
5552,40875,1,0,41522
5553,40875,0,0,41523
5554,40881,0,0,41524
5555,40884,2,0,41525
5556,40884,1,0,41526
5557,40884,0,0,41527
5558,40889,0,0,41528
5559,40890,0,0,41529
5560,40891,1,0,41530
5561,40893,1,0,41531
5562,40893,0,0,41532
5563,40893,4,0,41533
5564,40893,3,0,41534
5565,40893,2,0,41535
5566,40896,1,0,41536
5567,40896,2,0,41537
5568,40897,0,0,41538
5569,40901,1,0,41539
5570,40901,3,0,41540
5571,40901,2,0,41541
5732,41699,0,1,41714
5733,41704,0,0,41715
5734,41706,0,0,41710
5735,41710,0,0,41716
5736,41713,0,0,41717
5737,41714,0,0,41709
5738,41718,0,0,41713
5739,41722,0,0,41718
5740,41730,0,0,41719
5741,41732,0,0,41720
5742,41736,2,0,41721
5743,41736,1,0,41722
5744,41736,0,0,41723
5745,41737,0,0,41724
5746,41739,0,0,41712
5747,41766,0,0,41725
5748,41772,0,0,41726
5749,41780,0,0,41727
5750,41784,0,0,41728
5751,41787,0,0,41729
5752,41802,0,0,41730
5753,41805,0,0,41731
5754,41807,0,0,41732
5755,41811,0,0,41733
5756,41814,1,0,41711
5757,41814,0,0,41734
5758,41818,0,0,41735
5759,41821,0,0,41736
5760,41827,0,0,41737
5761,41831,0,0,41738
5762,41833,0,0,41739
5763,41835,0,0,41707
5764,41839,0,0,41740
5765,41841,0,0,41741
5766,41842,0,0,41742
5767,41846,0,0,41743
5768,41848,1,0,41744
5769,41848,0,0,41745
5770,41849,0,0,41708
5771,41851,0,0,41746
5858,42031,1,0,41833
5859,42031,0,0,41834
5860,42032,0,0,41835
5861,42033,0,0,41840
5862,42034,0,0,41841
5863,42035,0,0,41839
5864,42036,0,0,41836
5865,42037,2,0,41837
5866,42037,0,0,41838
5867,42040,0,0,41843
5868,42051,0,0,41853
5869,42053,0,0,41862
5870,42054,1,0,41856
5871,42054,0,0,41857
5872,42058,0,0,41860
5873,42059,1,0,41858
5874,42059,0,0,41859
5875,42060,0,0,41851
5876,42062,0,0,41850
5877,42063,0,0,41849
5878,42064,0,0,41847
5879,42065,0,0,41852
5880,42067,0,0,41855
5881,42069,0,0,41861
5882,42077,0,0,41854
5883,42078,0,0,41848
5884,42085,1,0,41874
5885,42086,1,0,41879
5886,42086,0,0,41880
5887,42088,2,0,41875
5888,42090,0,0,41868
5889,42092,0,0,41842
5890,42096,0,0,41863
5891,42097,0,0,41876
5892,42098,0,0,41870
5893,42100,0,0,41869
5894,42102,2,0,41871
5895,42102,1,0,41872
5896,42102,0,0,41873
5897,42103,1,0,41864
5898,42103,0,0,41865
5899,42104,0,0,41881
5900,42105,0,0,41877
5901,42109,0,0,41866
5902,42110,0,0,41878
5903,42111,0,0,41867
5904,42121,0,0,41845
5905,42124,0,0,41892
5906,42131,0,0,41883
5907,42138,0,0,41890
5908,42139,0,0,41893
5909,42140,0,0,41882
5910,42141,0,0,41846
5911,42142,0,0,41884
5912,42143,0,0,41889
5913,42145,0,0,41894
5914,42146,0,0,41888
5915,42149,1,0,41885
5916,42149,0,0,41886
5917,42151,1,0,41895
5918,42152,0,0,41887
5919,42153,0,0,41891
5920,42157,1,0,41844
5921,42157,0,0,41896
5922,42161,0,0,41916
5923,42163,1,0,41901
5924,42164,0,0,41911
5925,42166,3,0,41897
5926,42166,2,0,41898
5927,42166,1,0,41899
5928,42166,0,0,41900
5929,42167,1,0,41913
5930,42167,0,0,41914
5931,42171,0,0,41917
5932,42175,2,0,41902
5933,42175,1,0,41903
5934,42176,0,0,41912
5935,42180,0,0,41918
5936,42181,1,0,41906
5937,42181,0,0,41907
5938,42184,0,0,41904
5939,42187,1,0,41908
5940,42187,0,0,41909
5941,42189,1,0,41915
5942,42190,0,0,41910
5943,42191,0,0,41905
6008,42403,0,0,41989
6009,42405,0,0,41990
6010,42407,0,0,41991
6011,42408,0,0,41992
6012,42413,0,0,41993
6013,42413,1,0,41994
6014,42421,0,0,41995
6015,42431,0,0,41996
6016,42434,0,0,41997
6017,42434,1,0,41998
6018,42445,0,0,41999
6019,42449,0,0,42000
6020,42451,1,0,42001
6021,42451,0,0,42002
6022,42452,0,0,42003
6023,42457,3,0,42004
6024,42457,4,0,42005
6025,42463,0,0,42006
6026,42466,1,0,42007
6027,42466,0,0,42008
6028,42469,1,0,42009
6029,42469,0,0,42010
6030,42471,1,0,42011
6031,42482,1,0,41988
6032,42494,0,0,42012
6033,42494,2,0,42013
6034,42494,1,0,42014
6035,42496,0,0,42015
6036,42503,0,0,42016
6037,42507,1,0,42017
6038,42507,0,0,42018
6039,42509,1,0,42019
6040,42509,0,0,42020
6041,42525,1,0,42021
6042,42530,0,0,42022
6043,42530,1,0,42023
6044,42531,0,0,42024
6045,42531,1,0,42025
6046,42536,1,0,42026
6047,42539,0,0,42027
6048,42542,0,0,42028
6049,42547,1,0,42029
6050,42547,0,0,42030
6051,42555,2,0,42031
6052,42555,1,0,42032
6053,42555,0,0,42033
6054,42561,0,0,42034
6055,42564,2,0,42035
6056,42564,1,0,42036
6057,42564,0,0,42037
6058,42569,0,0,42038
6059,42570,0,0,42039
6060,42571,1,0,42040
6061,42573,1,0,42041
6062,42573,0,0,42042
6063,42573,4,0,42043
6064,42573,3,0,42044
6065,42573,2,0,42045
6066,42576,1,0,42046
6067,42576,2,0,42047
6068,42577,0,0,42048
6069,42581,1,0,42049
6070,42581,3,0,42050
6071,42581,2,0,42051
6072,41730,1,0,42059
6135,42816,0,0,42126
6136,42818,0,0,42127
6137,42820,0,0,42128
6138,42821,0,0,42129
6139,42826,0,0,42130
6140,42826,1,0,42131
6141,42834,0,0,42132
6142,42844,0,0,42133
6143,42847,0,0,42134
6144,42847,1,0,42135
6145,42858,0,0,42136
6146,42862,0,0,42137
6147,42864,1,0,42138
6148,42864,0,0,42139
6149,42865,0,0,42140
6150,42870,3,0,42141
6151,42870,4,0,42142
6152,42876,0,0,42143
6153,42879,1,0,42144
6154,42879,0,0,42145
6155,42882,1,0,42146
6156,42882,0,0,42147
6157,42884,1,0,42148
6158,42895,1,0,42125
6159,42907,0,0,42149
6160,42907,2,0,42150
6161,42907,1,0,42151
6162,42909,0,0,42152
6163,42916,0,0,42153
6164,42920,1,0,42154
6165,42920,0,0,42155
6166,42922,1,0,42156
6167,42922,0,0,42157
6168,42937,1,0,42158
6169,42943,0,0,42159
6170,42943,1,0,42160
6171,42948,1,0,42161
6172,42951,0,0,42162
6173,42954,0,0,42163
6174,42959,1,0,42164
6175,42959,0,0,42165
6176,42967,2,0,42166
6177,42967,1,0,42167
6178,42967,0,0,42168
6179,42973,0,0,42169
6180,42976,2,0,42170
6181,42976,1,0,42171
6182,42976,0,0,42172
6183,42981,0,0,42173
6184,42982,0,0,42174
6185,42983,1,0,42175
6186,42985,1,0,42176
6187,42985,0,0,42177
6188,42985,4,0,42178
6189,42985,3,0,42179
6190,42985,2,0,42180
6191,42988,1,0,42181
6192,42988,2,0,42182
6193,42989,0,0,42183
6194,42993,1,0,42184
6195,42993,3,0,42185
6196,42993,2,0,42186
6246,43275,0,0,42638
6247,43276,0,1,42639
6248,43290,0,0,42640
6249,43292,0,0,42641
6250,43294,0,0,42642
6251,43294,1,0,42643
6252,43294,2,0,42644
6253,43297,1,0,42645
6254,43297,0,0,42646
6255,43302,0,0,42647
6256,43309,0,0,42648
6257,43309,1,0,42649
6258,43315,3,0,42650
6259,43315,4,0,42651
6260,43315,0,0,42652
6261,43315,1,0,42653
6262,43315,2,0,42654
6263,43330,0,0,42655
6264,43335,0,0,42656
6265,43349,0,0,42657
6266,43352,0,0,42658
6267,43353,0,0,42659
6268,43356,0,0,42660
6269,43358,0,0,42661
6270,43372,0,0,42662
6271,43374,0,0,42663
6272,43375,0,0,42637
6273,43385,0,1,42664
6274,43395,0,1,42665
6275,43403,0,1,42666
6276,43410,0,0,42667
6277,43420,0,0,42668
6278,43421,0,0,42669
6279,43426,0,0,42670
6280,43427,1,1,42671
6281,43427,0,1,42672
6282,43434,0,1,42673
6283,43435,0,1,42674
6284,43441,0,1,42675
6285,43442,0,1,42676
6286,43447,0,1,42677
6287,43449,0,0,42678
6288,43453,0,1,42679
6289,43462,0,1,42680
6290,43464,0,1,42681
6291,43469,0,0,42682
6292,43481,0,0,42683
6293,43482,0,0,42684
6294,43487,0,0,42685
6358,43739,0,0,42852
6359,43741,0,0,42853
6360,43743,0,0,42854
6361,43744,0,0,42855
6362,43749,0,0,42856
6363,43749,1,0,42857
6364,43757,0,0,42858
6365,43767,0,0,42859
6366,43770,0,0,42860
6367,43770,1,0,42861
6368,43781,0,0,42862
6369,43785,0,0,42863
6370,43787,1,0,42864
6371,43787,0,0,42865
6372,43792,3,0,42866
6373,43792,4,0,42867
6374,43798,0,0,42868
6375,43801,1,0,42869
6376,43801,0,0,42870
6377,43804,1,0,42871
6378,43804,0,0,42872
6379,43806,1,0,42873
6380,43817,1,0,42851
6381,43829,4,0,42849
6382,43829,3,0,42850
6383,43829,0,0,42874
6384,43829,2,0,42875
6385,43829,1,0,42876
6386,43831,0,0,42877
6387,43838,0,0,42878
6388,43842,1,0,42879
6389,43842,0,0,42880
6390,43844,1,0,42881
6391,43844,0,0,42882
6392,43859,1,0,42883
6393,43865,0,0,42884
6394,43865,1,0,42885
6395,43870,1,0,42886
6396,43873,0,0,42887
6397,43876,0,0,42888
6398,43881,1,0,42889
6399,43881,0,0,42890
6400,43889,2,0,42891
6401,43889,1,0,42892
6402,43889,0,0,42893
6403,43895,0,0,42894
6404,43898,2,0,42895
6405,43898,1,0,42896
6406,43898,0,0,42897
6407,43903,0,0,42898
6408,43904,0,0,42899
6409,43905,1,0,42900
6410,43907,1,0,42901
6411,43907,0,0,42902
6412,43907,4,0,42903
6413,43907,3,0,42904
6414,43907,2,0,42905
6415,43910,1,0,42906
6416,43910,2,0,42907
6417,43911,0,0,42908
6418,43915,1,0,42909
6419,43915,3,0,42910
6420,43915,2,0,42911
6446,44078,0,0,42977
6447,44082,0,0,42978
6448,44094,0,0,42979
6449,44101,0,0,42980
6450,44103,0,0,42981
6451,44111,0,0,42982
6452,44113,0,0,42983
6453,44115,0,0,42984
6454,44120,0,0,42985
6455,44127,0,0,42986
6456,44128,0,0,42987
6457,44135,0,0,42988
6458,44140,0,0,42989
6459,44156,0,0,42974
6460,44158,0,0,42976
6461,44167,0,0,42973
6462,44169,0,0,42975
6463,44171,0,0,42990
6464,44172,0,0,42991
6465,44173,0,0,42992
6466,44175,0,0,42993
6467,44179,0,0,42994
6468,44187,0,0,42995
6469,44196,0,0,42996
6470,44200,0,0,42997
6480,46727,0,0,43175
6482,47119,0,0,43180
6508,47771,0,0,43562
6509,47772,0,0,43560
6510,47778,0,0,43558
6511,47799,0,0,43557
6512,47819,0,0,43559
6513,47820,0,0,43561
6514,47831,0,0,43549
6515,47836,0,1,43552
6516,47839,0,1,43551
6517,47844,0,1,43547
6518,47847,0,0,43545
6519,47851,0,1,43546
6520,47854,0,0,43544
6521,47855,0,1,43550
6522,47868,0,0,43548
6523,47886,0,1,43543
6524,47887,0,1,43542
6525,47889,0,0,43540
6526,47895,0,0,43538
6527,47898,0,1,43541
6528,47908,0,0,43539
6529,47920,0,1,43553
6530,47927,0,1,43554
6531,47929,0,1,43555
6532,47941,0,0,43556
6596,48169,0,0,43634
6597,48171,0,0,43635
6598,48173,0,0,43636
6599,48174,0,0,43637
6600,48179,0,0,43638
6601,48179,1,0,43639
6602,48187,0,0,43640
6603,48197,0,0,43641
6604,48200,0,0,43642
6605,48200,1,0,43643
6606,48211,0,0,43644
6607,48215,0,0,43645
6608,48216,1,0,43646
6609,48216,0,0,43647
6610,48221,3,0,43648
6611,48221,4,0,43649
6612,48227,0,0,43650
6613,48230,1,0,43651
6614,48230,0,0,43652
6615,48233,1,0,43653
6616,48233,0,0,43654
6617,48235,1,0,43655
6618,48246,1,0,43633
6619,48258,4,0,43631
6620,48258,3,0,43632
6621,48258,0,0,43656
6622,48258,2,0,43657
6623,48258,1,0,43658
6624,48260,0,0,43659
6625,48267,0,0,43660
6626,48271,1,0,43661
6627,48271,0,0,43662
6628,48273,1,0,43663
6629,48273,0,0,43664
6630,48288,1,0,43665
6631,48294,0,0,43666
6632,48294,1,0,43667
6633,48299,1,0,43668
6634,48302,0,0,43669
6635,48305,0,0,43670
6636,48310,1,0,43671
6637,48310,0,0,43672
6638,48318,2,0,43673
6639,48318,1,0,43674
6640,48318,0,0,43675
6641,48324,0,0,43676
6642,48327,2,0,43677
6643,48327,1,0,43678
6644,48327,0,0,43679
6645,48332,0,0,43680
6646,48333,0,0,43681
6647,48334,1,0,43682
6648,48336,1,0,43683
6649,48336,0,0,43684
6650,48336,4,0,43685
6651,48336,3,0,43686
6652,48336,2,0,43687
6653,48339,1,0,43688
6654,48339,2,0,43689
6655,48340,0,0,43690
6656,48344,1,0,43691
6657,48344,3,0,43692
6658,48344,2,0,43693
6810,48728,0,0,43781
6811,48732,0,0,43782
6812,48735,0,0,43783
6813,48738,0,0,43784
6814,48739,0,0,43780
6815,48743,0,0,43785
6816,48760,0,0,43786
6817,48762,0,0,43787
6818,48764,0,0,43788
6819,48767,0,0,43789
6820,48769,0,0,43790
6821,48771,0,0,43791
6822,48778,0,0,43792
6823,48784,0,0,43793
6824,48787,0,0,43794
6825,48796,0,0,43795
6826,48799,0,0,43796
6827,48803,0,0,43797
6828,48815,0,0,43798
6829,48821,0,0,43799
6830,48824,0,0,43800
6831,48825,0,0,43801
6832,48828,0,0,43802
6833,48830,0,0,43803
6834,48832,0,0,43804
6835,48838,0,0,43805
6899,49053,0,0,43872
6900,49055,0,0,43873
6901,49057,0,0,43874
6902,49058,0,0,43875
6903,49063,0,0,43876
6904,49063,1,0,43877
6905,49071,0,0,43878
6906,49081,0,0,43879
6907,49084,0,0,43880
6908,49084,1,0,43881
6909,49095,0,0,43882
6910,49099,0,0,43883
6911,49100,1,0,43884
6912,49100,0,0,43885
6913,49105,3,0,43886
6914,49105,4,0,43887
6915,49111,0,0,43888
6916,49114,1,0,43889
6917,49114,0,0,43890
6918,49117,1,0,43891
6919,49117,0,0,43892
6920,49119,1,0,43893
6921,49130,1,0,43871
6922,49142,4,0,43869
6923,49142,3,0,43870
6924,49142,0,0,43894
6925,49142,2,0,43895
6926,49142,1,0,43896
6927,49144,0,0,43897
6928,49151,0,0,43898
6929,49155,1,0,43899
6930,49155,0,0,43900
6931,49157,1,0,43901
6932,49157,0,0,43902
6933,49172,1,0,43903
6934,49178,0,0,43904
6935,49178,1,0,43905
6936,49183,1,0,43906
6937,49186,0,0,43907
6938,49189,0,0,43908
6939,49194,1,0,43909
6940,49194,0,0,43910
6941,49202,2,0,43911
6942,49202,1,0,43912
6943,49202,0,0,43913
6944,49208,0,0,43914
6945,49211,2,0,43915
6946,49211,1,0,43916
6947,49211,0,0,43917
6948,49216,0,0,43918
6949,49217,0,0,43919
6950,49218,1,0,43920
6951,49220,1,0,43921
6952,49220,0,0,43922
6953,49220,4,0,43923
6954,49220,3,0,43924
6955,49220,2,0,43925
6956,49223,1,0,43926
6957,49223,2,0,43927
6958,49224,0,0,43928
6959,49228,1,0,43929
6960,49228,3,0,43930
6961,49228,2,0,43931
7100,49591,0,0,44034
7101,49593,0,0,44035
7102,49595,0,0,44036
7103,49596,0,0,44037
7104,49601,0,0,44038
7105,49601,1,0,44039
7106,49609,0,0,44040
7107,49619,0,0,44041
7108,49622,0,0,44042
7109,49622,1,0,44043
7110,49633,0,0,44044
7111,49637,0,0,44045
7112,49638,1,0,44046
7113,49638,0,0,44047
7114,49643,3,0,44048
7115,49643,4,0,44049
7116,49649,0,0,44050
7117,49652,1,0,44051
7118,49652,0,0,44052
7119,49655,1,0,44053
7120,49655,0,0,44054
7121,49657,1,0,44055
7122,49668,1,0,44033
7123,49680,4,0,44031
7124,49680,3,0,44032
7125,49680,0,0,44056
7126,49680,2,0,44057
7127,49680,1,0,44058
7128,49682,0,0,44059
7129,49689,0,0,44060
7130,49693,1,0,44061
7131,49693,0,0,44062
7132,49695,1,0,44063
7133,49695,0,0,44064
7134,49710,1,0,44065
7135,49716,0,0,44066
7136,49716,1,0,44067
7137,49721,1,0,44068
7138,49724,0,0,44069
7139,49727,0,0,44070
7140,49732,1,0,44071
7141,49732,0,0,44072
7142,49740,2,0,44073
7143,49740,1,0,44074
7144,49740,0,0,44075
7145,49746,0,0,44076
7146,49749,2,0,44077
7147,49749,1,0,44078
7148,49749,0,0,44079
7149,49754,0,0,44080
7150,49755,0,0,44081
7151,49756,1,0,44082
7152,49758,1,0,44083
7153,49758,0,0,44084
7154,49758,4,0,44085
7155,49758,3,0,44086
7156,49758,2,0,44087
7157,49761,1,0,44088
7158,49761,2,0,44089
7159,49762,0,0,44090
7160,49766,1,0,44091
7161,49766,3,0,44092
7162,49766,2,0,44093
7513,50609,0,0,44282
7514,50612,0,0,44283
7515,50614,0,0,44284
7516,50615,1,0,44285
7517,50627,0,0,44286
7518,50632,0,0,44287
7519,50638,0,0,44288
7520,50640,0,0,44289
7521,50642,0,0,44290
7522,50663,0,0,44291
7523,50665,0,0,44292
7524,50666,1,0,44293
7525,50678,0,0,44294
7526,50704,0,0,44295
7527,50705,0,0,44296
7528,50711,0,0,44297
7529,50713,0,0,44298
7530,50714,0,0,44299
7531,50715,0,0,44300
7532,50717,0,0,44301
7533,50719,0,0,44302
7534,50723,0,0,44303
7535,50727,0,0,44304
7536,50730,0,0,44305
7537,50734,0,0,44306
7538,50745,0,0,44307
7539,50746,1,0,44308
7540,41730,2,0,41719
7568,51019,0,0,44339
7569,51022,0,0,44340
7570,51024,0,0,44341
7571,51025,1,0,44342
7572,51037,0,0,44343
7573,51042,0,0,44344
7574,51048,0,0,44345
7575,51050,0,0,44346
7576,51052,0,0,44347
7577,51073,0,0,44348
7578,51075,0,0,44349
7579,51076,1,0,44350
7580,51088,0,0,44351
7581,51114,0,0,44352
7582,51115,0,0,44353
7583,51121,0,0,44354
7584,51123,0,0,44355
7585,51124,0,0,44356
7586,51125,0,0,44357
7587,51127,0,0,44358
7588,51129,0,0,44359
7589,51133,0,0,44360
7590,51137,0,0,44361
7591,51140,0,0,44362
7592,51144,0,0,44363
7593,51155,0,0,44364
7594,51156,1,0,44365
7685,51320,0,0,44495
7686,51323,1,0,44497
7687,51323,0,0,44498
7688,51324,0,0,44499
7689,51325,0,0,44504
7690,51326,0,0,44505
7691,51327,0,0,44503
7692,51328,0,0,44500
7693,51329,2,0,44501
7694,51329,0,0,44502
7695,51332,0,0,44507
7696,51343,0,0,44517
7697,51345,0,0,44526
7698,51346,1,0,44520
7699,51346,0,0,44521
7700,51350,0,0,44524
7701,51351,1,0,44522
7702,51351,0,0,44523
7703,51352,0,0,44515
7704,51354,0,0,44514
7705,51355,0,0,44513
7706,51356,0,0,44511
7707,51357,0,0,44516
7708,51359,0,0,44519
7709,51361,0,0,44525
7710,51369,0,0,44518
7711,51370,2,0,44493
7712,51370,1,0,44494
7713,51370,0,0,44512
7714,51377,1,0,44538
7715,51378,1,0,44543
7716,51378,0,0,44544
7717,51380,2,0,44539
7718,51382,0,0,44532
7719,51384,0,0,44506
7720,51388,0,0,44527
7721,51389,0,0,44540
7722,51390,0,0,44534
7723,51392,0,0,44533
7724,51394,2,0,44535
7725,51394,1,0,44536
7726,51394,0,0,44537
7727,51395,1,0,44528
7728,51395,0,0,44529
7729,51396,0,0,44545
7730,51397,0,0,44541
7731,51401,0,0,44530
7732,51402,0,0,44542
7733,51403,0,0,44531
7734,51413,0,0,44509
7735,51416,0,0,44556
7736,51423,0,0,44547
7737,51429,0,0,44554
7738,51430,0,0,44557
7739,51431,0,0,44546
7740,51432,0,0,44510
7741,51433,0,0,44548
7742,51434,0,0,44553
7743,51436,0,0,44558
7744,51437,0,0,44552
7745,51440,1,0,44549
7746,51440,0,0,44550
7747,51442,1,0,44559
7748,51443,0,0,44551
7749,51444,0,0,44555
7750,51447,1,0,44508
7751,51447,0,0,44560
7752,51451,0,0,44580
7753,51453,1,0,44565
7754,51454,0,0,44575
7755,51456,3,0,44561
7756,51456,2,0,44562
7757,51456,1,0,44563
7758,51456,0,0,44564
7759,51457,1,0,44577
7760,51457,0,0,44578
7761,51461,0,0,44581
7762,51465,2,0,44566
7763,51465,1,0,44567
7764,51466,0,0,44576
7765,51469,1,0,44496
7766,51469,0,0,44582
7767,51470,1,0,44570
7768,51470,0,0,44571
7769,51473,0,0,44568
7770,51476,1,0,44572
7771,51476,0,0,44573
7772,51478,1,0,44579
7773,51479,0,0,44574
7774,51480,0,0,44569
7810,51685,2,1,44684
7811,51685,1,1,44685
7812,51685,0,1,44718
7813,51686,0,0,44716
7814,51692,0,0,44714
7815,51713,0,0,44713
7816,51733,0,0,44715
7817,51734,2,1,44686
7818,51734,1,1,44687
7819,51734,0,1,44717
7820,51745,0,0,44705
7821,51750,0,1,44708
7822,51753,0,1,44707
7823,51758,0,1,44703
7824,51761,0,0,44701
7825,51765,1,0,44693
7826,51765,0,1,44702
7827,51768,0,0,44700
7828,51769,0,1,44706
7829,51782,0,0,44704
7830,51800,0,1,44699
7831,51801,0,1,44698
7832,51803,0,0,44696
7833,51809,0,0,44694
7834,51812,0,1,44697
7835,51822,0,0,44695
7836,51834,2,1,44688
7837,51834,1,1,44689
7838,51834,0,1,44709
7839,51841,1,1,44690
7840,51841,0,1,44710
7841,51843,2,1,44691
7842,51843,1,1,44692
7843,51843,0,1,44711
7844,51855,0,0,44712
7875,52076,2,1,44990
7876,52076,1,1,44991
7877,52076,0,1,45019
7878,52077,0,0,45017
7879,52083,0,0,45015
7880,52104,0,0,45014
7881,52124,0,0,45016
7882,52125,2,1,44992
7883,52125,1,1,44993
7884,52125,0,1,45018
7885,52136,0,0,45008
7886,52143,0,1,45009
7887,52148,0,1,45006
7888,52154,1,0,44999
7889,52154,0,1,45005
7890,52157,0,0,45004
7891,52171,0,0,45007
7892,52189,0,1,45003
7893,52192,0,0,45002
7894,52198,0,0,45000
7895,52210,0,0,45001
7896,52222,2,1,44994
7897,52222,1,1,44995
7898,52222,0,1,45010
7899,52229,1,1,44996
7900,52229,0,1,45011
7901,52231,2,1,44997
7902,52231,1,1,44998
7903,52231,0,1,45012
7904,52243,0,0,45013
8201,54689,0,1,45394
8202,54695,2,1,45379
8203,54695,1,1,45380
8204,54695,0,1,45381
8205,54704,2,1,45382
8206,54704,1,1,45383
8207,54704,0,1,45403
8208,54705,0,1,45373
8209,54709,0,1,45378
8210,54713,0,1,45374
8211,54715,0,1,45377
8212,54753,0,1,45395
8213,54764,0,1,45398
8214,54765,1,1,45396
8215,54765,0,1,45397
8216,54772,0,1,45399
8217,54783,1,1,45390
8218,54783,0,1,45391
8219,54791,2,1,45375
8220,54791,1,1,45388
8221,54791,0,1,45389
8222,54812,0,1,45384
8223,54824,0,1,45385
8224,54831,0,1,45387
8225,54834,0,1,45386
8226,54841,0,1,45400
8227,54842,1,1,45401
8228,54842,0,1,45402
8229,54863,2,1,45376
8230,54863,1,1,45392
8231,54863,0,1,45393
8263,55117,2,1,45439
8264,55117,1,1,45440
8265,55117,0,1,45441
8266,55118,0,1,45442
8267,55120,0,1,45443
8268,55122,0,1,45444
8269,55157,0,1,45445
8270,55158,2,1,45446
8271,55158,1,1,45447
8272,55158,0,1,45448
8273,55160,0,1,45449
8274,55164,1,1,45450
8275,55164,0,1,45451
8276,55172,0,1,45452
8277,55180,1,1,45453
8278,55180,0,1,45454
8279,55181,0,1,45455
8280,55190,2,1,45456
8281,55190,1,1,45457
8282,55190,0,1,45458
8283,55200,0,1,45459
8284,55209,2,1,45460
8285,55209,1,1,45461
8286,55209,0,1,45462
8287,55225,1,1,45463
8288,55225,0,1,45464
8289,55246,0,1,45465
8290,55252,0,1,45466
8291,55255,0,1,45467
8292,55267,0,1,45468
8293,55293,0,1,45469
8325,55877,0,0,45600
8326,55883,0,0,45601
8328,55887,0,0,45603
8329,55894,0,0,45604
8330,55896,0,0,45605
8331,55907,0,0,45606
8332,55908,0,0,45607
8333,55917,0,0,45608
8334,55919,0,0,45609
8335,55921,0,0,45610
8336,55926,0,0,45611
8337,55929,0,0,45612
8338,55930,0,0,45613
8339,55935,0,0,45614
8340,55937,0,0,45615
8341,55942,0,0,45616
8342,55945,0,0,45617
8343,55946,0,0,45618
8344,55947,0,0,45619
8345,55950,0,0,45620
8346,55973,0,0,45621
8347,55975,0,0,45622
8348,55977,0,0,45623
8349,55979,0,0,45624
8350,55983,0,0,45625
8351,55985,0,0,45626
8352,55988,0,0,45627
8353,55993,0,0,45628
8354,55995,0,0,45629
8355,55999,0,0,45630
8444,56328,0,0,45794
8445,56331,3,0,45790
8446,56331,2,0,45791
8447,56331,1,0,45792
8448,56331,0,-1,45793
8449,56333,1,0,45795
8450,56333,0,0,45796
8451,56336,0,0,45797
8452,56339,0,0,45806
8453,56349,1,0,45743
8454,56349,0,-1,45744
8455,56355,0,0,45742
8456,56359,1,0,45799
8457,56359,0,0,45800
8458,56361,3,0,45801
8459,56361,2,0,45802
8460,56361,0,0,45803
8461,56363,1,0,45804
8462,56363,0,0,45805
8463,56364,0,0,45798
8464,56371,2,0,45719
8465,56371,1,0,45720
8466,56371,0,0,45721
8467,56373,0,0,45755
8468,56376,0,0,45756
8469,56377,1,0,45770
8470,56377,0,0,45771
8471,56378,1,0,45749
8472,56378,0,0,45750
8473,56380,0,0,45748
8474,56381,1,0,45753
8475,56381,0,0,45754
8476,56383,1,0,45751
8477,56383,0,0,45752
8478,56385,0,0,45757
8479,56388,0,0,45763
8480,56393,0,0,45772
8481,56402,0,0,45769
8482,56403,1,0,45764
8483,56403,0,0,45765
8484,56404,3,0,45758
8485,56404,2,0,45759
8486,56404,1,0,45760
8487,56404,0,-1,45761
8488,56407,1,0,45740
8489,56407,0,0,45741
8490,56410,1,0,45738
8491,56410,0,0,45739
8492,56414,0,0,45723
8493,56417,0,0,45724
8494,56419,0,0,45729
8495,56421,1,0,45727
8496,56421,0,-1,45728
8497,56425,0,0,45722
8498,56427,1,0,45725
8499,56427,0,0,45726
8500,56430,0,0,45731
8501,56432,0,0,45732
8502,56438,2,0,45734
8503,56438,1,-1,45735
8504,56438,0,-1,45736
8505,56450,0,0,45733
8506,56452,0,0,45730
8507,56455,1,0,45773
8508,56455,0,0,45774
8509,56459,1,0,45776
8510,56459,0,0,45777
8511,56463,0,0,45781
8512,56465,2,0,45782
8513,56465,1,0,45783
8514,56465,0,0,45784
8515,56466,1,0,45745
8516,56466,0,-1,45746
8517,56468,0,0,45737
8518,56471,0,0,45779
8519,56472,1,0,45747
8520,56472,0,0,45780
8521,56474,0,0,45789
8522,56480,3,0,45785
8523,56480,2,0,45786
8524,56480,1,-1,45787
8525,56480,0,-1,45788
8526,56484,0,0,45778
8527,56486,0,0,45775
8528,56490,0,0,45766
8529,56491,0,0,45762
8530,56492,1,0,45767
8531,56492,0,0,45768
8568,56684,0,0,45844
8569,56685,0,0,45845
8570,56702,0,0,45846
8571,56710,0,0,45847
8572,56711,0,0,45848
8573,56721,1,0,45849
8574,56722,0,0,45850
8575,56735,0,0,45851
8576,56742,0,0,45852
8577,56746,0,0,45853
8578,56758,0,0,45854
8579,56763,1,0,45855
8580,56769,1,0,45856
8581,56769,0,0,45857
8582,56775,0,0,45858
8583,56781,0,0,45859
8584,56784,0,0,45860
8585,56786,0,0,45861
8586,56787,1,0,45862
8587,56794,0,0,45863
8588,56804,0,0,45864
8589,56810,0,0,45865
8590,56812,0,0,45866
8591,56814,0,0,45867
8592,56831,0,0,45868
8593,56833,0,0,45869
8594,56837,0,0,45870
8595,56838,0,0,45871
8596,56840,0,0,45872
8597,56841,0,0,45873
8598,56846,0,0,45874
8599,56847,0,0,45875
8600,56850,0,0,45876
8601,56853,0,0,45877
8602,56863,0,0,45878
8603,56865,1,0,45879
8696,57040,0,0,46052
8697,57041,2,0,45973
8698,57041,1,0,45974
8699,57041,0,0,45976
8700,57043,3,0,46048
8701,57043,2,0,46049
8702,57043,1,0,46050
8703,57043,0,-1,46051
8704,57045,1,0,46053
8705,57045,0,0,46054
8706,57048,0,0,46055
8707,57051,0,0,46064
8708,57059,0,0,45975
8709,57061,1,0,46001
8710,57061,0,-1,46002
8711,57067,0,0,46000
8712,57071,1,0,46057
8713,57071,0,0,46058
8714,57073,3,0,46059
8715,57073,2,0,46060
8716,57073,0,0,46061
8717,57075,1,0,46062
8718,57075,0,0,46063
8719,57076,0,0,46056
8720,57083,2,0,45977
8721,57083,1,0,45978
8722,57083,0,0,45979
8723,57085,0,0,46013
8724,57088,0,0,46014
8725,57089,1,0,46028
8726,57089,0,0,46029
8727,57090,1,0,46007
8728,57090,0,0,46008
8729,57092,0,0,46006
8730,57093,1,0,46011
8731,57093,0,0,46012
8732,57095,1,0,46009
8733,57095,0,0,46010
8734,57097,0,0,46015
8735,57100,0,0,46021
8736,57105,0,0,46030
8737,57114,0,0,46027
8738,57115,1,0,46022
8739,57115,0,0,46023
8740,57116,3,0,46016
8741,57116,2,0,46017
8742,57116,1,0,46018
8743,57116,0,-1,46019
8744,57119,1,0,45998
8745,57119,0,0,45999
8746,57122,1,0,45996
8747,57122,0,0,45997
8748,57126,0,0,45981
8749,57129,0,0,45982
8750,57131,0,0,45987
8751,57133,1,0,45985
8752,57133,0,-1,45986
8753,57137,0,0,45980
8754,57139,1,0,45983
8755,57139,0,0,45984
8756,57142,0,0,45989
8757,57144,0,0,45990
8758,57150,2,0,45992
8759,57150,1,-1,45993
8760,57150,0,-1,45994
8761,57162,0,0,45991
8762,57164,0,0,45988
8763,57167,1,0,46031
8764,57167,0,0,46032
8765,57171,1,0,46034
8766,57171,0,0,46035
8767,57175,0,0,46039
8768,57177,2,0,46040
8769,57177,1,0,46041
8770,57177,0,0,46042
8771,57178,1,0,46003
8772,57178,0,-1,46004
8773,57180,0,0,45995
8774,57183,0,0,46037
8775,57184,1,0,46005
8776,57184,0,0,46038
8777,57186,0,0,46047
8778,57192,3,0,46043
8779,57192,2,0,46044
8780,57192,1,-1,46045
8781,57192,0,-1,46046
8782,57196,0,0,46036
8783,57198,0,0,46033
8784,57202,0,0,46024
8785,57203,0,0,46020
8786,57204,1,0,46025
8787,57204,0,0,46026
8878,57385,0,0,46167
8879,57388,1,0,46169
8880,57388,0,0,46170
8881,57389,0,0,46171
8882,57390,0,0,46176
8883,57391,0,0,46177
8884,57392,0,0,46175
8885,57393,0,0,46172
8886,57394,2,0,46173
8887,57394,0,0,46174
8888,57397,0,0,46179
8889,57408,0,0,46188
8890,57410,0,0,46197
8891,57411,1,0,46191
8892,57411,0,0,46192
8893,57415,0,0,46195
8894,57416,1,0,46193
8895,57416,0,0,46194
8896,57417,2,0,46164
8897,57417,1,0,46165
8898,57417,0,0,46186
8899,57419,0,0,46185
8900,57420,0,0,46184
8901,57421,0,0,46182
8902,57422,0,0,46187
8903,57424,0,0,46190
8904,57426,0,0,46196
8905,57434,0,0,46189
8906,57435,1,0,46166
8907,57435,0,0,46183
8908,57442,1,0,46209
8909,57443,1,0,46214
8910,57443,0,0,46215
8911,57445,2,0,46210
8912,57447,0,0,46203
8913,57449,0,0,46178
8914,57453,0,0,46198
8915,57454,0,0,46211
8916,57455,0,0,46205
8917,57457,0,0,46204
8918,57459,2,0,46206
8919,57459,1,0,46207
8920,57459,0,0,46208
8921,57460,1,0,46199
8922,57460,0,0,46200
8923,57461,0,0,46216
8924,57462,0,0,46212
8925,57466,0,0,46201
8926,57467,0,0,46213
8927,57468,0,0,46202
8928,57480,0,0,46227
8929,57486,0,0,46218
8930,57492,0,0,46225
8931,57493,0,0,46228
8932,57494,0,0,46217
8933,57495,0,0,46181
8934,57496,0,0,46219
8935,57497,0,0,46224
8936,57499,0,0,46229
8937,57500,0,0,46223
8938,57503,1,0,46220
8939,57503,0,0,46221
8940,57505,1,0,46230
8941,57506,0,0,46222
8942,57507,0,0,46226
8943,57510,1,0,46180
8944,57510,0,0,46231
8945,57514,0,0,46251
8946,57516,1,0,46236
8947,57517,0,0,46246
8948,57519,3,0,46232
8949,57519,2,0,46233
8950,57519,1,0,46234
8951,57519,0,0,46235
8952,57520,1,0,46248
8953,57520,0,0,46249
8954,57524,0,0,46252
8955,57528,2,0,46237
8956,57528,1,0,46238
8957,57529,0,0,46247
8958,57532,1,0,46168
8959,57532,0,0,46253
8960,57533,1,0,46241
8961,57533,0,0,46242
8962,57536,0,0,46239
8963,57539,1,0,46243
8964,57539,0,0,46244
8965,57541,1,0,46250
8966,57542,0,0,46245
8967,57543,0,0,46240
9058,57719,0,0,46347
9059,57722,1,0,46349
9060,57722,0,0,46350
9061,57723,0,0,46351
9062,57724,0,0,46356
9063,57725,0,0,46357
9064,57726,0,0,46355
9065,57727,0,0,46352
9066,57728,2,0,46353
9067,57728,0,0,46354
9068,57731,0,0,46359
9069,57742,0,0,46368
9070,57744,0,0,46377
9071,57745,1,0,46371
9072,57745,0,0,46372
9073,57749,0,0,46375
9074,57750,1,0,46373
9075,57750,0,0,46374
9076,57751,2,0,46344
9077,57751,1,0,46345
9078,57751,0,0,46366
9079,57753,0,0,46365
9080,57754,0,0,46364
9081,57755,0,0,46362
9082,57756,0,0,46367
9083,57758,0,0,46370
9084,57760,0,0,46376
9085,57768,0,0,46369
9086,57769,1,0,46346
9087,57769,0,0,46363
9088,57776,1,0,46389
9089,57777,1,0,46394
9090,57777,0,0,46395
9091,57779,2,0,46390
9092,57781,0,0,46383
9093,57783,0,0,46358
9094,57787,0,0,46378
9095,57788,0,0,46391
9096,57789,0,0,46385
9097,57791,0,0,46384
9098,57793,2,0,46386
9099,57793,1,0,46387
9100,57793,0,0,46388
9101,57794,1,0,46379
9102,57794,0,0,46380
9103,57795,0,0,46396
9104,57796,0,0,46392
9105,57800,0,0,46381
9106,57801,0,0,46393
9107,57802,0,0,46382
9108,57814,0,0,46407
9109,57820,0,0,46398
9110,57826,0,0,46405
9111,57827,0,0,46408
9112,57828,0,0,46397
9113,57829,0,0,46361
9114,57830,0,0,46399
9115,57831,0,0,46404
9116,57833,0,0,46409
9117,57834,0,0,46403
9118,57837,1,0,46400
9119,57837,0,0,46401
9120,57839,1,0,46410
9121,57840,0,0,46402
9122,57841,0,0,46406
9123,57844,1,0,46360
9124,57844,0,0,46411
9125,57848,0,0,46431
9126,57850,1,0,46416
9127,57851,0,0,46426
9128,57853,3,0,46412
9129,57853,2,0,46413
9130,57853,1,0,46414
9131,57853,0,0,46415
9132,57854,1,0,46428
9133,57854,0,0,46429
9134,57858,0,0,46432
9135,57862,2,0,46417
9136,57862,1,0,46418
9137,57863,0,0,46427
9138,57866,1,0,46348
9139,57866,0,0,46433
9140,57867,1,0,46421
9141,57867,0,0,46422
9142,57870,0,0,46419
9143,57873,1,0,46423
9144,57873,0,0,46424
9145,57875,1,0,46430
9146,57876,0,0,46425
9147,57877,0,0,46420
9179,58083,1,1,46465
9180,58083,0,1,46466
9181,58083,2,1,46467
9182,58088,0,1,46468
9183,58096,0,1,46469
9184,58097,2,1,46470
9185,58097,0,1,46471
9186,58097,1,1,46472
9187,58115,0,1,46473
9188,58126,0,1,46474
9189,58149,0,1,46487
9190,58157,0,1,46488
9191,58168,0,1,46491
9192,58169,1,1,46489
9193,58169,0,1,46490
9194,58175,0,1,46492
9195,58186,1,1,46483
9196,58186,0,1,46484
9197,58194,2,1,46475
9198,58194,1,1,46481
9199,58194,0,1,46482
9200,58215,0,1,46477
9201,58226,0,1,46478
9202,58231,0,1,46480
9203,58234,0,1,46479
9204,58241,0,1,46493
9205,58242,1,1,46494
9206,58242,0,1,46495
9207,58262,2,1,46476
9208,58262,1,1,46485
9209,58262,0,1,46486
9300,58443,0,0,46589
9301,58446,1,0,46591
9302,58446,0,0,46592
9303,58447,0,0,46593
9304,58448,0,0,46598
9305,58449,0,0,46599
9306,58450,0,0,46597
9307,58451,0,0,46594
9308,58452,2,0,46595
9309,58452,0,0,46596
9310,58455,0,0,46601
9311,58466,0,0,46610
9312,58468,0,0,46619
9313,58469,1,0,46613
9314,58469,0,0,46614
9315,58473,0,0,46617
9316,58474,1,0,46615
9317,58474,0,0,46616
9318,58475,2,0,46586
9319,58475,1,0,46587
9320,58475,0,0,46608
9321,58477,0,0,46607
9322,58478,0,0,46606
9323,58479,0,0,46604
9324,58480,0,0,46609
9325,58482,0,0,46612
9326,58484,0,0,46618
9327,58492,0,0,46611
9328,58493,1,0,46588
9329,58493,0,0,46605
9330,58500,1,0,46631
9331,58501,1,0,46636
9332,58501,0,0,46637
9333,58503,2,0,46632
9334,58505,0,0,46625
9335,58507,0,0,46600
9336,58511,0,0,46620
9337,58512,0,0,46633
9338,58513,0,0,46627
9339,58515,0,0,46626
9340,58517,2,0,46628
9341,58517,1,0,46629
9342,58517,0,0,46630
9343,58518,1,0,46621
9344,58518,0,0,46622
9345,58519,0,0,46638
9346,58520,0,0,46634
9347,58524,0,0,46623
9348,58525,0,0,46635
9349,58526,0,0,46624
9350,58538,0,0,46649
9351,58544,0,0,46640
9352,58550,0,0,46647
9353,58551,0,0,46650
9354,58552,0,0,46639
9355,58553,0,0,46603
9356,58554,0,0,46641
9357,58555,0,0,46646
9358,58557,0,0,46651
9359,58558,0,0,46645
9360,58561,1,0,46642
9361,58561,0,0,46643
9362,58563,1,0,46652
9363,58564,0,0,46644
9364,58565,0,0,46648
9365,58568,1,0,46602
9366,58568,0,0,46653
9367,58572,0,0,46673
9368,58574,1,0,46658
9369,58575,0,0,46668
9370,58577,3,0,46654
9371,58577,2,0,46655
9372,58577,1,0,46656
9373,58577,0,0,46657
9374,58578,1,0,46670
9375,58578,0,0,46671
9376,58582,0,0,46674
9377,58586,2,0,46659
9378,58586,1,0,46660
9379,58587,0,0,46669
9380,58590,1,0,46590
9381,58590,0,0,46675
9382,58591,1,0,46663
9383,58591,0,0,46664
9384,58594,0,0,46661
9385,58597,1,0,46665
9386,58597,0,0,46666
9387,58599,1,0,46672
9388,58600,0,0,46667
9389,58601,0,0,46662
